Cond1,Cond2,jaccard_distance,Shared,NotShared_cond1,NotShared_cond2,Total_Genes_Cond1,Total_Genes_Cond2,Genes_Names,Percentage_Shared_Cond1,Percentage_Shared_Cond2,pvalue,p_adj
Mouse_2,Mouse_6,0.205,453,1027,728,1480,1181,"NLRP3, CXCL3, CLEC4E, TREM1, TLR2, FPR1, MARCKSL1, SLC2A6, IER3, GADD45B, CXCL10, IL1B, GPR84, DGAT2, TNFAIP2, CHI3L1, CD14, IL1RN, EHD1, RAB20, FPR2, EBI3, PIM1, TRIB1, CLEC4D, ICAM1, ASPRV1, BCL3, ALAS1, JUNB, C5AR1, HDC, GADD45G, ACTA2, PPP1R3B, MXD1, CLEC5A, ARG2, LCN2, CRISPLD2, MMP8, SCRG1, ADAM8, SAMSN1, CDC42EP2, HP, BMX, SOCS3, IFNLR1, KDM6B, PRAM1, SNX18, TRPM2, C15orf48, CPNE2, SLC15A3, MMP9, N4BP1, MAPK13, PGLYRP1, DGAT1, P2RY13, DUSP16, PBX1, OLFM4, ANKRD22, AMER2, S100A8, CLEC6A, NFE2L2, JDP2, IL1R2, MEFV, CCR1, FOSL2, CD177, S100A9, ANXA1, OSM, MGAM, ZFP36, PLK3, SGMS2, ANKRD33B, ABTB2, CD274, PYGL, MSRA, PLSCR1, MOCOS, RAB8B, G0S2, LPCAT2, HK3, CDKN2D, MAPKAPK2, NFIL3, ARID5A, C3, SLPI, SLC16A3, SBNO2, IGSF6, VMP1, PPP1R3D, CKAP4, CASP4, TIRAP, DRAM1, SFXN5, TFE3, S100A6, BST1, RHOU, S100A11, PI16, LRG1, TNFRSF9, RASGRP4, MYD88, HLX, DMXL2, FAM217B, PILRA, JUN, GLRX, SPIDR, PLAUR, CEBPB, CD300LF, MARCKS, DSTN, TFEC, ASB7, TXN, RNF149, ANKRD66, RAB32, CIB2, ELOVL6, BASP1, CD28, GNG12, GCA, ATP8B4, PRDX5, IRF1, IFITM1, FLOT1, CRLF3, FBXL5, SLC2A1, ARHGAP23, TBC1D2, PNKP, ANXA2, STAT3, CD83, XDH, GSR, RABGAP1L, XKRX, ENTPD1, CELSR3, F10, IL18RAP, TACSTD2, HLA-A, ADORA2B, ATP11A, UPP1, KLHL2, CASS4, PICALM, TBC1D2B, CPSF6, ANKS1A, GGT5, ATXN10, KLHL42, NADK, S1PR4, NCF4, ZNF318, MEX3B, PLEKHO2, MSRB1, FKBPL, VCAN, CSF3R, ATP6V1E1, ATP6V0A1, NDEL1, RRAS2, ANXA11, FGR, TDRP, RGS2, HCK, FLOT2, MZB1, SNX8, ACOT2, MAFG, LIMA1, SESN1, SLC25A53, CD1D, CBX7, GIMAP5, CHST11, ZBTB14, PXN, HDAC10, FABP5, ZNF287, CD19, CMIP, RIN2, SRPK3, PSTPIP2, PTPN1, DHX57, TGM2, SEMA4A, ALDH6A1, LONRF1, MCAM, CTNNBIP1, SIGLEC8, UPF3B, TNFRSF1A, SLC39A1, RECK, TRIM35, TPD52, FOXD4L1, MTUS1, LNX2, ATP6V0C, GLIPR2, TIMP1, LCP1, IRF4, PPCDC, GPR174, GCNT2, KLHL14, HAAO, RTP4, LCP2, CERS6, SIGLEC10, GALC, SIDT1, RASGRP3, IL18BP, APP, TECPR1, EIF1AY, NCF2, ITGAM, SLC35A5, CCR3, ANXA3, LGALS3, IRGM, LTB4R, KMO, FCRL1, ALDH3B1, THBD, AMDHD2, C5orf34, POR, TRIM7, KIAA0513, CD69, CDKN1A, UGT1A3, UGT1A4, UGT1A8, H1F0, IVD, RORA, G6PD, GLCCI1, ITPR3, CSF2RA, PLD1, NPEPPS, CARNS1, TYROBP, HMOX1, PGS1, BLNK, RAP2C, FANCB, BLK, HLA-DOB, ABHD14B, TNK2, OSTF1, RAB31, ZCCHC24, TSC22D3, HRH2, MAP3K11, B4GALT3, BCL6, IL15, GPR68, PROK2, RAPGEF4, IRF9, C22orf39, STEAP4, NFATC2IP, RGCC, TLR6, JMY, GIMAP8, RFX7, TGFB2, SOCS2, KCNQ5, PGD, NAMPT, LANCL1, PPARD, IFNAR1, NFE2, TNFRSF1B, ATP6V1A, PGAP1, KIF21B, NOD1, RHOBTB1, EHD3, C1orf162, EBF1, FCER2, SOAT1, CXCL9, WDFY3, NLRP12, RALGPS2, SESN3, NXPE3, PPAT, CR2, SNRNP48, PAIP2B, OGFRL1, FFAR2, CCR7, WDHD1, ZNHIT1, SYCP2, RHOG, APOBR, FCHO1, WEE1, TLR4, IKZF3, CFP, FNDC3B, VKORC1, NFAM1, ATRIP, SCD, GRAP, IFNGR2, RBMS1, POFUT2, ATG3, C19orf12, HAUS3, HEPACAM2, IFIT1B, PDCD4, FURIN, FCHSD2, RBM47, TGM1, MVP, RAB30, SOX4, PRKD2, MAN1A1, GAB2, HNRNPH3, ETS1, ABHD6, PALM, ZFAND1, USP18, TUFT1, CCR5, FNIP2, CHD6, FCGR2A, N4BP2, ST6GAL1, ALOX15, AKTIP, STAB1, TIMD4, GPR35, ZW10, UBTD1, DENND5B, FUT4, SLC25A24, MKS1, JAKMIP1, KBTBD7, ZFAND5, SRGN, PANK1, TBC1D10C, FOXP1, CXCR4, ARF1, RAB7A, GZMB, MSR1, VILL, SOS2, DNA2, DGKA, IL1RAP, HVCN1, LMAN2L, KLHL24, ENOPH1, BBS9, ID1, FCER1G, MAN2A2, TRAF3IP1, BIN3, LRBA, FAM120C, CARD6, CA3, CCNYL1, CXCR5, ADPRH, CENPB, RRM2B, SLC35F5, DCXR",30.61,38.36,7.440194963384151e-267,2.9760779853536604e-266
Mouse_2,Mouse_12,0.285,690,790,941,1480,1631,"CXCL3, CLEC4E, TREM1, TLR2, FPR1, MARCKSL1, SLC2A6, IER3, IL1B, DGAT2, TNFAIP2, CHI3L1, CD14, IL1RN, EHD1, RAB20, FPR2, PIM1, TRIB1, CLEC4D, ASPRV1, BCL3, ALAS1, JUNB, C5AR1, HDC, GADD45G, ACTA2, PPP1R3B, MXD1, CLEC5A, ARG2, LCN2, CRISPLD2, MMP8, SCRG1, ADAM8, CDC42EP2, HP, BMX, SOCS3, IFNLR1, KDM6B, PRAM1, SNX18, TRPM2, C15orf48, CPNE2, SLC15A3, MMP9, N4BP1, RND1, MAPK13, PGLYRP1, DGAT1, P2RY13, DUSP16, PBX1, OLFM4, ANKRD22, S100A8, CLEC6A, NFE2L2, JDP2, IL1R2, MEFV, CCR1, FOSL2, CD177, S100A9, ANXA1, OSM, MGAM, ANKRD33B, TNFSF13B, ABTB2, PYGL, MSRA, PLSCR1, MOCOS, ARRDC4, G0S2, LPCAT2, HK3, CDKN2D, RHEBL1, MAPKAPK2, NFIL3, SLPI, CCL4, SLC16A3, AGAP1, SBNO2, CKS2, IGSF6, VMP1, PPP1R3D, CASP4, TIRAP, DRAM1, SFXN5, TFE3, S100A6, BST1, RHOU, S100A11, PI16, LRG1, TNFRSF9, BIRC3, RASGRP4, MYD88, HLX, DMXL2, RAB3D, FAM217B, PILRA, GLRX, HNMT, SNX10, SPIDR, PLAUR, CEBPB, CD300LF, MARCKS, DSTN, ASB7, CTSO, DAB2IP, LIN28A, LIN28AP1, TXN, RNF149, ANKRD66, RAB32, CIB2, BASP1, CD28, GNG12, ATP8B4, PRDX5, ZFHX3, IFITM1, XCL1, FLOT1, CRLF3, EIF2AK3, DPH6, FBXL5, SLC2A1, ARHGAP23, TBC1D2, PNKP, ANXA2, SLC35A1, MEGF9, CD83, XDH, PHACTR2, GSR, RABGAP1L, XKRX, ENTPD1, F10, IL18RAP, TACSTD2, ATG9A, HLA-A, ATP11A, UPP1, KLHL2, CASS4, PICALM, TBC1D2B, CPSF6, ANKS1A, MFSD6, TXNDC5, GGT5, ATXN10, ACSS1, VAMP1, KLHL42, S1PR4, ZNF318, MEX3B, PLEKHO2, PURA, MSRB1, FKBPL, VCAN, CSF3R, ATP6V1E1, ATP6V0A1, RRAS2, FGR, TDRP, NEIL1, CASP2, HCK, FLOT2, MZB1, SNX8, ANKMY2, ACOT2, MAFG, SESN1, STK40, SLAMF6, SLC25A53, CD1D, CDAN1, CBX7, GIMAP5, CHST11, LIMD1, DENND6A, CLCF1, GCH1, SERPINB9, UTP20, ZBTB14, PXN, PDE7A, HDAC10, FAM78A, FABP5, ZNF287, CD19, CAPN1, CMIP, SRPK3, DHX57, TGM2, SEMA4A, IMPACT, ALDH6A1, LONRF1, LHX1, CTNNBIP1, TRAF3IP3, SIGLEC8, ZNF367, ZNF512, UPF3B, INTS4, TNFRSF1A, CD79B, RHOC, DDT, RECK, TRIM35, UTP6, TPD52, FOXD4L1, MTUS1, LAX1, LNX2, TRMT1, ARGLU1, SRSF6, ATP6V0C, GLIPR2, GALNT3, IRF4, C2CD5, SLC22A5, DDHD2, POFUT1, PPCDC, GPR174, CIITA, GABPB2, GCNT2, MEF2D, KLHL14, HAAO, INPP5F, RTP4, POU6F1, DBP, PRR13, UNC119B, MFNG, CERS6, S1PR5, SNAPC4, PGRMC1, CD27, SIGLEC10, GALC, SIDT1, RASGRP3, IL18BP, APP, TECPR1, FGD4, PHYKPL, PIGP, ITGAM, ST8SIA4, SLC35A5, CCR3, IRGQ, ACE, SLC38A1, ANXA3, MRPS26, LGALS3, HLA-DOA, EAF2, STOML1, LTB4R, TNFRSF17, KMO, ABL2, FCRL1, ALDH3B1, THBD, TRMT2A, RAB3GAP1, AMDHD2, C5orf34, POR, TRIM7, KIAA0513, CD69, ABCA1, TNFRSF13B, SLC50A1, SLC38A9, NR1D2, HLA-DRB1, RBM3, AASDH, UGT1A3, UGT1A4, UGT1A8, MBTPS1, LDB1, TMEM106B, IVD, RORA, G6PD, GNG2, GLCCI1, ITPR3, REV1, CSF2RA, PLD1, NPEPPS, CARNS1, SNX9, TYROBP, HMOX1, SCNN1A, ANGEL2, BANK1, BLNK, FANCB, MAPK12, BLK, PARN, ZZZ3, ZNF260, MANEA, HLA-DOB, TCAIM, C16orf87, DEXI, ABHD14B, SLC4A7, GPR183, TNK2, NAA30, PRF1, MAN2C1, RAB31, TNFRSF13C, TRIM44, GGACT, AP3M2, AKAP8, TSC22D3, ANKRD54, SLC1A5, ZCCHC10, STK11IP, HRH2, GPALPP1, TRIT1, IL15, HLA-DQA1, PUS7, DHX30, DDX46, PROK2, HLA-DQB1, RAPGEF4, RERE, NAP1L1, C22orf39, BCL7A, STEAP4, PTCD3, NFATC2IP, RGCC, CC2D1B, ICAM2, CCDC134, TLR6, SMAD7, NUP85, BCAR3, CYP2R1, SCAP, FAM118A, JMY, GIMAP8, RFX7, TRUB1, ARID3A, FASTKD2, NAMPT, LANCL1, MTX3, KANSL2, COX11, NFE2, TNFRSF1B, PRRC1, ATP6V1A, PGAP1, KIF21B, ZNF280B, DPM3, DPP4, SNX30, KCNN4, LUC7L3, RHOBTB1, EHD3, PDE4B, C1orf162, EBF1, PDCD7, INTS7, GIMAP6, FCER2, SOAT1, ZNF12, DNAJC9, BRD3, WDFY3, NLRP12, RPAP1, RALGPS2, SESN3, NXPE3, PPAT, TBXA2R, TMEM163, CR2, SNRNP48, MTF2, OGFRL1, MKRN2, STT3B, B4GALNT1, FFAR2, THAP3, CCR7, WDHD1, LSM4, E2F5, TIA1, MMAA, ZNHIT1, SYCP2, SMUG1, MLH1, RHOG, MBLAC2, SWAP70, PTPRCAP, ARMC10, APPL2, AASDHPPT, ZDHHC17, CSNK1G3, FCHO1, TLR4, IKZF3, BRD8, FNDC3B, NFAM1, AP1G2, MPPE1, SCD, ZNF639, GRAP, COL8A2, ZKSCAN8, SNX25, BRMS1L, FKBP3, BCKDHB, POFUT2, C19orf12, TCF3, CD74, WDR6, TNRC6A, SMC6, DTX1, ZNF672, HEPACAM2, IFIT1B, PDCD4, EIF4B, PER1, TMEM42, METAP1D, FCHSD2, COIL, PARP1, TGM1, MVP, RAB30, DUS3L, COG5, SOX4, PRKACB, CD79A, RFTN1, YLPM1, CPM, PRKD2, MAN1A1, GAB2, HNRNPH3, GANC, RALGDS, ETS1, ABHD6, USP36, ZBTB4, PALM, ZFAND1, WDR12, PCGF6, IVNS1ABP, NFRKB, PCDH9, USP18, TARS2, GSAP, CHURC1, FNTB, RBM41, ZMYM6, CCR5, EPM2AIP1, FNIP2, TTLL4, AP1S3, CHD6, WRNIP1, HERC3, GPR155, ALKBH1, CIRBP, FCGR2A, ARPC5L, USP10, TRMT6, TAF1C, LCLAT1, N4BP2, GTF2IRD2, ST6GAL1, WIPI2, ALOX15, BACH2, CNOT6L, AKTIP, PANK4, NOL7, TIMD4, RAB6A, GPR35, PTN, GGA2, BOD1, ZW10, THAP2, TSC1, UBTD1, SPNS2, DENND5B, SPIB, UBR2, PPCS, SLC25A24, FBXL4, PTPN22, CXXC5, MKS1, TMEM108, SORT1, GIMAP1, JAKMIP1, TRPM7, ZFAND5, RFC1, NUCKS1, PANK1, TBC1D10C, SEH1L, FOXP1, THOC1, ATXN7, MAP4K1, GIGYF1, ARHGAP12, KIF3B, CXCR4, AKAP11, CDK19, INIP, MS4A1, ARF1, GZMB, GMCL1, CD72, VILL, LPCAT1, TTPAL, RPL10A, TGFBR2, CSE1L, PIKFYVE, RDM1, GPD1L, DGKA, SYNJ2BP, TEF, ILF3, PDS5B, TWSG1, IL1RAP, HDAC7, HVCN1, LMAN2L, RIF1, ELK4, ANKRD16, RTEL1, KLHL24, ID1, CNOT10, ZMYM2, FCER1G, AP4B1, MAN2A2, RECQL5, N4BP2L1, THY1, RPL22L1, KDSR, TRAF3IP1, CD5, GPN3, LRBA, DDB2, FAM120C, CARD6, ZNF777, CREBRF, RPSA, RNF145, CA3, CXCR5, UHRF2, CHKB, RRM2B, MRS2, ANAPC7, SLC35F5, ZSCAN25",46.62,42.31,1.5254187916229675e-220,4.576256374868903e-220
Mouse_2,Mouse_24,0.129,281,1199,705,1480,986,"CLEC4E, TREM1, FPR1, CHI3L1, EHD1, FPR2, PIM1, C5AR1, MXD1, LCN2, HP, PRAM1, MAPK13, NFKBIA, RHEBL1, C3, SLC16A3, SFXN5, PI16, LRG1, TNFRSF9, BIRC3, CTSO, DAB2IP, CD28, GNG12, IFITM1, CRLF3, EIF2AK3, TBC1D2, SLC35A1, RABGAP1L, XKRX, ATG9A, IL6, CPSF6, ANKS1A, ACSS1, VAMP1, KLHL42, S1PR4, ZNF318, MEX3B, PURA, RRAS2, TDRP, NEIL1, MZB1, SNX8, ACOT2, MAFG, SESN1, SLAMF6, SLC25A53, CDAN1, CBX7, GIMAP5, CLCF1, GCH1, ZBTB14, PDE7A, HDAC10, FAM78A, ZNF287, CD19, SRPK3, DHX57, IMPACT, LONRF1, LHX1, TRAF3IP3, UPF3B, INTS4, CD79B, TRIM35, FOXD4L1, LAX1, LNX2, ARGLU1, ATP6V0C, TINAGL1, IRF4, SLC22A5, DDHD2, POFUT1, PPCDC, GPR174, GABPB2, HAAO, UNC119B, NLRC3, SIGLEC10, SIDT1, TECPR1, PIGP, CCR3, IRGQ, ACE, HLA-DOA, EAF2, STOML1, TNFRSF17, KMO, ABL2, FCRL1, TRMT2A, RAB3GAP1, AMDHD2, C5orf34, TRIM7, CD69, HLA-DRB1, AASDH, MBTPS1, LDB1, TMEM106B, IVD, GLCCI1, ITPR3, CARNS1, ANGEL2, BLNK, FANCB, BLK, ZZZ3, ZNF260, HLA-DOB, UBFD1, SLC4A7, RGS14, GPR183, TRIM44, AP3M2, AKAP8, TSC22D3, ANKRD54, SLC1A5, STK11IP, GPALPP1, TRIT1, PUS7, DHX30, DDX46, RAPGEF4, RERE, STEAP4, PTCD3, CC2D1B, ICAM2, CCDC134, SMAD7, CYP2R1, SCAP, FAM118A, JMY, GIMAP8, RFX7, TRUB1, PARP11, FASTKD2, MTX3, PGAP1, KIF21B, LUC7L3, RHOBTB1, DESI2, PDCD7, GIMAP6, RALGPS2, SESN3, NXPE3, PPAT, TBXA2R, SNRNP48, STT3B, CCR7, WDHD1, NUP155, CHCHD4, MBLAC2, APPL2, ZDHHC17, CSNK1G3, FCHO1, BRD8, AP1G2, MPPE1, ZNF639, GRAP, BCKDHB, CD74, TNRC6A, HEPACAM2, IFIT1B, PDCD4, PER1, TMEM42, FCHSD2, COIL, TGM1, SFTPB, PRKACB, RFTN1, PRKD2, MAN1A1, HNRNPH3, TRMT10C, ETS1, USP36, ZFAND1, PCGF6, NFRKB, ZMYM6, EPM2AIP1, FNIP2, TTLL4, COLGALT1, ALKBH1, GALM, TRMT6, SCYL2, N4BP2, ATRN, ST6GAL1, BACH2, CNOT6L, AKTIP, STAB1, TIMD4, RAB6A, ZW10, THAP2, UBTD1, LYRM4, DENND5B, LAMA5, UBR2, AP4E1, FBXL4, PTPN22, CKS1B, MKS1, OTUD4, GIMAP1, ZFAND5, TBC1D10C, SEH1L, FOXP1, MAP4K1, GIGYF1, ARHGAP12, CXCR4, INIP, GMCL1, CD72, TCEA2, TTPAL, RPL10A, TGFBR2, ZFP36L2, DGKA, SYNJ2BP, CANT1, ILF3, PDS5B, ELK4, ANKRD16, ZMYM2, AP4B1, MAN2A2, TRAF3IP1, CD5, PNN, DDB2, CARD6, CREBRF, RPSA, CXCR5, CHKB, HUS1, RRM2B",18.99,28.5,0,0
Mouse_2,Human_24,0.104,641,839,4675,1480,5316,"TNFAIP3, CCRL2, NLRP3, CXCL3, CLEC4E, TLR2, ETS2, FPR1, MARCKSL1, SLC2A6, IER3, GADD45B, CXCL10, IL1B, TNF, CAMP, CHI3L1, CD14, IL1RN, EHD1, RAB20, PIM1, PTGS2, TRIB1, ICAM1, BCL3, ALAS1, C5AR1, HDC, GADD45G, ACTA2, CLEC5A, FAS, MMP8, ADAM8, SAMSN1, HP, BMX, SOCS3, KDM6B, TRPM2, SLC15A3, NFKBIE, MMP9, N4BP1, RELB, BATF, MAPK13, PGLYRP1, PBX1, NFKBIA, S100A8, IL1R2, FOSL2, CD177, S100A9, ANXA1, MGAM, PYGL, DHRS7, MSRA, PLSCR1, RAB8B, PADI4, G0S2, HK3, MAPKAPK2, NCF1, NFIL3, ARID5A, C3, SLPI, AGAP1, SBNO2, CKS2, IGSF6, PPP1R3D, CKAP4, CASP4, DRAM1, S100A6, BST1, RGS1, S100A11, KCTD7, RABGEF1, MYD88, HLX, RAB3D, PHLDA1, JUN, KLF5, NFKBIB, GLRX, HNMT, SPIDR, PLAUR, CEBPB, DSTN, TFEC, ASB7, CTSO, CDC42EP4, APH1B, LIN28A, TXN, RAB32, HPGD, ELOVL6, BASP1, INHBA, CD28, DMWD, IRF1, TRAF1, IRAK3, IFITM1, XCL1, FLOT1, CRLF3, SOCS1, EIF2AK3, FBXL5, SLC2A1, TIMP2, TBC1D2, GSR, RABGAP1L, RHBDF2, ENTPD1, CELSR3, F10, IL18RAP, ADORA2B, UPP1, CASS4, SNAI1, PLP2, TBC1D2B, CPSF6, TAF7, MFSD6, TXNDC5, GGT5, ATXN10, VAMP1, VASP, S1PR4, NCF4, ZNF318, PLEKHO2, PURA, MSRB1, FKBPL, MCTP2, ATP6V1E1, ATP6V0A1, METTL9, RRAS2, FGR, HCK, FLOT2, PRKD3, ACOT2, MAFG, LIMA1, SESN1, TLE3, CBX7, TNFAIP6, GIMAP5, HHEX, CHST11, MCCC2, GCH1, SERPINB9, UTP20, ZBTB14, LYL1, PXN, FABP5, ZNF281, CD19, THAP11, PSTPIP2, ITGA4, PTPN1, DHX57, PCYOX1, SEMA4A, SOD2, ITPKC, IMPACT, TGIF2, ALDH6A1, LHX1, CTNNBIP1, TRAF3IP3, SIGLEC8, F3, FOXN2, TNFRSF1A, CD79B, DDT, RECK, TPD52, MTUS1, LAX1, POLG2, EXTL2, SRSF6, RNF144A, ATP6V0C, SERPINB2, RNF141, TIMP1, GALNT3, LCP1, IRF4, DDX18, C2CD5, DDHD2, AHCY, GCNT2, MEF2D, HAAO, ATMIN, BCL2, INPP5F, RTP4, POU6F1, DBP, PRR13, UNC119B, MFNG, HAUS4, HLA-DMA, S1PR5, PGRMC1, DVL2, CD27, GATA3, SIDT1, RASGRP3, CYB5R4, APP, CABIN1, NCF2, ITGAM, CRYL1, DAG1, CXCR3, CCR3, SLC38A1, ANXA3, EAF2, STOML1, LTB4R, PPP1R8, KMO, CD48, RAB3GAP1, POR, KIAA0513, TRPS1, CPD, CISD1, NR1D2, HLA-DRB1, RBM3, MRPL49, MBTPS1, LDB1, PPARG, IVD, RORA, LMNB1, ITPR3, REV1, CSF2RA, MED24, TYROBP, SCNN1A, ANGEL2, PGS1, BANK1, BLNK, MAPK12, BLK, NAB1, PARN, TTF2, ZZZ3, BCAP29, HLA-DOB, WDR3, DEXI, UBFD1, TMCC1, SAMD4B, GPR183, CARD10, OSTF1, PRF1, KDM3A, MAN2C1, RAB31, TRIM44, AP3M2, MCM7, AKAP8, WDR11, TAF5L, TSC22D3, SLC1A5, GPI, HRH2, MAP3K11, COQ4, B4GALT3, KLHL22, TRIT1, NSMCE4A, BCL6, CDC14B, SIT1, PUS7, PATZ1, DHX30, NBR1, DDX46, HLA-DQB1, VGLL4, FRAT2, IMP3, RAPGEF4, NAP1L1, IRF9, RPA1, BCL7A, PTCD3, ADCY7, FLCN, NFATC2IP, XRCC5, ICAM2, CCDC134, TLR6, SMAD7, SIX1, PARP2, MXD4, PARP11, ARID3A, TLR1, SOCS2, QDPR, PGD, PCGF1, HAUS5, LANCL1, TEP1, PPARD, KANSL2, COX11, IFNAR1, NFE2, DUSP2, PRRC1, ATP6V1A, DPP4, EHD3, ILVBL, PSMG2, GIMAP6, CXCL9, SKIL, DNAJC9, BRD3, WDFY3, NCOA3, RPAP1, NXPE3, SCARB2, PPAT, LBH, TRIM27, CR2, SCO2, TYMP, CD320, PAIP2B, MCM6, MKRN2, SEMA4D, TUBB, SPG7, FFAR2, CARS2, THAP3, CCR7, NAT10, NUP155, SLC31A1, SNX5, E2F5, TOB2, KCTD2, ZNHIT1, SYCP2, SMUG1, NME8, RHOG, RAB27A, SWAP70, PTPRCAP, APPL2, CROT, AASDHPPT, WEE1, ZC3H12A, SLC36A1, FNDC3B, CHD1L, MOGS, GOLIM4, ANKRD10, CEP192, IFNGR2, RBMS1, BCKDHB, POFUT2, METTL17, ATG3, CREM, ID3, TCF3, CD74, AQP9, WDR6, CCDC6, GADD45GIP1, SGPP1, KLF3, PDCD4, EIF4B, SETD6, EVL, FCHSD2, CDKN1B, PEBP1, FAM53B, PARP1, TGM1, MVP, DKC1, HADH, SOX4, CD79A, RFTN1, YLPM1, TLR5, HNRNPH3, RALGDS, GNE, ETS1, ABHD6, MUC1, USP36, FABP4, TGIF1, SUMO3, TIMM9, CNBP, ZFAND1, NFRKB, DDB1, EXTL3, MLLT11, DHX35, PLK2, RBM41, ZMYM6, LIG4, CCR5, SFXN3, TOPBP1, RCAN3, POP5, COLGALT1, DUSP7, SERPING1, LDOC1, SUOX, TFB2M, CIRBP, FCGR2A, GPR65, CBR4, SF3A1, EMC1, LCMT2, ATRN, ST6GAL1, WIPI2, ASS1, BACH2, SF3B3, PANK4, STAB1, TSPAN4, DNAJA3, RAB6A, LPIN1, GGA2, SAP130, ZW10, TSC1, UBTD1, LYRM4, FUT4, PTPN4, SPIB, ARHGAP17, PTBP1, UBR2, PPCS, KLF2, DOCK10, TSN, BAHD1, GTF3C4, CKS1B, ANAPC1, BABAM1, CDC16, NEU2, EGFL8, MED7, DDRGK1, ACTR8, SORT1, OTUD4, SLAMF7, FOXN3, ZFAND5, SRGN, RFC1, COASY, NUCKS1, BAZ2A, MRPS16, NPRL2, SEH1L, EEF2, THOC1, GDPD3, MAP4K1, ABL1, TRIM28, SSRP1, CXCR4, AKAP11, MAN1A2, TTC4, MS4A1, CDK1, TANK, ARF1, RAB7A, BTF3, STX17, GMCL1, MSR1, EI24, CD72, MAK16, CXorf38, TCEA2, TIMELESS, SCAF8, PTCH1, MCM3, RNF126, TTPAL, QRSL1, RPL10A, RAE1, PPDPF, SMARCC2, CSE1L, ZBTB1, ZFP36L2, PIKFYVE, GPD1L, DGKA, SYNJ2BP, PAPSS1, GRM5, SLC25A15, ILF3, SLC30A5, PGRMC2, WDR41, DENND3, LMAN2L, NFS1, SUCLG1, MTA1, ZMIZ2, ENOPH1, BBS9, CLN6, ZMYM2, EIF3M, NAA40, FCER1G, P2RX7, RASGRP1, N4BP2L1, ZNF23, IMPA2, NFKB2, HNRNPH2, SHARPIN, CD5, NDUFS3, BIN3, LRBA, DGCR8, DDB2, ALDH9A1, FUT9, PIK3R4, RPSA, ANO10, CXCR5, ADPRH, UBASH3A, HUS1, MRS2",43.31,12.06,0,0
Mouse_6,Mouse_2,0.205,453,1027,728,1480,1181,"NLRP3, CXCL3, CLEC4E, TREM1, TLR2, FPR1, MARCKSL1, SLC2A6, IER3, GADD45B, CXCL10, IL1B, GPR84, DGAT2, TNFAIP2, CHI3L1, CD14, IL1RN, EHD1, RAB20, FPR2, EBI3, PIM1, TRIB1, CLEC4D, ICAM1, ASPRV1, BCL3, ALAS1, JUNB, C5AR1, HDC, GADD45G, ACTA2, PPP1R3B, MXD1, CLEC5A, ARG2, LCN2, CRISPLD2, MMP8, SCRG1, ADAM8, SAMSN1, CDC42EP2, HP, BMX, SOCS3, IFNLR1, KDM6B, PRAM1, SNX18, TRPM2, C15orf48, CPNE2, SLC15A3, MMP9, N4BP1, MAPK13, PGLYRP1, DGAT1, P2RY13, DUSP16, PBX1, OLFM4, ANKRD22, AMER2, S100A8, CLEC6A, NFE2L2, JDP2, IL1R2, MEFV, CCR1, FOSL2, CD177, S100A9, ANXA1, OSM, MGAM, ZFP36, PLK3, SGMS2, ANKRD33B, ABTB2, CD274, PYGL, MSRA, PLSCR1, MOCOS, RAB8B, G0S2, LPCAT2, HK3, CDKN2D, MAPKAPK2, NFIL3, ARID5A, C3, SLPI, SLC16A3, SBNO2, IGSF6, VMP1, PPP1R3D, CKAP4, CASP4, TIRAP, DRAM1, SFXN5, TFE3, S100A6, BST1, RHOU, S100A11, PI16, LRG1, TNFRSF9, RASGRP4, MYD88, HLX, DMXL2, FAM217B, PILRA, JUN, GLRX, SPIDR, PLAUR, CEBPB, CD300LF, MARCKS, DSTN, TFEC, ASB7, TXN, RNF149, ANKRD66, RAB32, CIB2, ELOVL6, BASP1, CD28, GNG12, GCA, ATP8B4, PRDX5, IRF1, IFITM1, FLOT1, CRLF3, FBXL5, SLC2A1, ARHGAP23, TBC1D2, PNKP, ANXA2, STAT3, CD83, XDH, GSR, RABGAP1L, XKRX, ENTPD1, CELSR3, F10, IL18RAP, TACSTD2, HLA-A, ADORA2B, ATP11A, UPP1, KLHL2, CASS4, PICALM, TBC1D2B, CPSF6, ANKS1A, GGT5, ATXN10, KLHL42, NADK, S1PR4, NCF4, ZNF318, MEX3B, PLEKHO2, MSRB1, FKBPL, VCAN, CSF3R, ATP6V1E1, ATP6V0A1, NDEL1, RRAS2, ANXA11, FGR, TDRP, RGS2, HCK, FLOT2, MZB1, SNX8, ACOT2, MAFG, LIMA1, SESN1, SLC25A53, CD1D, CBX7, GIMAP5, CHST11, ZBTB14, PXN, HDAC10, FABP5, ZNF287, CD19, CMIP, RIN2, SRPK3, PSTPIP2, PTPN1, DHX57, TGM2, SEMA4A, ALDH6A1, LONRF1, MCAM, CTNNBIP1, SIGLEC8, UPF3B, TNFRSF1A, SLC39A1, RECK, TRIM35, TPD52, FOXD4L1, MTUS1, LNX2, ATP6V0C, GLIPR2, TIMP1, LCP1, IRF4, PPCDC, GPR174, GCNT2, KLHL14, HAAO, RTP4, LCP2, CERS6, SIGLEC10, GALC, SIDT1, RASGRP3, IL18BP, APP, TECPR1, EIF1AY, NCF2, ITGAM, SLC35A5, CCR3, ANXA3, LGALS3, IRGM, LTB4R, KMO, FCRL1, ALDH3B1, THBD, AMDHD2, C5orf34, POR, TRIM7, KIAA0513, CD69, CDKN1A, UGT1A3, UGT1A4, UGT1A8, H1F0, IVD, RORA, G6PD, GLCCI1, ITPR3, CSF2RA, PLD1, NPEPPS, CARNS1, TYROBP, HMOX1, PGS1, BLNK, RAP2C, FANCB, BLK, HLA-DOB, ABHD14B, TNK2, OSTF1, RAB31, ZCCHC24, TSC22D3, HRH2, MAP3K11, B4GALT3, BCL6, IL15, GPR68, PROK2, RAPGEF4, IRF9, C22orf39, STEAP4, NFATC2IP, RGCC, TLR6, JMY, GIMAP8, RFX7, TGFB2, SOCS2, KCNQ5, PGD, NAMPT, LANCL1, PPARD, IFNAR1, NFE2, TNFRSF1B, ATP6V1A, PGAP1, KIF21B, NOD1, RHOBTB1, EHD3, C1orf162, EBF1, FCER2, SOAT1, CXCL9, WDFY3, NLRP12, RALGPS2, SESN3, NXPE3, PPAT, CR2, SNRNP48, PAIP2B, OGFRL1, FFAR2, CCR7, WDHD1, ZNHIT1, SYCP2, RHOG, APOBR, FCHO1, WEE1, TLR4, IKZF3, CFP, FNDC3B, VKORC1, NFAM1, ATRIP, SCD, GRAP, IFNGR2, RBMS1, POFUT2, ATG3, C19orf12, HAUS3, HEPACAM2, IFIT1B, PDCD4, FURIN, FCHSD2, RBM47, TGM1, MVP, RAB30, SOX4, PRKD2, MAN1A1, GAB2, HNRNPH3, ETS1, ABHD6, PALM, ZFAND1, USP18, TUFT1, CCR5, FNIP2, CHD6, FCGR2A, N4BP2, ST6GAL1, ALOX15, AKTIP, STAB1, TIMD4, GPR35, ZW10, UBTD1, DENND5B, FUT4, SLC25A24, MKS1, JAKMIP1, KBTBD7, ZFAND5, SRGN, PANK1, TBC1D10C, FOXP1, CXCR4, ARF1, RAB7A, GZMB, MSR1, VILL, SOS2, DNA2, DGKA, IL1RAP, HVCN1, LMAN2L, KLHL24, ENOPH1, BBS9, ID1, FCER1G, MAN2A2, TRAF3IP1, BIN3, LRBA, FAM120C, CARD6, CA3, CCNYL1, CXCR5, ADPRH, CENPB, RRM2B, SLC35F5, DCXR",30.61,38.36,7.440194963384151e-267,2.9760779853536604e-266
Mouse_6,Mouse_12,0.281,616,565,1015,1181,1631,"MARCKSL1, IFITM1, CHI3L1, IER3, LCN2, HP, FPR2, LRG1, FABP5, IL1RAP, STEAP4, SOCS3, IGFBP6, C5AR1, GLRX, TREM1, CCR1, PPP1R3B, ARG2, CLEC4E, CD14, IL1B, CD300LF, MMP14, S100A8, FPR1, UPP1, S100A9, BST1, IL1R2, CDKN2D, SFXN5, HDC, PRAM1, FOXD4L1, PPP1R3D, MMP8, IL1RN, TGM1, VCAN, OLFM4, C15orf48, PROK2, ANXA2, GPR160, NLRP12, IL13RA1, LTB4R, TLR2, ID1, SYCP2, FNDC3B, MEFV, APP, PLSCR1, DMXL2, P2RY13, CBR3, MARCKS, ADAP2, RGS3, GGT5, TRIB1, GNG12, ANXA1, ZBTB42, TGFBI, CLEC4D, GCNT2, LONRF1, FAM217B, SLC15A3, FLOT1, ATP6V0C, ACP2, ASPRV1, RASGRP4, CSF3R, MYD88, TNFRSF9, PILRA, CSTB, ALAS1, FLOT2, PLD1, PRDX5, TXN, SLC7A7, CEBPB, ATP6V0A1, RNPEP, TLR6, RABGAP1L, SLC7A8, MS4A6A, NFIL3, VMP1, IL18BP, ANKRD66, RAB31, BASP1, MSRB1, PLA2G4A, ATRNL1, FBXL5, NR1H3, TNFAIP2, TLR4, CMKLR1, FGR, SNX18, CASP4, LTBR, ZNHIT1, S100A6, SLC2A1, TPD52, SLC11A1, MVP, RAB20, HLA-A, ADAM8, EIF4EBP1, HRH2, CXCL3, FFAR2, RTP4, AOAH, P2RY6, ACTA2, LPCAT2, ENTPD3, HMOX1, ZBP1, GSR, LGALS3, PYGL, ZFAND5, CTBP2, KCNK6, ARF1, ATP11A, SLC35F5, AIF1, RAB32, IL15, AMDHD2, CPNE2, ANKS1A, SCRG1, G6PD, SIGLEC8, MAPK13, EFHD2, CLEC5A, MAFB, CLEC6A, HLX, RNF149, ASB7, SLPI, TNFRSF1A, TMEM51, GADD45G, SPIC, MXD1, BAK1, BAK1P1, PLA2G15, CD177, TIFAB, LAIR1, FCER1G, ZNF703, HCK, CFB, SEMA4A, PLA2G7, EMILIN2, MOCOS, IFITM2, OAS2, C10orf105, MIDN, XDH, FAM114A1, SOAT2, ABTB2, SOAT1, ATP6V1E1, OSM, NKIRAS2, MGAM, NAAA, GNGT2, FCGR3A, MAP4K2, PLEKHO2, FOSL2, CCR5, CRLF3, ADAP1, LY96, SIRPA, CNIH4, DGAT1, C19orf12, ITGAM, FCGR1A, FCGR1B, MMP9, ANKRD33B, PARP12, ANXA3, F10, RHOBTB1, TIMD4, SAP30, PLAUR, CD68, SLC2A6, RRAS2, CLN8, ATP6V1A, TIRAP, TSPO, DHX58, FCGR2A, SLC16A3, CD69, ZNF318, PGAP1, OGT, DBI, EHBP1L1, IL10RB, GLIPR2, CERS6, XBP1, NFAM1, TGM2, NFE2L2, PGLYRP1, PBX1, MS4A7, JUNB, SBNO2, CALR, BCL3, CMIP, CSF2RA, POFUT2, TACSTD2, CDC42EP2, GALC, SLC25A24, TNK2, MRPL20, S100A11, PFKFB4, RHOU, CHST11, IL7R, PIM1, ATXN10, FNIP2, METRNL, SULF2, PRTN3, CIB2, HK3, HK2, BATF3, PPCDC, BACH1, BACH1-IT1, MED12L, BLK, ALOX15, TRAT1, TNFRSF21, HS3ST1, NUPR1, UGT1A3, UGT1A4, UGT1A8, CHID1, VWA5A, CLEC7A, DHRS1, KDM6B, COX19, IFNLR1, NAMPT, ENTPD1, FKBP2, TFE3, ABHD14B, MTUS1, RAPGEF4, SLC35A5, ARHGEF10L, PNKP, GPR35, SDF2L1, GAB2, CD19, DUSP16, SDC3, EHD1, MAP7D1, WDFY3, NMRAL1, N4BP1, TBC1D2, RHOG, CXCR4, SLC12A9, OSGIN1, POR, CD302, LY75, LY75-CD302, HDAC10, PALM, PHF11, TCF7L2, SLFN5, ZDHHC9, ATP6V1B2, THBD, AFF3, TDRP, TBC1D2B, MEX3B, PXN, TUBB6, TAGAP, ZNF287, LRIG1, USP28, GLA, TYROBP, IRF4, SLC40A1, TNFRSF1B, STAP1, SCARB1, MGAT4B, LGALS9, MAPKAPK2, MYO1F, SNX8, CARNS1, IFIT1B, IFIH1, SLC25A53, PANK1, RECK, SESN3, TRAFD1, NDUFB6, CTLA4, HIP1, LRP1, TRIM7, PICALM, RHOA, PLOD1, C22orf39, KLHL2, KLHL42, DOCK6, TMEM256-PLSCR3, AMPD3, XKRX, JMY, GPLD1, LRBA, HLA-DOB, ALDH6A1, IDH1, DRAM1, DENND5B, ZNF385A, CTNNBIP1, FCRL1, EHD3, ATP8B4, BTLA, SPIDR, TSC22D3, CRISPLD2, RORA, MSRA, POU2AF1, GABBR1, IVD, TECPR1, LIPE, DSTN, MYOF, IL1RL1, GRAP, NFIX, CXCR5, TREML4, ACSL1, GLCCI1, UBTD1, NPEPPS, USP18, DOCK7, TMEM86A, FKBPL, KLHL24, FCER2, CREB3, SLC7A2, ARHGEF18, KMO, HAAO, RRM2B, CASP1, LYPD6B, FAM107B, JDP2, FOXP1, IFI27L2, GZMB, KIAA0513, ZBTB14, TXNDC16, PLOD3, SPINT1, C5orf34, UQCRQ, RENBP, TBC1D10C, GGT1, ADAMTS6, VILL, ESPL1, CCR6, HMCES, KYNU, GIMAP5, EBF1, ATG16L2, GRN, MDM4, KLF10, CBX7, SRPK3, DHX57, MZB1, SIGLEC10, ZBTB20, FANCB, SESN1, IKZF3, THEMIS, NEK1, LGALS3BP, USP37, ALDH3B1, HIP1R, RINT1, TMEM64, BLNK, IGSF6, TMEM164, TNFSF12, PIK3IP1, MS4A8, TM2D2, IL18RAP, LANCL1, HEPACAM2, KIF21B, ELL3, OAS3, RFX7, TPPP3, G0S2, BMX, SNTB1, ADAMTSL4, RALGPS2, SNRNP48, PPT2, CD200, MAPK11, SLC38A4, CD83, RGCC, XAF1, AKTIP, CASS4, PDCD4, VSIG4, MKS1, MAFG, MICALL1, PDK3, ACOT11, LNX2, GPR174, SPINT2, CPA3, CARD6, OGFRL1, FCHO1, SLC8B1, SDCBP, ITPR3, SYNE1, RPS6KA5, ETS1, CDON, USP2, RASGRP3, N4BP2, REL, ARHGAP23, JAKMIP1, C1orf162, DPY19L3, PARP6, TRAF3IP1, CCR7, CR2, UPF3B, PXDC1, SLAMF8, IL5RA, CCR3, PTPN9, EPHX1, TKT, PDE7B, NFE2, INTS6, GPRASP1, CD96, NR4A1, ARL13B, TAX1BP3, CA3, LGALS1, B3GNT5, GIMAP8, TRPM2, ZBTB41, ACP1, TSPAN12, GIPC1, DGAT2, UBALD2, FAM89B, TMBIM1, DZANK1, KRT18, FCHSD2, BEND5, CHD6, SOX4, CD28, OCEL1, WDHD1, SIDT1, LMAN2L, NXPE3, SESN2, PI16, ABCC3, ZFAND1, SCD, PPAT, HNRNPH3, ZW10, CD2, ACOT2, NFATC2IP, PRKD2, SEC14L1, LIN52, ST6GAL1, MAN1A1, TMED8, SCAI, DGKA, RAB30, CD22, ANKRD22, NLRP10, ABHD6, MAN2A2, HVCN1, CD1D, CCDC62, RAP1GAP2, PLCG1, TEC, FABP1, KLHL14, FAM120C, MTSS1, S1PR4, KIAA0040, C2orf88, GALNT9, CPSF6, UNC119, COBLL1, TRIM35",52.16,37.77,2.586872791862173e-189,5.173745583724346e-189
Mouse_6,Mouse_24,0.097,191,990,795,1181,986,"IFITM1, CHI3L1, LCN2, HP, FPR2, LRG1, STEAP4, IGFBP6, C5AR1, TREM1, CLEC4E, FPR1, C3, SFXN5, PRAM1, FOXD4L1, TGM1, GPR160, CBR3, GNG12, LONRF1, ATP6V0C, TNFRSF9, RABGAP1L, EIF4EBP1, STAB1, ENTPD3, ZFAND5, AMDHD2, ANKS1A, MAPK13, MXD1, CFB, RGL1, NKIRAS2, MAP4K2, CRLF3, RHOBTB1, TIMD4, RRAS2, CLN8, SLC16A3, CD69, ZNF318, PGAP1, MS4A7, IL7R, PIM1, FNIP2, SULF2, PPCDC, BLK, HS3ST1, DHRS1, RAPGEF4, CD19, EHD1, NMRAL1, TBC1D2, CXCR4, HDAC10, TDRP, MEX3B, TAGAP, ZNF287, IRF4, SNX8, CARNS1, IFIT1B, SLC25A53, SESN3, CTLA4, TRIM7, PLOD1, KLHL42, DOCK6, XKRX, JMY, HLA-DOB, DENND5B, FCRL1, SLC35B1, BTLA, TSC22D3, POU2AF1, GABBR1, IVD, TECPR1, IL1RL1, GRAP, NFIX, CXCR5, ACSL1, GLCCI1, UBTD1, ARHGEF18, KMO, HAAO, RRM2B, LYPD6B, FAM107B, FOXP1, ZBTB14, C5orf34, TBC1D10C, GIMAP5, ATG16L2, MDM4, CBX7, SRPK3, DHX57, MZB1, SIGLEC10, ZBTB20, FANCB, PRSS46, SESN1, THEMIS, NEK1, USP37, HIP1R, BLNK, PIK3IP1, HEPACAM2, KIF21B, OAS3, RFX7, TPPP3, SNTB1, RALGPS2, SNRNP48, CD200, AKTIP, PDCD4, MKS1, MAFG, CD36, PDK3, ACOT11, LNX2, GPR174, CARD6, FCHO1, ITPR3, SYNE1, RPS6KA5, ETS1, N4BP2, REL, TRAF3IP1, CCR7, UPF3B, CCNB1IP1, CCR3, EPHX1, INTS6, ARL13B, B3GNT5, GIMAP8, ZBTB41, ACP1, UBALD2, DZANK1, FCHSD2, CD28, WDHD1, SIDT1, NXPE3, PI16, ABCC3, TEFM, ZFAND1, PPAT, HNRNPH3, ZW10, CD2, ACOT2, PRKD2, LIN52, ST6GAL1, MAN1A1, TMED8, SCAI, DGKA, CD22, MAN2A2, TEC, S1PR4, C2orf88, CPSF6, TRIM35",16.17,19.37,0,0
Mouse_6,Human_24,0.085,511,670,4805,1181,5316,"MARCKSL1, IFITM1, CHI3L1, IER3, HP, FABP5, SOCS3, C5AR1, GLRX, CLEC4E, CD14, IL1B, S100A8, FPR1, C3, UPP1, S100A9, BST1, IL1R2, HDC, PPP1R3D, MMP8, IL1RN, TGM1, LTB4R, TLR2, MSR1, SYCP2, FNDC3B, APP, PLSCR1, CBR3, ADAP2, RGS3, GGT5, TRIB1, ANXA1, TGFBI, GCNT2, SLC15A3, FLOT1, ATP6V0C, ACP2, MYD88, TIMP1, CSTB, ALAS1, FLOT2, TXN, SLC7A7, CEBPB, ATP6V0A1, TLR6, RABGAP1L, MS4A6A, NFIL3, RAB31, BASP1, MSRB1, PLA2G4A, FBXL5, NR1H3, FGR, CASP4, LTBR, ZNHIT1, S100A6, SLC2A1, TPD52, SLC11A1, MVP, RAB20, ADAM8, EIF4EBP1, HRH2, CXCL3, FFAR2, RTP4, STAB1, AOAH, ACTA2, ZBP1, GSR, PYGL, ZFAND5, ARF1, AIF1, RAB32, SIGLEC8, MAPK13, TBC1D9, MAF, CLEC5A, B4GALT3, HLX, ASB7, SLPI, TNFRSF1A, TMEM51, GADD45G, PLA2G15, ST6GALNAC4, CD177, LAIR1, FCER1G, HCK, CFB, SEMA4A, EMILIN2, RGL1, ATP6V1E1, SQLE, NKIRAS2, MGAM, GNGT2, MAP4K2, PLEKHO2, FOSL2, CCR5, CRLF3, CHMP2A, ADAP1, LY96, CNIH4, HSD17B12, ITGAM, FCGR1A, MMP9, ANXA3, GGH, F10, SAP30, PLAUR, SLC2A6, ARID5A, RRAS2, ATP6V1A, TSPO, FCGR2A, SNF8, ZNF318, OGT, DBI, EHBP1L1, IL10RB, PGLYRP1, PBX1, SBNO2, SND1, BCL3, CSF2RA, LGMN, POFUT2, ETHE1, S100A11, F13A1, PFKFB4, CHST11, IL7R, PIM1, ATXN10, UBE2L3, CTSC, HK3, PDSS1, PPARD, BATF3, BLK, ETV6, PRDX1, TRAT1, TNFRSF21, HS3ST1, FES, NUPR1, CELSR3, CLEC7A, KDM6B, ENTPD1, EVI2A, MTUS1, RAPGEF4, PID1, CAPZA2, CD19, SDC3, EHD1, MAP7D1, CTSV, WDFY3, N4BP1, TBC1D2, IL18, HMGCL, ANXA4, RHOG, CXCR4, SLC12A9, OSGIN1, POR, LY75, CCDC86, PRKAR2A, ATP6V1B2, DSE, IFI35, PSMB2, PSMA5, TBC1D2B, PXN, LRIG1, PTPN1, GLA, TYROBP, EIF1AX, PSME2, IRF4, HMOX2, STAP1, MGAT4B, CAPG, TTLL3, MAPKAPK2, SNX1, ST3GAL4, VAMP8, S100A4, MAP2K6, RECK, LDHA, TRAFD1, TNFSF14, ZFYVE21, NDUFB6, ELMO2, HIP1, LRP1, SAT1, JUN, LCP1, OSTF1, PLOD1, NCF4, NSF, CXCL9, FUT4, IFI30, ZNF593, LRBA, HLA-DOB, ALDH6A1, SEMA6B, IDH1, DRAM1, ADPRH, PGD, CTNNBIP1, EHD3, BAX, SLC35B1, SPIDR, IL4R, TSC22D3, RORA, MSRA, POU2AF1, MFSD12, PLAC8, IVD, SOCS2, DSTN, MYOF, SLIRP, TIAM1, NCF2, CXCR5, WEE1, MAGT1, C1GALT1C1, ACSL1, UBTD1, FKBPL, QPCT, PGS1, CREB3, RAB8B, ARHGEF18, KMO, HAAO, GADD45B, RPS27L, CKAP4, UGP2, RAP2B, ICAM1, STARD5, CASP1, SRM, LIMA1, KIAA0513, ZBTB14, MCFD2, CYTH4, UQCRQ, EXOSC4, CD300A, KIT, CCR6, AKT1, HMCES, IFNGR1, KYNU, GIMAP5, TOM1, USB1, BST2, ACOT8, AGFG2, AGO2, S1PR2, TFEC, TBC1D8, GRN, KLF10, CBX7, PSTPIP2, ARPC4, RBMS1, MXD3, DHX57, SPEN, ZBTB20, BLVRA, SESN1, KIAA0930, SRGN, NLRP3, VPS9D1, AGPS, NEK1, FGL2, SERPINC1, HIP1R, BBS9, SAMSN1, RINT1, BLNK, IGSF6, THEMIS2, PIK3IP1, BIN3, IL18RAP, RALB, NOL12, MAP3K11, LANCL1, SLK, CXCL10, ATG3, ALDH18A1, ELL3, G0S2, CHMP6, BMX, FGB, CSRP2, ADAMTSL4, STAT2, PISD, CD200, AURKAIP1, HIPK1, GNB1, GSDMD, ICOS, MUL1, XAF1, CASS4, CUEDC2, ARPC1B, PDCD4, VSIG4, TMED9, MAFG, IFNGR2, CD36, MICALL1, ANXA7, PDK3, SH3BP2, MGAT5, COX5B, SLC16A6, CPA3, ZNF239, ITPR3, SYNE1, MOSPD2, RPS6KA5, SPTLC2, ETS1, MLXIPL, RASGRP3, REL, RMND5A, MXI1, STX12, CCR7, IRF9, CR2, SLAMF8, ALOX5AP, IL5RA, CCNB1IP1, SSR2, CCR3, FBP1, PTPN9, TBCB, NUDT2, NFE2, INTS6, GPRASP1, AACS, CD96, TAX1BP3, IFNAR1, LGALS1, ADORA2B, ENOPH1, LIPA, SDHB, TRPM2, PPP1R14B, CAPN2, MAN1C1, ERLIN1, CTNND1, TMBIM1, SGPL1, TOR3A, IGFLR1, ATP1A1, CYBA, DZANK1, FCHSD2, UFSP2, SOX4, CD28, KIF13A, SIDT1, BCL6, GPBP1L1, TINF2, PSMA4, PSMD1, LMAN2L, NXPE3, PDCL3, PKD2, ZFAND1, APBB1IP, RAB7A, OGFR, PPAT, P4HA1, LMO2, HNRNPH3, ZW10, HDAC4, CD2, ACOT2, NFATC2IP, POP1, CNNM4, RHOT2, SEC14L1, RANBP10, ST6GAL1, RRP1B, DGKA, CD22, UGT2A3, ABHD6, DDAH1, WDR26, PLCG1, PABPC4, OXSM, PSMA7, SNRPA, BSDC1, FABP1, NDUFC2, NMI, MTSS1, DUSP6, S1PR4, MFSD5, BMPR2, KIAA0040, IRF1, PAIP2B, CPSF6, CMTM6, MBD4, UNC119, COBLL1, ELOVL6, NPC1, VAMP3",43.27,9.61,0,0
Mouse_12,Mouse_2,0.285,690,790,941,1480,1631,"CXCL3, CLEC4E, TREM1, TLR2, FPR1, MARCKSL1, SLC2A6, IER3, IL1B, DGAT2, TNFAIP2, CHI3L1, CD14, IL1RN, EHD1, RAB20, FPR2, PIM1, TRIB1, CLEC4D, ASPRV1, BCL3, ALAS1, JUNB, C5AR1, HDC, GADD45G, ACTA2, PPP1R3B, MXD1, CLEC5A, ARG2, LCN2, CRISPLD2, MMP8, SCRG1, ADAM8, CDC42EP2, HP, BMX, SOCS3, IFNLR1, KDM6B, PRAM1, SNX18, TRPM2, C15orf48, CPNE2, SLC15A3, MMP9, N4BP1, RND1, MAPK13, PGLYRP1, DGAT1, P2RY13, DUSP16, PBX1, OLFM4, ANKRD22, S100A8, CLEC6A, NFE2L2, JDP2, IL1R2, MEFV, CCR1, FOSL2, CD177, S100A9, ANXA1, OSM, MGAM, ANKRD33B, TNFSF13B, ABTB2, PYGL, MSRA, PLSCR1, MOCOS, ARRDC4, G0S2, LPCAT2, HK3, CDKN2D, RHEBL1, MAPKAPK2, NFIL3, SLPI, CCL4, SLC16A3, AGAP1, SBNO2, CKS2, IGSF6, VMP1, PPP1R3D, CASP4, TIRAP, DRAM1, SFXN5, TFE3, S100A6, BST1, RHOU, S100A11, PI16, LRG1, TNFRSF9, BIRC3, RASGRP4, MYD88, HLX, DMXL2, RAB3D, FAM217B, PILRA, GLRX, HNMT, SNX10, SPIDR, PLAUR, CEBPB, CD300LF, MARCKS, DSTN, ASB7, CTSO, DAB2IP, LIN28A, LIN28AP1, TXN, RNF149, ANKRD66, RAB32, CIB2, BASP1, CD28, GNG12, ATP8B4, PRDX5, ZFHX3, IFITM1, XCL1, FLOT1, CRLF3, EIF2AK3, DPH6, FBXL5, SLC2A1, ARHGAP23, TBC1D2, PNKP, ANXA2, SLC35A1, MEGF9, CD83, XDH, PHACTR2, GSR, RABGAP1L, XKRX, ENTPD1, F10, IL18RAP, TACSTD2, ATG9A, HLA-A, ATP11A, UPP1, KLHL2, CASS4, PICALM, TBC1D2B, CPSF6, ANKS1A, MFSD6, TXNDC5, GGT5, ATXN10, ACSS1, VAMP1, KLHL42, S1PR4, ZNF318, MEX3B, PLEKHO2, PURA, MSRB1, FKBPL, VCAN, CSF3R, ATP6V1E1, ATP6V0A1, RRAS2, FGR, TDRP, NEIL1, CASP2, HCK, FLOT2, MZB1, SNX8, ANKMY2, ACOT2, MAFG, SESN1, STK40, SLAMF6, SLC25A53, CD1D, CDAN1, CBX7, GIMAP5, CHST11, LIMD1, DENND6A, CLCF1, GCH1, SERPINB9, UTP20, ZBTB14, PXN, PDE7A, HDAC10, FAM78A, FABP5, ZNF287, CD19, CAPN1, CMIP, SRPK3, DHX57, TGM2, SEMA4A, IMPACT, ALDH6A1, LONRF1, LHX1, CTNNBIP1, TRAF3IP3, SIGLEC8, ZNF367, ZNF512, UPF3B, INTS4, TNFRSF1A, CD79B, RHOC, DDT, RECK, TRIM35, UTP6, TPD52, FOXD4L1, MTUS1, LAX1, LNX2, TRMT1, ARGLU1, SRSF6, ATP6V0C, GLIPR2, GALNT3, IRF4, C2CD5, SLC22A5, DDHD2, POFUT1, PPCDC, GPR174, CIITA, GABPB2, GCNT2, MEF2D, KLHL14, HAAO, INPP5F, RTP4, POU6F1, DBP, PRR13, UNC119B, MFNG, CERS6, S1PR5, SNAPC4, PGRMC1, CD27, SIGLEC10, GALC, SIDT1, RASGRP3, IL18BP, APP, TECPR1, FGD4, PHYKPL, PIGP, ITGAM, ST8SIA4, SLC35A5, CCR3, IRGQ, ACE, SLC38A1, ANXA3, MRPS26, LGALS3, HLA-DOA, EAF2, STOML1, LTB4R, TNFRSF17, KMO, ABL2, FCRL1, ALDH3B1, THBD, TRMT2A, RAB3GAP1, AMDHD2, C5orf34, POR, TRIM7, KIAA0513, CD69, ABCA1, TNFRSF13B, SLC50A1, SLC38A9, NR1D2, HLA-DRB1, RBM3, AASDH, UGT1A3, UGT1A4, UGT1A8, MBTPS1, LDB1, TMEM106B, IVD, RORA, G6PD, GNG2, GLCCI1, ITPR3, REV1, CSF2RA, PLD1, NPEPPS, CARNS1, SNX9, TYROBP, HMOX1, SCNN1A, ANGEL2, BANK1, BLNK, FANCB, MAPK12, BLK, PARN, ZZZ3, ZNF260, MANEA, HLA-DOB, TCAIM, C16orf87, DEXI, ABHD14B, SLC4A7, GPR183, TNK2, NAA30, PRF1, MAN2C1, RAB31, TNFRSF13C, TRIM44, GGACT, AP3M2, AKAP8, TSC22D3, ANKRD54, SLC1A5, ZCCHC10, STK11IP, HRH2, GPALPP1, TRIT1, IL15, HLA-DQA1, PUS7, DHX30, DDX46, PROK2, HLA-DQB1, RAPGEF4, RERE, NAP1L1, C22orf39, BCL7A, STEAP4, PTCD3, NFATC2IP, RGCC, CC2D1B, ICAM2, CCDC134, TLR6, SMAD7, NUP85, BCAR3, CYP2R1, SCAP, FAM118A, JMY, GIMAP8, RFX7, TRUB1, ARID3A, FASTKD2, NAMPT, LANCL1, MTX3, KANSL2, COX11, NFE2, TNFRSF1B, PRRC1, ATP6V1A, PGAP1, KIF21B, ZNF280B, DPM3, DPP4, SNX30, KCNN4, LUC7L3, RHOBTB1, EHD3, PDE4B, C1orf162, EBF1, PDCD7, INTS7, GIMAP6, FCER2, SOAT1, ZNF12, DNAJC9, BRD3, WDFY3, NLRP12, RPAP1, RALGPS2, SESN3, NXPE3, PPAT, TBXA2R, TMEM163, CR2, SNRNP48, MTF2, OGFRL1, MKRN2, STT3B, B4GALNT1, FFAR2, THAP3, CCR7, WDHD1, LSM4, E2F5, TIA1, MMAA, ZNHIT1, SYCP2, SMUG1, MLH1, RHOG, MBLAC2, SWAP70, PTPRCAP, ARMC10, APPL2, AASDHPPT, ZDHHC17, CSNK1G3, FCHO1, TLR4, IKZF3, BRD8, FNDC3B, NFAM1, AP1G2, MPPE1, SCD, ZNF639, GRAP, COL8A2, ZKSCAN8, SNX25, BRMS1L, FKBP3, BCKDHB, POFUT2, C19orf12, TCF3, CD74, WDR6, TNRC6A, SMC6, DTX1, ZNF672, HEPACAM2, IFIT1B, PDCD4, EIF4B, PER1, TMEM42, METAP1D, FCHSD2, COIL, PARP1, TGM1, MVP, RAB30, DUS3L, COG5, SOX4, PRKACB, CD79A, RFTN1, YLPM1, CPM, PRKD2, MAN1A1, GAB2, HNRNPH3, GANC, RALGDS, ETS1, ABHD6, USP36, ZBTB4, PALM, ZFAND1, WDR12, PCGF6, IVNS1ABP, NFRKB, PCDH9, USP18, TARS2, GSAP, CHURC1, FNTB, RBM41, ZMYM6, CCR5, EPM2AIP1, FNIP2, TTLL4, AP1S3, CHD6, WRNIP1, HERC3, GPR155, ALKBH1, CIRBP, FCGR2A, ARPC5L, USP10, TRMT6, TAF1C, LCLAT1, N4BP2, GTF2IRD2, ST6GAL1, WIPI2, ALOX15, BACH2, CNOT6L, AKTIP, PANK4, NOL7, TIMD4, RAB6A, GPR35, PTN, GGA2, BOD1, ZW10, THAP2, TSC1, UBTD1, SPNS2, DENND5B, SPIB, UBR2, PPCS, SLC25A24, FBXL4, PTPN22, CXXC5, MKS1, TMEM108, SORT1, GIMAP1, JAKMIP1, TRPM7, ZFAND5, RFC1, NUCKS1, PANK1, TBC1D10C, SEH1L, FOXP1, THOC1, ATXN7, MAP4K1, GIGYF1, ARHGAP12, KIF3B, CXCR4, AKAP11, CDK19, INIP, MS4A1, ARF1, GZMB, GMCL1, CD72, VILL, LPCAT1, TTPAL, RPL10A, TGFBR2, CSE1L, PIKFYVE, RDM1, GPD1L, DGKA, SYNJ2BP, TEF, ILF3, PDS5B, TWSG1, IL1RAP, HDAC7, HVCN1, LMAN2L, RIF1, ELK4, ANKRD16, RTEL1, KLHL24, ID1, CNOT10, ZMYM2, FCER1G, AP4B1, MAN2A2, RECQL5, N4BP2L1, THY1, RPL22L1, KDSR, TRAF3IP1, CD5, GPN3, LRBA, DDB2, FAM120C, CARD6, ZNF777, CREBRF, RPSA, RNF145, CA3, CXCR5, UHRF2, CHKB, RRM2B, MRS2, ANAPC7, SLC35F5, ZSCAN25",46.62,42.31,1.5254187916229675e-220,4.576256374868903e-220
Mouse_12,Mouse_6,0.281,616,565,1015,1181,1631,"MARCKSL1, IFITM1, CHI3L1, IER3, LCN2, HP, FPR2, LRG1, FABP5, IL1RAP, STEAP4, SOCS3, IGFBP6, C5AR1, GLRX, TREM1, CCR1, PPP1R3B, ARG2, CLEC4E, CD14, IL1B, CD300LF, MMP14, S100A8, FPR1, UPP1, S100A9, BST1, IL1R2, CDKN2D, SFXN5, HDC, PRAM1, FOXD4L1, PPP1R3D, MMP8, IL1RN, TGM1, VCAN, OLFM4, C15orf48, PROK2, ANXA2, GPR160, NLRP12, IL13RA1, LTB4R, TLR2, ID1, SYCP2, FNDC3B, MEFV, APP, PLSCR1, DMXL2, P2RY13, CBR3, MARCKS, ADAP2, RGS3, GGT5, TRIB1, GNG12, ANXA1, ZBTB42, TGFBI, CLEC4D, GCNT2, LONRF1, FAM217B, SLC15A3, FLOT1, ATP6V0C, ACP2, ASPRV1, RASGRP4, CSF3R, MYD88, TNFRSF9, PILRA, CSTB, ALAS1, FLOT2, PLD1, PRDX5, TXN, SLC7A7, CEBPB, ATP6V0A1, RNPEP, TLR6, RABGAP1L, SLC7A8, MS4A6A, NFIL3, VMP1, IL18BP, ANKRD66, RAB31, BASP1, MSRB1, PLA2G4A, ATRNL1, FBXL5, NR1H3, TNFAIP2, TLR4, CMKLR1, FGR, SNX18, CASP4, LTBR, ZNHIT1, S100A6, SLC2A1, TPD52, SLC11A1, MVP, RAB20, HLA-A, ADAM8, EIF4EBP1, HRH2, CXCL3, FFAR2, RTP4, AOAH, P2RY6, ACTA2, LPCAT2, ENTPD3, HMOX1, ZBP1, GSR, LGALS3, PYGL, ZFAND5, CTBP2, KCNK6, ARF1, ATP11A, SLC35F5, AIF1, RAB32, IL15, AMDHD2, CPNE2, ANKS1A, SCRG1, G6PD, SIGLEC8, MAPK13, EFHD2, CLEC5A, MAFB, CLEC6A, HLX, RNF149, ASB7, SLPI, TNFRSF1A, TMEM51, GADD45G, SPIC, MXD1, BAK1, BAK1P1, PLA2G15, CD177, TIFAB, LAIR1, FCER1G, ZNF703, HCK, CFB, SEMA4A, PLA2G7, EMILIN2, MOCOS, IFITM2, OAS2, C10orf105, MIDN, XDH, FAM114A1, SOAT2, ABTB2, SOAT1, ATP6V1E1, OSM, NKIRAS2, MGAM, NAAA, GNGT2, FCGR3A, MAP4K2, PLEKHO2, FOSL2, CCR5, CRLF3, ADAP1, LY96, SIRPA, CNIH4, DGAT1, C19orf12, ITGAM, FCGR1A, FCGR1B, MMP9, ANKRD33B, PARP12, ANXA3, F10, RHOBTB1, TIMD4, SAP30, PLAUR, CD68, SLC2A6, RRAS2, CLN8, ATP6V1A, TIRAP, TSPO, DHX58, FCGR2A, SLC16A3, CD69, ZNF318, PGAP1, OGT, DBI, EHBP1L1, IL10RB, GLIPR2, CERS6, XBP1, NFAM1, TGM2, NFE2L2, PGLYRP1, PBX1, MS4A7, JUNB, SBNO2, CALR, BCL3, CMIP, CSF2RA, POFUT2, TACSTD2, CDC42EP2, GALC, SLC25A24, TNK2, MRPL20, S100A11, PFKFB4, RHOU, CHST11, IL7R, PIM1, ATXN10, FNIP2, METRNL, SULF2, PRTN3, CIB2, HK3, HK2, BATF3, PPCDC, BACH1, BACH1-IT1, MED12L, BLK, ALOX15, TRAT1, TNFRSF21, HS3ST1, NUPR1, UGT1A3, UGT1A4, UGT1A8, CHID1, VWA5A, CLEC7A, DHRS1, KDM6B, COX19, IFNLR1, NAMPT, ENTPD1, FKBP2, TFE3, ABHD14B, MTUS1, RAPGEF4, SLC35A5, ARHGEF10L, PNKP, GPR35, SDF2L1, GAB2, CD19, DUSP16, SDC3, EHD1, MAP7D1, WDFY3, NMRAL1, N4BP1, TBC1D2, RHOG, CXCR4, SLC12A9, OSGIN1, POR, CD302, LY75, LY75-CD302, HDAC10, PALM, PHF11, TCF7L2, SLFN5, ZDHHC9, ATP6V1B2, THBD, AFF3, TDRP, TBC1D2B, MEX3B, PXN, TUBB6, TAGAP, ZNF287, LRIG1, USP28, GLA, TYROBP, IRF4, SLC40A1, TNFRSF1B, STAP1, SCARB1, MGAT4B, LGALS9, MAPKAPK2, MYO1F, SNX8, CARNS1, IFIT1B, IFIH1, SLC25A53, PANK1, RECK, SESN3, TRAFD1, NDUFB6, CTLA4, HIP1, LRP1, TRIM7, PICALM, RHOA, PLOD1, C22orf39, KLHL2, KLHL42, DOCK6, TMEM256-PLSCR3, AMPD3, XKRX, JMY, GPLD1, LRBA, HLA-DOB, ALDH6A1, IDH1, DRAM1, DENND5B, ZNF385A, CTNNBIP1, FCRL1, EHD3, ATP8B4, BTLA, SPIDR, TSC22D3, CRISPLD2, RORA, MSRA, POU2AF1, GABBR1, IVD, TECPR1, LIPE, DSTN, MYOF, IL1RL1, GRAP, NFIX, CXCR5, TREML4, ACSL1, GLCCI1, UBTD1, NPEPPS, USP18, DOCK7, TMEM86A, FKBPL, KLHL24, FCER2, CREB3, SLC7A2, ARHGEF18, KMO, HAAO, RRM2B, CASP1, LYPD6B, FAM107B, JDP2, FOXP1, IFI27L2, GZMB, KIAA0513, ZBTB14, TXNDC16, PLOD3, SPINT1, C5orf34, UQCRQ, RENBP, TBC1D10C, GGT1, ADAMTS6, VILL, ESPL1, CCR6, HMCES, KYNU, GIMAP5, EBF1, ATG16L2, GRN, MDM4, KLF10, CBX7, SRPK3, DHX57, MZB1, SIGLEC10, ZBTB20, FANCB, SESN1, IKZF3, THEMIS, NEK1, LGALS3BP, USP37, ALDH3B1, HIP1R, RINT1, TMEM64, BLNK, IGSF6, TMEM164, TNFSF12, PIK3IP1, MS4A8, TM2D2, IL18RAP, LANCL1, HEPACAM2, KIF21B, ELL3, OAS3, RFX7, TPPP3, G0S2, BMX, SNTB1, ADAMTSL4, RALGPS2, SNRNP48, PPT2, CD200, MAPK11, SLC38A4, CD83, RGCC, XAF1, AKTIP, CASS4, PDCD4, VSIG4, MKS1, MAFG, MICALL1, PDK3, ACOT11, LNX2, GPR174, SPINT2, CPA3, CARD6, OGFRL1, FCHO1, SLC8B1, SDCBP, ITPR3, SYNE1, RPS6KA5, ETS1, CDON, USP2, RASGRP3, N4BP2, REL, ARHGAP23, JAKMIP1, C1orf162, DPY19L3, PARP6, TRAF3IP1, CCR7, CR2, UPF3B, PXDC1, SLAMF8, IL5RA, CCR3, PTPN9, EPHX1, TKT, PDE7B, NFE2, INTS6, GPRASP1, CD96, NR4A1, ARL13B, TAX1BP3, CA3, LGALS1, B3GNT5, GIMAP8, TRPM2, ZBTB41, ACP1, TSPAN12, GIPC1, DGAT2, UBALD2, FAM89B, TMBIM1, DZANK1, KRT18, FCHSD2, BEND5, CHD6, SOX4, CD28, OCEL1, WDHD1, SIDT1, LMAN2L, NXPE3, SESN2, PI16, ABCC3, ZFAND1, SCD, PPAT, HNRNPH3, ZW10, CD2, ACOT2, NFATC2IP, PRKD2, SEC14L1, LIN52, ST6GAL1, MAN1A1, TMED8, SCAI, DGKA, RAB30, CD22, ANKRD22, NLRP10, ABHD6, MAN2A2, HVCN1, CD1D, CCDC62, RAP1GAP2, PLCG1, TEC, FABP1, KLHL14, FAM120C, MTSS1, S1PR4, KIAA0040, C2orf88, GALNT9, CPSF6, UNC119, COBLL1, TRIM35",52.16,37.77,2.586872791862173e-189,5.173745583724346e-189
Mouse_12,Mouse_24,0.292,592,1039,394,1631,986,"IFITM1, IGFBP6, STEAP4, LCN2, FPR2, FPR1, LRG1, TREM1, SESN1, PRAM1, RABGAP1L, CHI3L1, CRLF3, BTLA, CARNS1, FOXD4L1, CD69, CLEC4E, IL7R, HS3ST1, CD19, PIK3IP1, OAS3, BLK, TRIM7, C5AR1, TNFRSF9, GNG12, HP, CBX7, HLA-DOB, SFXN5, FOXP1, PGAP1, SNX8, CD200, NEK1, HAAO, PPAT, ZNF318, PPCDC, BLNK, JMY, RRAS2, SRPK3, MIF4GD, IFNAR2, DENND5B, EIF4EBP1, GPR160, GLCCI1, DAB2IP, FCRL1, MAP4K2, IRF4, MXD1, BACH2, SIGLEC10, RAB3GAP1, CTSO, RAB3IL1, FCHO1, DGKA, NXPE3, SMAD7, KMO, AMDHD2, FCRLA, N4BP2, TAGAP, FBXL4, TDRP, MAPK13, HLA-DOA, TSC22D3, MZB1, CXCR4, XKRX, TGM1, RALGPS2, RPS6KA5, HIP1R, TBC1D2, POU2AF1, RHEBL1, CPSF6, ST6GAL1, ACSS1, ENTPD3, SLC4A7, ARL13B, MEX3B, ZFAND1, MDM4, TRIM35, DHRS1, ABHD4, CD22, CD79B, GPR183, CTLA4, SIDT1, CXCR5, RRM2B, GIMAP5, FAM107B, ZBTB20, FCHSD2, RHOBTB1, ZNF799, PI16, SLAMF6, GRAP, GPR174, TRUB1, TEC, KLHL42, B3GNT5, TMOD1, LDB1, TTPAL, DDB2, FNIP2, CARD6, ETS1, CSNK1G3, ZFP1, SLC16A3, RFX7, BRD8, ABHD17B, ITPR3, CCR7, HDAC10, NEIL1, LYPD6B, ZZZ3, EAF2, CLCF1, AKTIP, TRDN, STOML1, AASDH, ZNF287, DHX57, SESN3, TNRC6A, ABL2, ATP6V0C, RNF170, PRKD2, MAFG, SNRNP48, BCKDHB, STT3B, CCR3, CREBRF, TNFRSF17, SMDT1, TPPP3, KIF21B, HNRNPH3, CD37, CLNK, EIF2AK3, LNX2, ACE, SNTB1, FASTKD2, RAPGEF4, RBPMS, OPTN, GABBR1, MAN1A1, SLC25A53, CBR3, NFIX, SERPINB1, MYO5A, PDS5B, EPHX1, TMEM161B, ARHGEF18, IKZF2, CFB, LEF1, PLOD1, GPR18, PAN2, MPC2, SULF2, UVSSA, JMJD1C, TRAF3IP1, ASNS, CD28, PER1, PIM1, VAMP1, CD72, PCGF6, IL1RL1, MLLT3, ZBTB26, CDC45, DGKD, BLVRB, HEPACAM2, PDK1, GTPBP10, CLK1, GABPB2, PDCD4, DOCK6, HLA-DRB1, USP37, ACOT2, IFIT1B, ARID4B, RFTN1, UPF3B, GLUL, PLCXD2, CLN8, TIMD4, HNRNPA3, TP53I11, ICAM2, EHD1, INIP, PDE7A, IFI27, DDX46, MPHOSPH9, GIGYF1, PUS7, ELK4, FBXW7, REL, UBALD2, STK11IP, PPP1R21, GIMAP6, ALKBH1, ADD3, SATB1, BRCC3, TUBGCP5, TMED8, CD3D, MKS1, ANKRD16, BIRC3, AKAP8, PDZK1IP1, GMCL1, ATG9A, ZFAND5, SQSTM1, MAP4K1, GPALPP1, DIS3L2, CYP2R1, ATG16L2, CMPK2, RAD23A, USP11, AP4B1, FAM78A, MRGBP, ISG15, NKIRAS2, IWS1, KLHDC1, OVGP1, CD74, INTS4, RAB5C, ANKS1A, ZDHHC17, DDHD2, UBR1, FANCB, CCDC134, CHD9, TMEM42, USP36, CRYAA, EIF2AK1, GIMAP1, TTLL9, TMEM106B, BCL11B, CD2, TBC1D10C, ZNF654, GIMAP8, HMGB3, ABLIM1, SCAI, ZBTB41, CLK4, ERBB3, PIGP, EIF3E, ALS2CL, S1PR4, CNOT6L, IRGQ, SCML4, MGST2, RCSD1, TRAF3IP2, ZBTB14, DHX30, C5orf34, TMEM71, TGFBR2, HCRT, GZMM, RPS5, PURA, TRIM10, EIF4A2, KBTBD11, ATP6V1G1, ARHGAP12, PIR, RABEP2, GCH1, HTATIP2, MTX3, RERE, ITK, FAM118A, ETNK1, ATL2, DUSP11, RPS19, ILF3, MAN2A2, AKAP8L, UBE2F, MBTPS1, SLC23A2, GRINA, AP3M2, CD3G, DNAH1, MFF, KLHL6, TCF20, TRAF3IP3, CHAC2, CHCHD6, ARGLU1, CCDC88C, RPSA, PRKACB, CDAN1, DZANK1, PDCD7, ZNF329, RBM26, ARHGEF1, PIH1D2, DENND2D, PTCD3, APPL2, MAML2, RNASEH2B, EPM2AIP1, PIGQ, SEH1L, IRF7, TRMT2A, NEK4, SLC35B3, PRDM4, TRIM44, SH2D1B, MBLAC2, THUMPD1, SLC1A5, PHIP, ZNF814, LAPTM4A, C2orf88, ACOT11, EPC1, RNF115, ATP8B1, TECPR1, ZMYND19, LUC7L3, EIF3F, TRIT1, TTC39A, ANKRD54, SCAP, POFUT1, ZNF275, THEMIS, RPS25, NOL3, RPL10A, ANGEL2, RNF114, SH3YL1, ZFC3H1, TVP23B, LONRF1, MSH6, ZNF608, DICER1, MS4A7, LRIG2, MGST3, ZNF445, SF3B1, NQO1, RPL32, RPS13, GADD45A, CA2, PLAGL1, UBE2W, TTLL4, PLGRKT, LIN52, RBM39, PTPN22, RPS3A, RPS3AP6, ASB4, HERPUD1, PLEKHA2, IMPACT, PPP1R10, HMG20A, PELI1, LCOR, CC2D1B, INPP5E, SEC16A, MMS19, ELMOD2, RFX3, PAXBP1, PDK3, INTS6, LAX1, ABCC3, BRD9, CLK2, MAVS, SUN2, WDHD1, RASD1, DMTF1, ICAM4, AP1AR, BTG2, TXNIP, SYCE2, TBXA2R, SLC5A5, RNF111, MOSPD1, ZW10, HNRNPH1, VEGFC, HNRNPA1, HNRNPA1P26, RPH3AL, CHP1, TAX1BP1, RPS3, TDRD7, MRPL14, UBTD1, HECA, SRRM2, IL33, CELA2A, RPL18, THBS4, ANK1, SLC6A9, UNC119B, DNAJB2, TRIM39, SOX15, UBE2D3, ODF2, IL27RA, ZNF451, ZMYND8, SNRNP70, RNF123, LHX1, COIL, ZNF639, TTC23, USP14, AAK1, GRAMD1A, FAM210B, TRMT6, CD5, FZR1, RPL27A, ACP1, UBR2, BAG4, FNBP4, PRDX2, THAP2, SUPT5H, RPS11, NFRKB, RBM5, SYNE1, RPS18, ZNF322, MLXIP, NFAT5, MAFK, TAF1D, CHKB, SYNJ2BP, SNX22, SYK, AP1G2, CD164L2, CIR1, RB1CC1, DDX17, ACSL1, TMEM87B, ARAF, RSRC2, SLC12A6, CHD8, ARID1A, HMBOX1, IVD, STOM, SCAPER, CCDC82, SLC22A4, SLC35A1, FCER1A, NMRAL1, ABCG2, ZNF260, ZMYM6, ZNF428, TAF2, HOXB13, ESYT2, PPP1R15A, INCENP, UBA6, POLD4, ZMYM2, TTC8, CDC42BPB, PPP2R5B, ERI2, RASAL3, EEF1G, PSMD2, CMC4, HNRNPA2B1, CYB5R1, RAB6A, SRSF5, TES, KBTBD2, KEL, MAG, TTC14, RBMXL2, PITHD1, SLC22A5, MPPE1, CDIP1, GLI1, SLC12A7, ST3GAL2, PENK",36.3,60.04,6.511624943829871e-146,6.511624943829871e-146
Mouse_12,Human_24,0.114,710,921,4606,1631,5316,"IFITM1, FPR1, SESN1, IER3, RABGAP1L, CHI3L1, CRLF3, CLEC4E, IL7R, HS3ST1, CD19, PIK3IP1, BLK, S100A8, C5AR1, HP, CBX7, IL1R2, HLA-DOB, S100A9, SOCS3, IL1B, CD200, NEK1, HAAO, PPAT, ZNF318, BLNK, BST1, RRAS2, IFNAR2, EIF4EBP1, MMP8, BANK1, PPP1R3D, ANXA1, MMP9, MAP4K2, IRF4, RGS3, BACH2, RAB3GAP1, CTSO, DGKA, NXPE3, SMAD7, KMO, LTB4R, MAPK13, HDC, OSGIN1, TSC22D3, UPP1, PGLYRP1, CXCR4, CCR6, TGM1, RPS6KA5, HIP1R, FABP5, TBC1D2, POU2AF1, CPSF6, PLSCR1, ZNHIT1, ST6GAL1, MS4A1, ZFAND1, SIGLEC8, GGT5, CD22, ALDH6A1, CD79B, GCNT2, CD14, GPR183, CD79A, GLRX, SIDT1, CXCR5, GIMAP5, ZBTB20, FCHSD2, E2F5, PYGL, TMOD1, LDB1, TTPAL, DDB2, TRIB1, GALNT3, ETS1, TBKBP1, NFE2, ABHD17B, ITPR3, CCR7, ZZZ3, EAF2, VIPR1, PRF1, STOML1, ELL3, DHX57, LANCL1, SERPINB9, RAB31, ATP6V0C, MAFG, BCKDHB, SLC15A3, CCR3, TGFBI, LY6D, USP6NL, HNRNPH3, S100A6, EIF2AK3, SLC2A6, RTP4, SLPI, RAPGEF4, FGR, FNDC3B, HK3, TRAT1, NCR1, CR2, OPTN, MSRB1, CTNNBIP1, ABHD6, CEBPB, CBR3, KIAA0040, SERPINB1, TNFRSF1A, TRIB2, NR1D2, WDFY3, RHOH, GGA2, ARHGEF18, SLC11A1, SWAP70, APP, CFB, LEF1, CKS2, TLR2, PLOD1, GPR18, PAN2, SYCP2, MS4A6A, JMJD1C, CD4, ASNS, CD28, KIAA0513, BCL11A, PIM1, VAMP1, CD72, PBX1, PLAUR, AIF1, MLLT3, CDC45, DGKD, BLVRB, LMAN2L, P2RY10, AOAH, CLK1, FOSL2, FOXO1, PDCD4, HIP1, HLA-DRB1, FLOT1, ACOT2, RAB32, CCR5, ATP6V1E1, RFTN1, PARN, LAIR1, CASP4, GLUL, GNGT2, HNRNPA3, SEMA4A, VPREB3, CXCL3, TP53I11, REV1, ALAS1, ICAM2, EHD1, KLRG1, VSIG4, PRR5L, SLC9A8, DDX46, MPHOSPH9, CD8A, PUS7, ZBP1, REL, LRIG1, BMX, TRAFD1, CLEC5A, G0S2, GIMAP6, ADD3, RASGRP3, TXNDC5, SATB1, BRCC3, TUBGCP5, CD3D, REPS2, AKAP8, PDZK1IP1, GMCL1, ZFAND5, MAP4K1, DBP, USP11, CHST11, LRBA, MKRN2, NKIRAS2, KMT2A, OVGP1, MEF2C, CD74, PPCS, FGF13, MAPK12, MGAM, DDHD2, CCDC134, DPP4, CIRBP, ADAM8, NFIL3, GPD1L, BASP1, FCER1G, USP36, CRYAA, EIF2AK1, MYD88, BCL11B, CD2, TMEM51, LTBR, DSTN, HMGB3, PLCG1, PARP1, MED13, ABLIM1, F2RL1, S1PR4, MGST2, DMXL1, SDC3, TRAF3IP2, ZBTB14, DHX30, CAMK2N1, HMCES, KDM6B, ANXA3, SLC2A1, MARCKSL1, PDE3B, FCGR2A, HLX, GLA, RAB3D, PFKFB4, CYTH1, GZMM, CASS4, RPS5, PURA, CD96, PXN, S1PR5, ATP6V0A1, MYO1E, EIF4A2, KBTBD11, ATP6V1G1, KYNU, ICOSLG, HCK, PIR, RABEP2, SPON1, CST7, BCL7A, FASLG, SPIB, GSR, GCH1, IL1RN, HTATIP2, S100PBP, ITK, RINT1, DYRK2, CEP68, AKAP11, RPS19, ILF3, PLA2G4A, ENTPD1, MICALL1, NUPR1, SDC4, THOC1, MBTPS1, SLC23A2, CD177, HRH2, MAPK3, SPIDR, AP3M2, TPD52, CD3G, MTUS1, TCF20, TRAF3IP3, COBLL1, SEC14L1, HNMT, CCDC88C, RPSA, PRRC1, ZBTB18, PIKFYVE, DZANK1, SERP1, FCGR1A, ADAMTSL4, AP2M1, ZNF329, ACTA2, RBM26, RFX5, LGALS1, FLOT2, UQCRQ, DENND2D, SOX4, DNAJC9, PTCD3, PDS5A, APPL2, TSC1, CNIH4, RNASEH2B, MFNG, TMBIM1, MERTK, SEH1L, IRF7, NEK4, PRDM4, ITGAM, TRIM44, TBX21, TXN, UTP20, THUMPD1, BRD3, BDH1, SLC1A5, TCF3, ZNF814, LAPTM4A, SEMA4C, IGSF6, MYLIP, TYROBP, ADAP1, SLC7A7, GRN, MALT1, S1PR1, MARVELD2, COX11, ARID3A, NR1H3, DIP2C, AGAP1, TBC1D2B, ITGB3BP, EIF3F, ACP2, NID1, TRIT1, GADD45G, PANK4, IL18RAP, MTSS1, TRPM2, MYOF, RPS25, EMILIN2, NOL3, STAP1, SCNN1A, RPL10A, TSPO, ANGEL2, SH3YL1, RBM3, CASP1, TAX1BP3, PAX5, RCL1, EHD3, MSH6, N4BP1, SLC12A9, FBXL5, KAT6B, PTPRCAP, RIT1, DICER1, BCL3, RPAP1, LRP1, CSF2RA, LRIG2, CD8B, ACAD8, MGST3, SF3B1, ATP6V1B2, RPL32, RPS13, NFATC2IP, GADD45A, PPP3CC, UBE2W, PLGRKT, ADAP2, PRRC2B, MSANTD2, PLEKHO2, DDX28, HERPUD1, IMPACT, AMIGO2, TNFSF10, RBM15B, PRR13, PPP1R10, HMG20A, PELI1, LCOR, SRPK1, TRIM24, EML4, INPP5E, SEC16A, MMS19, SENP7, N4BP2L1, CD27, DRAM1, POGZ, WIPI2, PAXBP1, YLPM1, ADI1, PDK3, INTS6, SRSF11, LAX1, BRD9, GTF3C2, CSTB, CLK2, LAS1L, MAVS, SUN2, WDR6, ARF1, DMTF1, SLC38A1, FFAR2, BTG2, SLC35E2B, CPED1, TECR, TXNIP, PSMD8, ATXN10, ZW10, HNRNPH1, PLA2G15, SMARCD3, DAPL1, FBXL12, ASB7, HNRNPA1, MAP7D1, TAX1BP1, PGRMC1, RPL11, RPS3, TDRD7, NTN1, NUCKS1, UBTD1, HECA, SERINC5, C1QB, XAF1, SAP30, C1GALT1, IL33, PIGL, RORA, RPL18, SMARCA2, MYB, MVP, CD6, INPP5F, FKBPL, ANK1, NAP1L1, S100A11, UNC119B, DNAJB2, ZEB1, NUP153, RBM22, ODF2, POU6F1, ZNF451, SNRNP70, RNF123, LHX1, RBM41, RPL30, RAPGEF6, RALGDS, USP14, MCCC1, IL10RB, RBM25, USP24, FAM3C, NUMA1, BCAT1, CD5, URI1, RPL27A, UBR2, BAG4, FNBP4, CREB3, GTF2I, PRDX2, DBI, GPRASP1, XCL1, RPS11, OSBPL3, NFRKB, C2CD5, SRSF6, EHBP1L1, SYNE1, POR, RPS4X, CLEC7A, TLR6, RPS18, EIF4B, GABARAP, HLA-DQB1, KLF10, MRS2, TNFSF13, DOK1, NFAT5, SORT1, LY96, SBNO2, TAF1D, FOXC2, ATP2C2, TCF12, SYNJ2BP, SRGAP3, RPL8, BATF3, TULP4, KHDRBS1, LY75, SLC7A1, SLCO4A1, CPA3, ARHGEF6, CIR1, KIF22, MEF2D, DDX17, MORC2, RAD17, ACSL1, ACOXL, HNRNPA0, CD3E, TOMM20, SLC12A6, POFUT2, AASDHPPT, FOXJ3, IVD, FABP1, IRS2, DDT, RAB20, STOM, SCAPER, CCDC82, PCYT1A, PRRG2, KANSL2, SLC22A4, FCER1A, UTRN, ARSB, RECK, CHD1, AGO1, SMUG1, ATP6V1A, ZMYM6, ZNF428, TAF2, PRPSAP2, MID1IP1, RHOG, POLD4, ZMYM2, MFSD6, PCNT, MAN2C1, F9, RFC1, P2RY14, AHCTF1, SNX2, NDUFB6, TAF1, EEF1G, PSMD2, UNC119, CMC4, CHST12, IDH1, RPL13A, ZFP36L1, MBNL3, RAB6A, MSRA, SRSF5, PTPN9, KLF11, MAPKAPK2, FAM168B, IL5RA, KEL, TNFRSF21, TTC3, APBB3, UCP2, LIN28A, GIN1, TPPP, UBP1, OGT, DEXI, THAP3, CDIP1, CTCF, SLAMF8, MGAT4B, CSE1L, ST3GAL2, HTATSF1, PRR5, GZMH, RCBTB1, ERCC5, F10",43.53,13.36,0,0
Mouse_24,Mouse_2,0.129,281,1199,705,1480,986,"CLEC4E, TREM1, FPR1, CHI3L1, EHD1, FPR2, PIM1, C5AR1, MXD1, LCN2, HP, PRAM1, MAPK13, NFKBIA, RHEBL1, C3, SLC16A3, SFXN5, PI16, LRG1, TNFRSF9, BIRC3, CTSO, DAB2IP, CD28, GNG12, IFITM1, CRLF3, EIF2AK3, TBC1D2, SLC35A1, RABGAP1L, XKRX, ATG9A, IL6, CPSF6, ANKS1A, ACSS1, VAMP1, KLHL42, S1PR4, ZNF318, MEX3B, PURA, RRAS2, TDRP, NEIL1, MZB1, SNX8, ACOT2, MAFG, SESN1, SLAMF6, SLC25A53, CDAN1, CBX7, GIMAP5, CLCF1, GCH1, ZBTB14, PDE7A, HDAC10, FAM78A, ZNF287, CD19, SRPK3, DHX57, IMPACT, LONRF1, LHX1, TRAF3IP3, UPF3B, INTS4, CD79B, TRIM35, FOXD4L1, LAX1, LNX2, ARGLU1, ATP6V0C, TINAGL1, IRF4, SLC22A5, DDHD2, POFUT1, PPCDC, GPR174, GABPB2, HAAO, UNC119B, NLRC3, SIGLEC10, SIDT1, TECPR1, PIGP, CCR3, IRGQ, ACE, HLA-DOA, EAF2, STOML1, TNFRSF17, KMO, ABL2, FCRL1, TRMT2A, RAB3GAP1, AMDHD2, C5orf34, TRIM7, CD69, HLA-DRB1, AASDH, MBTPS1, LDB1, TMEM106B, IVD, GLCCI1, ITPR3, CARNS1, ANGEL2, BLNK, FANCB, BLK, ZZZ3, ZNF260, HLA-DOB, UBFD1, SLC4A7, RGS14, GPR183, TRIM44, AP3M2, AKAP8, TSC22D3, ANKRD54, SLC1A5, STK11IP, GPALPP1, TRIT1, PUS7, DHX30, DDX46, RAPGEF4, RERE, STEAP4, PTCD3, CC2D1B, ICAM2, CCDC134, SMAD7, CYP2R1, SCAP, FAM118A, JMY, GIMAP8, RFX7, TRUB1, PARP11, FASTKD2, MTX3, PGAP1, KIF21B, LUC7L3, RHOBTB1, DESI2, PDCD7, GIMAP6, RALGPS2, SESN3, NXPE3, PPAT, TBXA2R, SNRNP48, STT3B, CCR7, WDHD1, NUP155, CHCHD4, MBLAC2, APPL2, ZDHHC17, CSNK1G3, FCHO1, BRD8, AP1G2, MPPE1, ZNF639, GRAP, BCKDHB, CD74, TNRC6A, HEPACAM2, IFIT1B, PDCD4, PER1, TMEM42, FCHSD2, COIL, TGM1, SFTPB, PRKACB, RFTN1, PRKD2, MAN1A1, HNRNPH3, TRMT10C, ETS1, USP36, ZFAND1, PCGF6, NFRKB, ZMYM6, EPM2AIP1, FNIP2, TTLL4, COLGALT1, ALKBH1, GALM, TRMT6, SCYL2, N4BP2, ATRN, ST6GAL1, BACH2, CNOT6L, AKTIP, STAB1, TIMD4, RAB6A, ZW10, THAP2, UBTD1, LYRM4, DENND5B, LAMA5, UBR2, AP4E1, FBXL4, PTPN22, CKS1B, MKS1, OTUD4, GIMAP1, ZFAND5, TBC1D10C, SEH1L, FOXP1, MAP4K1, GIGYF1, ARHGAP12, CXCR4, INIP, GMCL1, CD72, TCEA2, TTPAL, RPL10A, TGFBR2, ZFP36L2, DGKA, SYNJ2BP, CANT1, ILF3, PDS5B, ELK4, ANKRD16, ZMYM2, AP4B1, MAN2A2, TRAF3IP1, CD5, PNN, DDB2, CARD6, CREBRF, RPSA, CXCR5, CHKB, HUS1, RRM2B",18.99,28.5,0,0
Mouse_24,Mouse_6,0.097,191,990,795,1181,986,"IFITM1, CHI3L1, LCN2, HP, FPR2, LRG1, STEAP4, IGFBP6, C5AR1, TREM1, CLEC4E, FPR1, C3, SFXN5, PRAM1, FOXD4L1, TGM1, GPR160, CBR3, GNG12, LONRF1, ATP6V0C, TNFRSF9, RABGAP1L, EIF4EBP1, STAB1, ENTPD3, ZFAND5, AMDHD2, ANKS1A, MAPK13, MXD1, CFB, RGL1, NKIRAS2, MAP4K2, CRLF3, RHOBTB1, TIMD4, RRAS2, CLN8, SLC16A3, CD69, ZNF318, PGAP1, MS4A7, IL7R, PIM1, FNIP2, SULF2, PPCDC, BLK, HS3ST1, DHRS1, RAPGEF4, CD19, EHD1, NMRAL1, TBC1D2, CXCR4, HDAC10, TDRP, MEX3B, TAGAP, ZNF287, IRF4, SNX8, CARNS1, IFIT1B, SLC25A53, SESN3, CTLA4, TRIM7, PLOD1, KLHL42, DOCK6, XKRX, JMY, HLA-DOB, DENND5B, FCRL1, SLC35B1, BTLA, TSC22D3, POU2AF1, GABBR1, IVD, TECPR1, IL1RL1, GRAP, NFIX, CXCR5, ACSL1, GLCCI1, UBTD1, ARHGEF18, KMO, HAAO, RRM2B, LYPD6B, FAM107B, FOXP1, ZBTB14, C5orf34, TBC1D10C, GIMAP5, ATG16L2, MDM4, CBX7, SRPK3, DHX57, MZB1, SIGLEC10, ZBTB20, FANCB, PRSS46, SESN1, THEMIS, NEK1, USP37, HIP1R, BLNK, PIK3IP1, HEPACAM2, KIF21B, OAS3, RFX7, TPPP3, SNTB1, RALGPS2, SNRNP48, CD200, AKTIP, PDCD4, MKS1, MAFG, CD36, PDK3, ACOT11, LNX2, GPR174, CARD6, FCHO1, ITPR3, SYNE1, RPS6KA5, ETS1, N4BP2, REL, TRAF3IP1, CCR7, UPF3B, CCNB1IP1, CCR3, EPHX1, INTS6, ARL13B, B3GNT5, GIMAP8, ZBTB41, ACP1, UBALD2, DZANK1, FCHSD2, CD28, WDHD1, SIDT1, NXPE3, PI16, ABCC3, TEFM, ZFAND1, PPAT, HNRNPH3, ZW10, CD2, ACOT2, PRKD2, LIN52, ST6GAL1, MAN1A1, TMED8, SCAI, DGKA, CD22, MAN2A2, TEC, S1PR4, C2orf88, CPSF6, TRIM35",16.17,19.37,0,0
Mouse_24,Mouse_12,0.292,592,1039,394,1631,986,"IFITM1, IGFBP6, STEAP4, LCN2, FPR2, FPR1, LRG1, TREM1, SESN1, PRAM1, RABGAP1L, CHI3L1, CRLF3, BTLA, CARNS1, FOXD4L1, CD69, CLEC4E, IL7R, HS3ST1, CD19, PIK3IP1, OAS3, BLK, TRIM7, C5AR1, TNFRSF9, GNG12, HP, CBX7, HLA-DOB, SFXN5, FOXP1, PGAP1, SNX8, CD200, NEK1, HAAO, PPAT, ZNF318, PPCDC, BLNK, JMY, RRAS2, SRPK3, MIF4GD, IFNAR2, DENND5B, EIF4EBP1, GPR160, GLCCI1, DAB2IP, FCRL1, MAP4K2, IRF4, MXD1, BACH2, SIGLEC10, RAB3GAP1, CTSO, RAB3IL1, FCHO1, DGKA, NXPE3, SMAD7, KMO, AMDHD2, FCRLA, N4BP2, TAGAP, FBXL4, TDRP, MAPK13, HLA-DOA, TSC22D3, MZB1, CXCR4, XKRX, TGM1, RALGPS2, RPS6KA5, HIP1R, TBC1D2, POU2AF1, RHEBL1, CPSF6, ST6GAL1, ACSS1, ENTPD3, SLC4A7, ARL13B, MEX3B, ZFAND1, MDM4, TRIM35, DHRS1, ABHD4, CD22, CD79B, GPR183, CTLA4, SIDT1, CXCR5, RRM2B, GIMAP5, FAM107B, ZBTB20, FCHSD2, RHOBTB1, ZNF799, PI16, SLAMF6, GRAP, GPR174, TRUB1, TEC, KLHL42, B3GNT5, TMOD1, LDB1, TTPAL, DDB2, FNIP2, CARD6, ETS1, CSNK1G3, ZFP1, SLC16A3, RFX7, BRD8, ABHD17B, ITPR3, CCR7, HDAC10, NEIL1, LYPD6B, ZZZ3, EAF2, CLCF1, AKTIP, TRDN, STOML1, AASDH, ZNF287, DHX57, SESN3, TNRC6A, ABL2, ATP6V0C, RNF170, PRKD2, MAFG, SNRNP48, BCKDHB, STT3B, CCR3, CREBRF, TNFRSF17, SMDT1, TPPP3, KIF21B, HNRNPH3, CD37, CLNK, EIF2AK3, LNX2, ACE, SNTB1, FASTKD2, RAPGEF4, RBPMS, OPTN, GABBR1, MAN1A1, SLC25A53, CBR3, NFIX, SERPINB1, MYO5A, PDS5B, EPHX1, TMEM161B, ARHGEF18, IKZF2, CFB, LEF1, PLOD1, GPR18, PAN2, MPC2, SULF2, UVSSA, JMJD1C, TRAF3IP1, ASNS, CD28, PER1, PIM1, VAMP1, CD72, PCGF6, IL1RL1, MLLT3, ZBTB26, CDC45, DGKD, BLVRB, HEPACAM2, PDK1, GTPBP10, CLK1, GABPB2, PDCD4, DOCK6, HLA-DRB1, USP37, ACOT2, IFIT1B, ARID4B, RFTN1, UPF3B, GLUL, PLCXD2, CLN8, TIMD4, HNRNPA3, TP53I11, ICAM2, EHD1, INIP, PDE7A, IFI27, DDX46, MPHOSPH9, GIGYF1, PUS7, ELK4, FBXW7, REL, UBALD2, STK11IP, PPP1R21, GIMAP6, ALKBH1, ADD3, SATB1, BRCC3, TUBGCP5, TMED8, CD3D, MKS1, ANKRD16, BIRC3, AKAP8, PDZK1IP1, GMCL1, ATG9A, ZFAND5, SQSTM1, MAP4K1, GPALPP1, DIS3L2, CYP2R1, ATG16L2, CMPK2, RAD23A, USP11, AP4B1, FAM78A, MRGBP, ISG15, NKIRAS2, IWS1, KLHDC1, OVGP1, CD74, INTS4, RAB5C, ANKS1A, ZDHHC17, DDHD2, UBR1, FANCB, CCDC134, CHD9, TMEM42, USP36, CRYAA, EIF2AK1, GIMAP1, TTLL9, TMEM106B, BCL11B, CD2, TBC1D10C, ZNF654, GIMAP8, HMGB3, ABLIM1, SCAI, ZBTB41, CLK4, ERBB3, PIGP, EIF3E, ALS2CL, S1PR4, CNOT6L, IRGQ, SCML4, MGST2, RCSD1, TRAF3IP2, ZBTB14, DHX30, C5orf34, TMEM71, TGFBR2, HCRT, GZMM, RPS5, PURA, TRIM10, EIF4A2, KBTBD11, ATP6V1G1, ARHGAP12, PIR, RABEP2, GCH1, HTATIP2, MTX3, RERE, ITK, FAM118A, ETNK1, ATL2, DUSP11, RPS19, ILF3, MAN2A2, AKAP8L, UBE2F, MBTPS1, SLC23A2, GRINA, AP3M2, CD3G, DNAH1, MFF, KLHL6, TCF20, TRAF3IP3, CHAC2, CHCHD6, ARGLU1, CCDC88C, RPSA, PRKACB, CDAN1, DZANK1, PDCD7, ZNF329, RBM26, ARHGEF1, PIH1D2, DENND2D, PTCD3, APPL2, MAML2, RNASEH2B, EPM2AIP1, PIGQ, SEH1L, IRF7, TRMT2A, NEK4, SLC35B3, PRDM4, TRIM44, SH2D1B, MBLAC2, THUMPD1, SLC1A5, PHIP, ZNF814, LAPTM4A, C2orf88, ACOT11, EPC1, RNF115, ATP8B1, TECPR1, ZMYND19, LUC7L3, EIF3F, TRIT1, TTC39A, ANKRD54, SCAP, POFUT1, ZNF275, THEMIS, RPS25, NOL3, RPL10A, ANGEL2, RNF114, SH3YL1, ZFC3H1, TVP23B, LONRF1, MSH6, ZNF608, DICER1, MS4A7, LRIG2, MGST3, ZNF445, SF3B1, NQO1, RPL32, RPS13, GADD45A, CA2, PLAGL1, UBE2W, TTLL4, PLGRKT, LIN52, RBM39, PTPN22, RPS3A, RPS3AP6, ASB4, HERPUD1, PLEKHA2, IMPACT, PPP1R10, HMG20A, PELI1, LCOR, CC2D1B, INPP5E, SEC16A, MMS19, ELMOD2, RFX3, PAXBP1, PDK3, INTS6, LAX1, ABCC3, BRD9, CLK2, MAVS, SUN2, WDHD1, RASD1, DMTF1, ICAM4, AP1AR, BTG2, TXNIP, SYCE2, TBXA2R, SLC5A5, RNF111, MOSPD1, ZW10, HNRNPH1, VEGFC, HNRNPA1, HNRNPA1P26, RPH3AL, CHP1, TAX1BP1, RPS3, TDRD7, MRPL14, UBTD1, HECA, SRRM2, IL33, CELA2A, RPL18, THBS4, ANK1, SLC6A9, UNC119B, DNAJB2, TRIM39, SOX15, UBE2D3, ODF2, IL27RA, ZNF451, ZMYND8, SNRNP70, RNF123, LHX1, COIL, ZNF639, TTC23, USP14, AAK1, GRAMD1A, FAM210B, TRMT6, CD5, FZR1, RPL27A, ACP1, UBR2, BAG4, FNBP4, PRDX2, THAP2, SUPT5H, RPS11, NFRKB, RBM5, SYNE1, RPS18, ZNF322, MLXIP, NFAT5, MAFK, TAF1D, CHKB, SYNJ2BP, SNX22, SYK, AP1G2, CD164L2, CIR1, RB1CC1, DDX17, ACSL1, TMEM87B, ARAF, RSRC2, SLC12A6, CHD8, ARID1A, HMBOX1, IVD, STOM, SCAPER, CCDC82, SLC22A4, SLC35A1, FCER1A, NMRAL1, ABCG2, ZNF260, ZMYM6, ZNF428, TAF2, HOXB13, ESYT2, PPP1R15A, INCENP, UBA6, POLD4, ZMYM2, TTC8, CDC42BPB, PPP2R5B, ERI2, RASAL3, EEF1G, PSMD2, CMC4, HNRNPA2B1, CYB5R1, RAB6A, SRSF5, TES, KBTBD2, KEL, MAG, TTC14, RBMXL2, PITHD1, SLC22A5, MPPE1, CDIP1, GLI1, SLC12A7, ST3GAL2, PENK",36.3,60.04,6.511624943829871e-146,6.511624943829871e-146
Mouse_24,Human_24,0.065,382,604,4934,986,5316,"IFITM1, IFNAR2, ANK1, TMOD1, PIK3IP1, OVGP1, ASNS, TSC22D3, SESN1, DGKA, IL7R, CPSF6, OPTN, MLLT3, RABGAP1L, ZNF318, CXCR4, CRLF3, RNF123, GIMAP5, PUS7, CTSO, CD36, RRAS2, ZMYM6, NEK1, CD19, CLK1, MAP4K2, CMC4, RAPGEF4, SLC23A2, GADD45A, ATP6V1G1, TAX1BP1, LAPTM4A, SLC22A4, MGST3, MPHOSPH9, KEL, GLUL, USP11, EIF2AK1, BLK, RHAG, HS3ST1, ANGEL2, SLC43A1, SH3YL1, EIF4A2, HNRNPA3, LAX1, RAB3GAP1, BRCC3, PAN2, CBR1, PRDM4, SIDT1, BACH2, AKAP8, DCTD, AP3M2, IMPACT, IPCEF1, KLF1, GMCL1, GCH1, GZMM, PRNP, HLA-DOB, HSD11B2, CCNB1IP1, ABCB7, MGST2, RBM38, BRD9, BLVRB, EHD1, CDC45, ATG4A, UBE2W, CBX7, RPS6KA5, KMO, HAAO, ATP6V0D1, CBR3, STK3, RNASEH2B, IRF4, HAX1, MBTPS1, DDX46, ARHGEF18, SMAD7, BTG2, MAFG, LRIG2, ZZZ3, BCKDHB, TBC1D2, EIF4EBP1, TCEA1, C5AR1, CABP5, PRDX2, CD200, BLNK, PLGRKT, CHI3L1, VAMP1, HMG20A, ICAM2, DDHD2, CCR3, SRSF2, DDX17, IFRD2, PLD3, CD28, SF3B1, CARM1, LDB1, SMAP1, CD72, NKTR, UBR2, JMJD1C, ATP6V0C, NXPE3, ACSL1, HMGB3, SUN2, ZFAND5, TLN2, USP14, ZBTB20, TTPAL, SRSF7, APPL2, TUBA1C, COMP, MYH7B, CD3D, HERPUD1, HTATIP2, IVD, PPAT, DMTN, RPL18, DCAF6, FPR1, CLK2, CD2, DZANK1, ZBTB14, PIP5K1B, INTS6, DDB2, CCR7, BSG, ENDOD1, DHX57, PAXBP1, MAVS, EIF3F, CLEC4E, LHX1, TXNIP, TDRD7, DNAJB2, MAP4K1, POU2AF1, PTCD3, SEH1L, GPR183, NFAT5, MYOG, PDE3A, PIM1, RPS18, ZNF428, RPS5, PELI1, TRIM17, PARP11, TRIM44, HNRNPH3, ODF2, RPS25, ILF3, GRAP2, RABEP2, KNTC1, ZW10, DENND2D, HIP1R, ZNF451, KBTBD11, GIMAP6, ABHD17B, ZFAND1, NR1H4, TNFRSF25, TCF20, UBTD1, SNRNP70, FBXO7, CKS1B, LYRM4, REL, CD79B, PPP1R10, FAM32A, RPS19, ST3GAL2, SYNJ2BP, PAFAH1B1, NEK4, SATB1, ITPR3, HP, INPP5E, SEC16A, COLGALT1, EAF2, STOM, PDCD4, HECA, SERPINB1, FNBP4, NOL3, PDK3, PKN2, PCGF2, SON, PIP4K2A, LAT, GPR18, CD74, LCOR, RBM26, MMS19, SRSF10, CD59, CPT1A, RAB6A, BAG4, DGKD, EEF1G, PSMD2, NUP155, SKAP1, CDKN2C, RPL10A, FIP1L1, MSH6, C21orf91, PIR, STAB1, TRAF3IP2, PDZK1IP1, CCDC88C, CCNA2, SLC35B1, GALR2, ALAD, CDIP1, EIF2AK3, CIR1, EGR4, TCF15, TRIT1, MAPK13, APOL2, TRAK2, CCDC134, CCNL2, S1PR4, RPS3, TXN2, GAS6, ZNF814, IRF3, PLEKHA5, FAM50B, SLC4A1, INPP4B, PURA, TPCN1, ZFP36L2, DICER1, C3, ST6GAL1, BCL11B, HLA-DRB1, DHX30, CD22, SLC12A6, SYNE1, USP36, RPSA, RPS13, LEF1, PAX4, TCEA2, ACOT2, CRYAA, CXXC1, TAF2, HS3ST3B1, RGL1, HUS1, TAF15, PSMF1, FCHSD2, SRSF5, ZC3H15, CXCR5, TAF1D, IRF7, PHF21A, NFKBIA, SEC23A, UBE2C, TUBGCP5, TUBGCP3, CD3G, RPS11, DIS3, GGCX, UNC119B, NFRKB, RPL32, PLOD1, PNPLA2, ZNF329, ZMYM2, DMTF1, SEC11A, CYTIP, CD5, RPL27A, HNRNPH1, HNRNPA1, FCER1A, ITK, ITPKB, MZF1, DFFB, TRAF3IP3, XPO7, POLD4, RFTN1, SATB2, GTPBP4, SLC1A5, STOML1, PITRM1, ADD3, METTL8, THUMPD1, CHAF1B, SLC25A3, INHA, CFB, ATRN, ABLIM1, ETS1, TBCE, SCAPER, CCDC82, IL33, NKIRAS2, OTUD4, UBFD1, SLC7A5, SPTA1, SMOX, GLRX2, TGM1, TP53I11",38.74,7.19,0,0
Human_24,Mouse_2,0.104,641,839,4675,1480,5316,"TNFAIP3, CCRL2, NLRP3, CXCL3, CLEC4E, TLR2, ETS2, FPR1, MARCKSL1, SLC2A6, IER3, GADD45B, CXCL10, IL1B, TNF, CAMP, CHI3L1, CD14, IL1RN, EHD1, RAB20, PIM1, PTGS2, TRIB1, ICAM1, BCL3, ALAS1, C5AR1, HDC, GADD45G, ACTA2, CLEC5A, FAS, MMP8, ADAM8, SAMSN1, HP, BMX, SOCS3, KDM6B, TRPM2, SLC15A3, NFKBIE, MMP9, N4BP1, RELB, BATF, MAPK13, PGLYRP1, PBX1, NFKBIA, S100A8, IL1R2, FOSL2, CD177, S100A9, ANXA1, MGAM, PYGL, DHRS7, MSRA, PLSCR1, RAB8B, PADI4, G0S2, HK3, MAPKAPK2, NCF1, NFIL3, ARID5A, C3, SLPI, AGAP1, SBNO2, CKS2, IGSF6, PPP1R3D, CKAP4, CASP4, DRAM1, S100A6, BST1, RGS1, S100A11, KCTD7, RABGEF1, MYD88, HLX, RAB3D, PHLDA1, JUN, KLF5, NFKBIB, GLRX, HNMT, SPIDR, PLAUR, CEBPB, DSTN, TFEC, ASB7, CTSO, CDC42EP4, APH1B, LIN28A, TXN, RAB32, HPGD, ELOVL6, BASP1, INHBA, CD28, DMWD, IRF1, TRAF1, IRAK3, IFITM1, XCL1, FLOT1, CRLF3, SOCS1, EIF2AK3, FBXL5, SLC2A1, TIMP2, TBC1D2, GSR, RABGAP1L, RHBDF2, ENTPD1, CELSR3, F10, IL18RAP, ADORA2B, UPP1, CASS4, SNAI1, PLP2, TBC1D2B, CPSF6, TAF7, MFSD6, TXNDC5, GGT5, ATXN10, VAMP1, VASP, S1PR4, NCF4, ZNF318, PLEKHO2, PURA, MSRB1, FKBPL, MCTP2, ATP6V1E1, ATP6V0A1, METTL9, RRAS2, FGR, HCK, FLOT2, PRKD3, ACOT2, MAFG, LIMA1, SESN1, TLE3, CBX7, TNFAIP6, GIMAP5, HHEX, CHST11, MCCC2, GCH1, SERPINB9, UTP20, ZBTB14, LYL1, PXN, FABP5, ZNF281, CD19, THAP11, PSTPIP2, ITGA4, PTPN1, DHX57, PCYOX1, SEMA4A, SOD2, ITPKC, IMPACT, TGIF2, ALDH6A1, LHX1, CTNNBIP1, TRAF3IP3, SIGLEC8, F3, FOXN2, TNFRSF1A, CD79B, DDT, RECK, TPD52, MTUS1, LAX1, POLG2, EXTL2, SRSF6, RNF144A, ATP6V0C, SERPINB2, RNF141, TIMP1, GALNT3, LCP1, IRF4, DDX18, C2CD5, DDHD2, AHCY, GCNT2, MEF2D, HAAO, ATMIN, BCL2, INPP5F, RTP4, POU6F1, DBP, PRR13, UNC119B, MFNG, HAUS4, HLA-DMA, S1PR5, PGRMC1, DVL2, CD27, GATA3, SIDT1, RASGRP3, CYB5R4, APP, CABIN1, NCF2, ITGAM, CRYL1, DAG1, CXCR3, CCR3, SLC38A1, ANXA3, EAF2, STOML1, LTB4R, PPP1R8, KMO, CD48, RAB3GAP1, POR, KIAA0513, TRPS1, CPD, CISD1, NR1D2, HLA-DRB1, RBM3, MRPL49, MBTPS1, LDB1, PPARG, IVD, RORA, LMNB1, ITPR3, REV1, CSF2RA, MED24, TYROBP, SCNN1A, ANGEL2, PGS1, BANK1, BLNK, MAPK12, BLK, NAB1, PARN, TTF2, ZZZ3, BCAP29, HLA-DOB, WDR3, DEXI, UBFD1, TMCC1, SAMD4B, GPR183, CARD10, OSTF1, PRF1, KDM3A, MAN2C1, RAB31, TRIM44, AP3M2, MCM7, AKAP8, WDR11, TAF5L, TSC22D3, SLC1A5, GPI, HRH2, MAP3K11, COQ4, B4GALT3, KLHL22, TRIT1, NSMCE4A, BCL6, CDC14B, SIT1, PUS7, PATZ1, DHX30, NBR1, DDX46, HLA-DQB1, VGLL4, FRAT2, IMP3, RAPGEF4, NAP1L1, IRF9, RPA1, BCL7A, PTCD3, ADCY7, FLCN, NFATC2IP, XRCC5, ICAM2, CCDC134, TLR6, SMAD7, SIX1, PARP2, MXD4, PARP11, ARID3A, TLR1, SOCS2, QDPR, PGD, PCGF1, HAUS5, LANCL1, TEP1, PPARD, KANSL2, COX11, IFNAR1, NFE2, DUSP2, PRRC1, ATP6V1A, DPP4, EHD3, ILVBL, PSMG2, GIMAP6, CXCL9, SKIL, DNAJC9, BRD3, WDFY3, NCOA3, RPAP1, NXPE3, SCARB2, PPAT, LBH, TRIM27, CR2, SCO2, TYMP, CD320, PAIP2B, MCM6, MKRN2, SEMA4D, TUBB, SPG7, FFAR2, CARS2, THAP3, CCR7, NAT10, NUP155, SLC31A1, SNX5, E2F5, TOB2, KCTD2, ZNHIT1, SYCP2, SMUG1, NME8, RHOG, RAB27A, SWAP70, PTPRCAP, APPL2, CROT, AASDHPPT, WEE1, ZC3H12A, SLC36A1, FNDC3B, CHD1L, MOGS, GOLIM4, ANKRD10, CEP192, IFNGR2, RBMS1, BCKDHB, POFUT2, METTL17, ATG3, CREM, ID3, TCF3, CD74, AQP9, WDR6, CCDC6, GADD45GIP1, SGPP1, KLF3, PDCD4, EIF4B, SETD6, EVL, FCHSD2, CDKN1B, PEBP1, FAM53B, PARP1, TGM1, MVP, DKC1, HADH, SOX4, CD79A, RFTN1, YLPM1, TLR5, HNRNPH3, RALGDS, GNE, ETS1, ABHD6, MUC1, USP36, FABP4, TGIF1, SUMO3, TIMM9, CNBP, ZFAND1, NFRKB, DDB1, EXTL3, MLLT11, DHX35, PLK2, RBM41, ZMYM6, LIG4, CCR5, SFXN3, TOPBP1, RCAN3, POP5, COLGALT1, DUSP7, SERPING1, LDOC1, SUOX, TFB2M, CIRBP, FCGR2A, GPR65, CBR4, SF3A1, EMC1, LCMT2, ATRN, ST6GAL1, WIPI2, ASS1, BACH2, SF3B3, PANK4, STAB1, TSPAN4, DNAJA3, RAB6A, LPIN1, GGA2, SAP130, ZW10, TSC1, UBTD1, LYRM4, FUT4, PTPN4, SPIB, ARHGAP17, PTBP1, UBR2, PPCS, KLF2, DOCK10, TSN, BAHD1, GTF3C4, CKS1B, ANAPC1, BABAM1, CDC16, NEU2, EGFL8, MED7, DDRGK1, ACTR8, SORT1, OTUD4, SLAMF7, FOXN3, ZFAND5, SRGN, RFC1, COASY, NUCKS1, BAZ2A, MRPS16, NPRL2, SEH1L, EEF2, THOC1, GDPD3, MAP4K1, ABL1, TRIM28, SSRP1, CXCR4, AKAP11, MAN1A2, TTC4, MS4A1, CDK1, TANK, ARF1, RAB7A, BTF3, STX17, GMCL1, MSR1, EI24, CD72, MAK16, CXorf38, TCEA2, TIMELESS, SCAF8, PTCH1, MCM3, RNF126, TTPAL, QRSL1, RPL10A, RAE1, PPDPF, SMARCC2, CSE1L, ZBTB1, ZFP36L2, PIKFYVE, GPD1L, DGKA, SYNJ2BP, PAPSS1, GRM5, SLC25A15, ILF3, SLC30A5, PGRMC2, WDR41, DENND3, LMAN2L, NFS1, SUCLG1, MTA1, ZMIZ2, ENOPH1, BBS9, CLN6, ZMYM2, EIF3M, NAA40, FCER1G, P2RX7, RASGRP1, N4BP2L1, ZNF23, IMPA2, NFKB2, HNRNPH2, SHARPIN, CD5, NDUFS3, BIN3, LRBA, DGCR8, DDB2, ALDH9A1, FUT9, PIK3R4, RPSA, ANO10, CXCR5, ADPRH, UBASH3A, HUS1, MRS2",43.31,12.06,0,0
Human_24,Mouse_6,0.085,511,670,4805,1181,5316,"MARCKSL1, IFITM1, CHI3L1, IER3, HP, FABP5, SOCS3, C5AR1, GLRX, CLEC4E, CD14, IL1B, S100A8, FPR1, C3, UPP1, S100A9, BST1, IL1R2, HDC, PPP1R3D, MMP8, IL1RN, TGM1, LTB4R, TLR2, MSR1, SYCP2, FNDC3B, APP, PLSCR1, CBR3, ADAP2, RGS3, GGT5, TRIB1, ANXA1, TGFBI, GCNT2, SLC15A3, FLOT1, ATP6V0C, ACP2, MYD88, TIMP1, CSTB, ALAS1, FLOT2, TXN, SLC7A7, CEBPB, ATP6V0A1, TLR6, RABGAP1L, MS4A6A, NFIL3, RAB31, BASP1, MSRB1, PLA2G4A, FBXL5, NR1H3, FGR, CASP4, LTBR, ZNHIT1, S100A6, SLC2A1, TPD52, SLC11A1, MVP, RAB20, ADAM8, EIF4EBP1, HRH2, CXCL3, FFAR2, RTP4, STAB1, AOAH, ACTA2, ZBP1, GSR, PYGL, ZFAND5, ARF1, AIF1, RAB32, SIGLEC8, MAPK13, TBC1D9, MAF, CLEC5A, B4GALT3, HLX, ASB7, SLPI, TNFRSF1A, TMEM51, GADD45G, PLA2G15, ST6GALNAC4, CD177, LAIR1, FCER1G, HCK, CFB, SEMA4A, EMILIN2, RGL1, ATP6V1E1, SQLE, NKIRAS2, MGAM, GNGT2, MAP4K2, PLEKHO2, FOSL2, CCR5, CRLF3, CHMP2A, ADAP1, LY96, CNIH4, HSD17B12, ITGAM, FCGR1A, MMP9, ANXA3, GGH, F10, SAP30, PLAUR, SLC2A6, ARID5A, RRAS2, ATP6V1A, TSPO, FCGR2A, SNF8, ZNF318, OGT, DBI, EHBP1L1, IL10RB, PGLYRP1, PBX1, SBNO2, SND1, BCL3, CSF2RA, LGMN, POFUT2, ETHE1, S100A11, F13A1, PFKFB4, CHST11, IL7R, PIM1, ATXN10, UBE2L3, CTSC, HK3, PDSS1, PPARD, BATF3, BLK, ETV6, PRDX1, TRAT1, TNFRSF21, HS3ST1, FES, NUPR1, CELSR3, CLEC7A, KDM6B, ENTPD1, EVI2A, MTUS1, RAPGEF4, PID1, CAPZA2, CD19, SDC3, EHD1, MAP7D1, CTSV, WDFY3, N4BP1, TBC1D2, IL18, HMGCL, ANXA4, RHOG, CXCR4, SLC12A9, OSGIN1, POR, LY75, CCDC86, PRKAR2A, ATP6V1B2, DSE, IFI35, PSMB2, PSMA5, TBC1D2B, PXN, LRIG1, PTPN1, GLA, TYROBP, EIF1AX, PSME2, IRF4, HMOX2, STAP1, MGAT4B, CAPG, TTLL3, MAPKAPK2, SNX1, ST3GAL4, VAMP8, S100A4, MAP2K6, RECK, LDHA, TRAFD1, TNFSF14, ZFYVE21, NDUFB6, ELMO2, HIP1, LRP1, SAT1, JUN, LCP1, OSTF1, PLOD1, NCF4, NSF, CXCL9, FUT4, IFI30, ZNF593, LRBA, HLA-DOB, ALDH6A1, SEMA6B, IDH1, DRAM1, ADPRH, PGD, CTNNBIP1, EHD3, BAX, SLC35B1, SPIDR, IL4R, TSC22D3, RORA, MSRA, POU2AF1, MFSD12, PLAC8, IVD, SOCS2, DSTN, MYOF, SLIRP, TIAM1, NCF2, CXCR5, WEE1, MAGT1, C1GALT1C1, ACSL1, UBTD1, FKBPL, QPCT, PGS1, CREB3, RAB8B, ARHGEF18, KMO, HAAO, GADD45B, RPS27L, CKAP4, UGP2, RAP2B, ICAM1, STARD5, CASP1, SRM, LIMA1, KIAA0513, ZBTB14, MCFD2, CYTH4, UQCRQ, EXOSC4, CD300A, KIT, CCR6, AKT1, HMCES, IFNGR1, KYNU, GIMAP5, TOM1, USB1, BST2, ACOT8, AGFG2, AGO2, S1PR2, TFEC, TBC1D8, GRN, KLF10, CBX7, PSTPIP2, ARPC4, RBMS1, MXD3, DHX57, SPEN, ZBTB20, BLVRA, SESN1, KIAA0930, SRGN, NLRP3, VPS9D1, AGPS, NEK1, FGL2, SERPINC1, HIP1R, BBS9, SAMSN1, RINT1, BLNK, IGSF6, THEMIS2, PIK3IP1, BIN3, IL18RAP, RALB, NOL12, MAP3K11, LANCL1, SLK, CXCL10, ATG3, ALDH18A1, ELL3, G0S2, CHMP6, BMX, FGB, CSRP2, ADAMTSL4, STAT2, PISD, CD200, AURKAIP1, HIPK1, GNB1, GSDMD, ICOS, MUL1, XAF1, CASS4, CUEDC2, ARPC1B, PDCD4, VSIG4, TMED9, MAFG, IFNGR2, CD36, MICALL1, ANXA7, PDK3, SH3BP2, MGAT5, COX5B, SLC16A6, CPA3, ZNF239, ITPR3, SYNE1, MOSPD2, RPS6KA5, SPTLC2, ETS1, MLXIPL, RASGRP3, REL, RMND5A, MXI1, STX12, CCR7, IRF9, CR2, SLAMF8, ALOX5AP, IL5RA, CCNB1IP1, SSR2, CCR3, FBP1, PTPN9, TBCB, NUDT2, NFE2, INTS6, GPRASP1, AACS, CD96, TAX1BP3, IFNAR1, LGALS1, ADORA2B, ENOPH1, LIPA, SDHB, TRPM2, PPP1R14B, CAPN2, MAN1C1, ERLIN1, CTNND1, TMBIM1, SGPL1, TOR3A, IGFLR1, ATP1A1, CYBA, DZANK1, FCHSD2, UFSP2, SOX4, CD28, KIF13A, SIDT1, BCL6, GPBP1L1, TINF2, PSMA4, PSMD1, LMAN2L, NXPE3, PDCL3, PKD2, ZFAND1, APBB1IP, RAB7A, OGFR, PPAT, P4HA1, LMO2, HNRNPH3, ZW10, HDAC4, CD2, ACOT2, NFATC2IP, POP1, CNNM4, RHOT2, SEC14L1, RANBP10, ST6GAL1, RRP1B, DGKA, CD22, UGT2A3, ABHD6, DDAH1, WDR26, PLCG1, PABPC4, OXSM, PSMA7, SNRPA, BSDC1, FABP1, NDUFC2, NMI, MTSS1, DUSP6, S1PR4, MFSD5, BMPR2, KIAA0040, IRF1, PAIP2B, CPSF6, CMTM6, MBD4, UNC119, COBLL1, ELOVL6, NPC1, VAMP3",43.27,9.61,0,0
Human_24,Mouse_12,0.114,710,921,4606,1631,5316,"IFITM1, FPR1, SESN1, IER3, RABGAP1L, CHI3L1, CRLF3, CLEC4E, IL7R, HS3ST1, CD19, PIK3IP1, BLK, S100A8, C5AR1, HP, CBX7, IL1R2, HLA-DOB, S100A9, SOCS3, IL1B, CD200, NEK1, HAAO, PPAT, ZNF318, BLNK, BST1, RRAS2, IFNAR2, EIF4EBP1, MMP8, BANK1, PPP1R3D, ANXA1, MMP9, MAP4K2, IRF4, RGS3, BACH2, RAB3GAP1, CTSO, DGKA, NXPE3, SMAD7, KMO, LTB4R, MAPK13, HDC, OSGIN1, TSC22D3, UPP1, PGLYRP1, CXCR4, CCR6, TGM1, RPS6KA5, HIP1R, FABP5, TBC1D2, POU2AF1, CPSF6, PLSCR1, ZNHIT1, ST6GAL1, MS4A1, ZFAND1, SIGLEC8, GGT5, CD22, ALDH6A1, CD79B, GCNT2, CD14, GPR183, CD79A, GLRX, SIDT1, CXCR5, GIMAP5, ZBTB20, FCHSD2, E2F5, PYGL, TMOD1, LDB1, TTPAL, DDB2, TRIB1, GALNT3, ETS1, TBKBP1, NFE2, ABHD17B, ITPR3, CCR7, ZZZ3, EAF2, VIPR1, PRF1, STOML1, ELL3, DHX57, LANCL1, SERPINB9, RAB31, ATP6V0C, MAFG, BCKDHB, SLC15A3, CCR3, TGFBI, LY6D, USP6NL, HNRNPH3, S100A6, EIF2AK3, SLC2A6, RTP4, SLPI, RAPGEF4, FGR, FNDC3B, HK3, TRAT1, NCR1, CR2, OPTN, MSRB1, CTNNBIP1, ABHD6, CEBPB, CBR3, KIAA0040, SERPINB1, TNFRSF1A, TRIB2, NR1D2, WDFY3, RHOH, GGA2, ARHGEF18, SLC11A1, SWAP70, APP, CFB, LEF1, CKS2, TLR2, PLOD1, GPR18, PAN2, SYCP2, MS4A6A, JMJD1C, CD4, ASNS, CD28, KIAA0513, BCL11A, PIM1, VAMP1, CD72, PBX1, PLAUR, AIF1, MLLT3, CDC45, DGKD, BLVRB, LMAN2L, P2RY10, AOAH, CLK1, FOSL2, FOXO1, PDCD4, HIP1, HLA-DRB1, FLOT1, ACOT2, RAB32, CCR5, ATP6V1E1, RFTN1, PARN, LAIR1, CASP4, GLUL, GNGT2, HNRNPA3, SEMA4A, VPREB3, CXCL3, TP53I11, REV1, ALAS1, ICAM2, EHD1, KLRG1, VSIG4, PRR5L, SLC9A8, DDX46, MPHOSPH9, CD8A, PUS7, ZBP1, REL, LRIG1, BMX, TRAFD1, CLEC5A, G0S2, GIMAP6, ADD3, RASGRP3, TXNDC5, SATB1, BRCC3, TUBGCP5, CD3D, REPS2, AKAP8, PDZK1IP1, GMCL1, ZFAND5, MAP4K1, DBP, USP11, CHST11, LRBA, MKRN2, NKIRAS2, KMT2A, OVGP1, MEF2C, CD74, PPCS, FGF13, MAPK12, MGAM, DDHD2, CCDC134, DPP4, CIRBP, ADAM8, NFIL3, GPD1L, BASP1, FCER1G, USP36, CRYAA, EIF2AK1, MYD88, BCL11B, CD2, TMEM51, LTBR, DSTN, HMGB3, PLCG1, PARP1, MED13, ABLIM1, F2RL1, S1PR4, MGST2, DMXL1, SDC3, TRAF3IP2, ZBTB14, DHX30, CAMK2N1, HMCES, KDM6B, ANXA3, SLC2A1, MARCKSL1, PDE3B, FCGR2A, HLX, GLA, RAB3D, PFKFB4, CYTH1, GZMM, CASS4, RPS5, PURA, CD96, PXN, S1PR5, ATP6V0A1, MYO1E, EIF4A2, KBTBD11, ATP6V1G1, KYNU, ICOSLG, HCK, PIR, RABEP2, SPON1, CST7, BCL7A, FASLG, SPIB, GSR, GCH1, IL1RN, HTATIP2, S100PBP, ITK, RINT1, DYRK2, CEP68, AKAP11, RPS19, ILF3, PLA2G4A, ENTPD1, MICALL1, NUPR1, SDC4, THOC1, MBTPS1, SLC23A2, CD177, HRH2, MAPK3, SPIDR, AP3M2, TPD52, CD3G, MTUS1, TCF20, TRAF3IP3, COBLL1, SEC14L1, HNMT, CCDC88C, RPSA, PRRC1, ZBTB18, PIKFYVE, DZANK1, SERP1, FCGR1A, ADAMTSL4, AP2M1, ZNF329, ACTA2, RBM26, RFX5, LGALS1, FLOT2, UQCRQ, DENND2D, SOX4, DNAJC9, PTCD3, PDS5A, APPL2, TSC1, CNIH4, RNASEH2B, MFNG, TMBIM1, MERTK, SEH1L, IRF7, NEK4, PRDM4, ITGAM, TRIM44, TBX21, TXN, UTP20, THUMPD1, BRD3, BDH1, SLC1A5, TCF3, ZNF814, LAPTM4A, SEMA4C, IGSF6, MYLIP, TYROBP, ADAP1, SLC7A7, GRN, MALT1, S1PR1, MARVELD2, COX11, ARID3A, NR1H3, DIP2C, AGAP1, TBC1D2B, ITGB3BP, EIF3F, ACP2, NID1, TRIT1, GADD45G, PANK4, IL18RAP, MTSS1, TRPM2, MYOF, RPS25, EMILIN2, NOL3, STAP1, SCNN1A, RPL10A, TSPO, ANGEL2, SH3YL1, RBM3, CASP1, TAX1BP3, PAX5, RCL1, EHD3, MSH6, N4BP1, SLC12A9, FBXL5, KAT6B, PTPRCAP, RIT1, DICER1, BCL3, RPAP1, LRP1, CSF2RA, LRIG2, CD8B, ACAD8, MGST3, SF3B1, ATP6V1B2, RPL32, RPS13, NFATC2IP, GADD45A, PPP3CC, UBE2W, PLGRKT, ADAP2, PRRC2B, MSANTD2, PLEKHO2, DDX28, HERPUD1, IMPACT, AMIGO2, TNFSF10, RBM15B, PRR13, PPP1R10, HMG20A, PELI1, LCOR, SRPK1, TRIM24, EML4, INPP5E, SEC16A, MMS19, SENP7, N4BP2L1, CD27, DRAM1, POGZ, WIPI2, PAXBP1, YLPM1, ADI1, PDK3, INTS6, SRSF11, LAX1, BRD9, GTF3C2, CSTB, CLK2, LAS1L, MAVS, SUN2, WDR6, ARF1, DMTF1, SLC38A1, FFAR2, BTG2, SLC35E2B, CPED1, TECR, TXNIP, PSMD8, ATXN10, ZW10, HNRNPH1, PLA2G15, SMARCD3, DAPL1, FBXL12, ASB7, HNRNPA1, MAP7D1, TAX1BP1, PGRMC1, RPL11, RPS3, TDRD7, NTN1, NUCKS1, UBTD1, HECA, SERINC5, C1QB, XAF1, SAP30, C1GALT1, IL33, PIGL, RORA, RPL18, SMARCA2, MYB, MVP, CD6, INPP5F, FKBPL, ANK1, NAP1L1, S100A11, UNC119B, DNAJB2, ZEB1, NUP153, RBM22, ODF2, POU6F1, ZNF451, SNRNP70, RNF123, LHX1, RBM41, RPL30, RAPGEF6, RALGDS, USP14, MCCC1, IL10RB, RBM25, USP24, FAM3C, NUMA1, BCAT1, CD5, URI1, RPL27A, UBR2, BAG4, FNBP4, CREB3, GTF2I, PRDX2, DBI, GPRASP1, XCL1, RPS11, OSBPL3, NFRKB, C2CD5, SRSF6, EHBP1L1, SYNE1, POR, RPS4X, CLEC7A, TLR6, RPS18, EIF4B, GABARAP, HLA-DQB1, KLF10, MRS2, TNFSF13, DOK1, NFAT5, SORT1, LY96, SBNO2, TAF1D, FOXC2, ATP2C2, TCF12, SYNJ2BP, SRGAP3, RPL8, BATF3, TULP4, KHDRBS1, LY75, SLC7A1, SLCO4A1, CPA3, ARHGEF6, CIR1, KIF22, MEF2D, DDX17, MORC2, RAD17, ACSL1, ACOXL, HNRNPA0, CD3E, TOMM20, SLC12A6, POFUT2, AASDHPPT, FOXJ3, IVD, FABP1, IRS2, DDT, RAB20, STOM, SCAPER, CCDC82, PCYT1A, PRRG2, KANSL2, SLC22A4, FCER1A, UTRN, ARSB, RECK, CHD1, AGO1, SMUG1, ATP6V1A, ZMYM6, ZNF428, TAF2, PRPSAP2, MID1IP1, RHOG, POLD4, ZMYM2, MFSD6, PCNT, MAN2C1, F9, RFC1, P2RY14, AHCTF1, SNX2, NDUFB6, TAF1, EEF1G, PSMD2, UNC119, CMC4, CHST12, IDH1, RPL13A, ZFP36L1, MBNL3, RAB6A, MSRA, SRSF5, PTPN9, KLF11, MAPKAPK2, FAM168B, IL5RA, KEL, TNFRSF21, TTC3, APBB3, UCP2, LIN28A, GIN1, TPPP, UBP1, OGT, DEXI, THAP3, CDIP1, CTCF, SLAMF8, MGAT4B, CSE1L, ST3GAL2, HTATSF1, PRR5, GZMH, RCBTB1, ERCC5, F10",43.53,13.36,0,0
Human_24,Mouse_24,0.065,382,604,4934,986,5316,"IFITM1, IFNAR2, ANK1, TMOD1, PIK3IP1, OVGP1, ASNS, TSC22D3, SESN1, DGKA, IL7R, CPSF6, OPTN, MLLT3, RABGAP1L, ZNF318, CXCR4, CRLF3, RNF123, GIMAP5, PUS7, CTSO, CD36, RRAS2, ZMYM6, NEK1, CD19, CLK1, MAP4K2, CMC4, RAPGEF4, SLC23A2, GADD45A, ATP6V1G1, TAX1BP1, LAPTM4A, SLC22A4, MGST3, MPHOSPH9, KEL, GLUL, USP11, EIF2AK1, BLK, RHAG, HS3ST1, ANGEL2, SLC43A1, SH3YL1, EIF4A2, HNRNPA3, LAX1, RAB3GAP1, BRCC3, PAN2, CBR1, PRDM4, SIDT1, BACH2, AKAP8, DCTD, AP3M2, IMPACT, IPCEF1, KLF1, GMCL1, GCH1, GZMM, PRNP, HLA-DOB, HSD11B2, CCNB1IP1, ABCB7, MGST2, RBM38, BRD9, BLVRB, EHD1, CDC45, ATG4A, UBE2W, CBX7, RPS6KA5, KMO, HAAO, ATP6V0D1, CBR3, STK3, RNASEH2B, IRF4, HAX1, MBTPS1, DDX46, ARHGEF18, SMAD7, BTG2, MAFG, LRIG2, ZZZ3, BCKDHB, TBC1D2, EIF4EBP1, TCEA1, C5AR1, CABP5, PRDX2, CD200, BLNK, PLGRKT, CHI3L1, VAMP1, HMG20A, ICAM2, DDHD2, CCR3, SRSF2, DDX17, IFRD2, PLD3, CD28, SF3B1, CARM1, LDB1, SMAP1, CD72, NKTR, UBR2, JMJD1C, ATP6V0C, NXPE3, ACSL1, HMGB3, SUN2, ZFAND5, TLN2, USP14, ZBTB20, TTPAL, SRSF7, APPL2, TUBA1C, COMP, MYH7B, CD3D, HERPUD1, HTATIP2, IVD, PPAT, DMTN, RPL18, DCAF6, FPR1, CLK2, CD2, DZANK1, ZBTB14, PIP5K1B, INTS6, DDB2, CCR7, BSG, ENDOD1, DHX57, PAXBP1, MAVS, EIF3F, CLEC4E, LHX1, TXNIP, TDRD7, DNAJB2, MAP4K1, POU2AF1, PTCD3, SEH1L, GPR183, NFAT5, MYOG, PDE3A, PIM1, RPS18, ZNF428, RPS5, PELI1, TRIM17, PARP11, TRIM44, HNRNPH3, ODF2, RPS25, ILF3, GRAP2, RABEP2, KNTC1, ZW10, DENND2D, HIP1R, ZNF451, KBTBD11, GIMAP6, ABHD17B, ZFAND1, NR1H4, TNFRSF25, TCF20, UBTD1, SNRNP70, FBXO7, CKS1B, LYRM4, REL, CD79B, PPP1R10, FAM32A, RPS19, ST3GAL2, SYNJ2BP, PAFAH1B1, NEK4, SATB1, ITPR3, HP, INPP5E, SEC16A, COLGALT1, EAF2, STOM, PDCD4, HECA, SERPINB1, FNBP4, NOL3, PDK3, PKN2, PCGF2, SON, PIP4K2A, LAT, GPR18, CD74, LCOR, RBM26, MMS19, SRSF10, CD59, CPT1A, RAB6A, BAG4, DGKD, EEF1G, PSMD2, NUP155, SKAP1, CDKN2C, RPL10A, FIP1L1, MSH6, C21orf91, PIR, STAB1, TRAF3IP2, PDZK1IP1, CCDC88C, CCNA2, SLC35B1, GALR2, ALAD, CDIP1, EIF2AK3, CIR1, EGR4, TCF15, TRIT1, MAPK13, APOL2, TRAK2, CCDC134, CCNL2, S1PR4, RPS3, TXN2, GAS6, ZNF814, IRF3, PLEKHA5, FAM50B, SLC4A1, INPP4B, PURA, TPCN1, ZFP36L2, DICER1, C3, ST6GAL1, BCL11B, HLA-DRB1, DHX30, CD22, SLC12A6, SYNE1, USP36, RPSA, RPS13, LEF1, PAX4, TCEA2, ACOT2, CRYAA, CXXC1, TAF2, HS3ST3B1, RGL1, HUS1, TAF15, PSMF1, FCHSD2, SRSF5, ZC3H15, CXCR5, TAF1D, IRF7, PHF21A, NFKBIA, SEC23A, UBE2C, TUBGCP5, TUBGCP3, CD3G, RPS11, DIS3, GGCX, UNC119B, NFRKB, RPL32, PLOD1, PNPLA2, ZNF329, ZMYM2, DMTF1, SEC11A, CYTIP, CD5, RPL27A, HNRNPH1, HNRNPA1, FCER1A, ITK, ITPKB, MZF1, DFFB, TRAF3IP3, XPO7, POLD4, RFTN1, SATB2, GTPBP4, SLC1A5, STOML1, PITRM1, ADD3, METTL8, THUMPD1, CHAF1B, SLC25A3, INHA, CFB, ATRN, ABLIM1, ETS1, TBCE, SCAPER, CCDC82, IL33, NKIRAS2, OTUD4, UBFD1, SLC7A5, SPTA1, SMOX, GLRX2, TGM1, TP53I11",38.74,7.19,0,0
