Cond1,Cond2,jaccard_distance,Shared,NotShared_cond1,NotShared_cond2,Total_Genes_Cond1,Total_Genes_Cond2,Genes_Names,Percentage_Shared_Cond1,Percentage_Shared_Cond2,pvalue,-log(p)
Mouse Day 1,Mouse Day 3,0.232,660,1694,489,2354,1149,"A2ML1, ABHD12B, ABLIM2, ACAA2, ACAP3, ACTL7A, ACTR10, ACTR6, ADAM10, ADAM19, ADAMTS8, ADAMTSL5, ADRB3, AFAP1L1, AGA, AGPAT3, AHSG, AIF1L, AIG1, AIMP1, AKAP4, AKIP1, AKR1A1, ALG5, ALG9, AMOTL1, ANK2, ANKRD13D, ANKRD16, ANKRD27, APIP, APOO, AQP11, ARFRP1, ARHGAP28, ARL10, ARL5C, ARL9, ARMC10, ARMC2, ARR3, ASAP1, ASGR2, ATP6V1E2, ATP7B, ATP8B3, BAD, BASP1, BAZ1B, BBS1, BCORL1, BDNF, BFSP1, BMP2K, BMP8B, BRD2, BTF3L4, BTLA, C1QB, C1QL2, C2CD4C, C3, CABLES1, CACNG7, CBL, CBX1, CCDC13, CCDC142, CCDC153, CCDC42, CCL19, CCRL2, CCT4, CCZ1, CD300C, CD48, CD79A, CDC34, CDC42EP5, CDCP2, CDH7, CDHR3, CDHR4, CDK4, CDKL2, CENPE, CEP63, CERS5, CETN3, CHAD, CHCHD3, CHMP4C, CHRNA4, CHST14, CLPTM1L, CMTM5, CMTM7, CNFN, CNTN6, COG2, COL20A1, COL2A1, COL6A2, COMMD6, COPZ2, COX4I2, COX6B1, COX7A1, CPE, CPLX3, CPT1A, CREB1, CRNDE, CRTAP, CSF1, CSMD2, CSNK2B, CTDNEP1, CTDSPL, CTRL, CYP2E1, CYP46A1, D2HGDH, DBNDD2, DCAF7, DCDC2B, DCHS2, DDN, DDO, DDX28, DDX47, DDX52, DENND2D, DFFB, DHCR24, DHRS7B, DHX8, DIO1, DIXDC1, DLK2, DMPK, DMWD, DNAJB14, DOC2A, DOCK6, DPP6, DPYSL4, DTD1, DTNB, DTNBP1, DUSP1, DUSP2, EBF4, EBP, EFNA3, EFNA4, EFS, EGFR, EGLN2, EHF, EIF2D, EIF3F, EIF3M, EIF4A1, ELF4, ELK4, ELOF1, ENDOG, EPB41L4B, EPHB2, EPHX1, ERMAP, ESRP1, ESYT3, ETV1, ETV4, EXOC3L2, F7, F9, FAAH, FADS1, FAM124B, FAM135B, FAM174A, FAM204A, FAM24B, FAM83F, FAM89B, FANCE, FASTKD3, FAT2, FBLN1, FCHSD1, FGB, FGF13, FGF8, FGFR2, FHL3, FHL5, FIGNL2, FKBP3, FOXF1, FOXS1, FUCA1, FZD3, GABRB3, GABRE, GABRR2, GALNT7, GALT, GBE1, GBP5, GDF3, GIGYF1, GIMAP5, GIPC1, GJB1, GLOD4, GLT8D2, GORASP2, GPAM, GPATCH8, GPIHBP1, GPLD1, GPRC5C, GPRC5D, GRB2, GRIK3, GRM2, GRWD1, GSDMC, GTF2H1, GUCA1B, GUCA2A, GUK1, HAP1, HES6, HES7, HHAT, HIGD1B, HIPK2, HIPK4, HMGN1, HNRNPA1, HOXA4, HPRT1, HS3ST1, HSD17B10, HSD17B14, HTR2C, HTR6, ICA1L, ICAM2, IDH2, IFNA14, IFNA16, IGDCC3, IGF1, IGFN1, IGSF9B, IL10RA, IL11, IL24, IL27, ILDR2, IMP3, INHBE, INO80E, INSIG2, IPO4, IRAK1BP1, IRS4, ITPA, JKAMP, JSRP1, JUND, KCNE4, KCNG4, KCNK4, KCNK9, KCNMB4, KCNN3, KCTD3, KIF26A, KLHDC7B, KLHL21, KLHL22, KLRD1, KPNA6, KRCC1, KRT31, KRT6B, KRTAP20-2, KRTAP26-1, KRTAP5-5, L1CAM, LAIR1, LAMB3, LANCL1, LCLAT1, LCN10, LCN12, LCN2, LDB3, LEFTY2, LELP1, LGALS3, LHFPL3, LIN28A, LMAN2, LMOD3, LRIG2, LRP5, LTF, LTV1, LY6D, LYPD2, LYPD6B, LYSMD1, MADCAM1, MAFG, MAGOH, MAP1A, MAP4K4, MAP6, MAPK15, MBD3, MC4R, MCTP1, MDM2, MDP1, MED10, MED28, MEF2C, MEIS3, MEP1A, MESP2, MFNG, MFSD1, MGAT2, MIA, MLANA, MOB4, MPV17, MRPL21, MRPL22, MRPL27, MRPL3, MRPL49, MRPL53, MRPS10, MRPS26, MSGN1, MSL1, MTBP, MTCP1, MTFMT, MTM1, MTUS1, MUC20, MYB, MYLK2, MYLK3, MYOZ3, NAA20, NACA, NAGPA, NBEAL1, NDST1, NDUFA4L2, NDUFA8, NDUFA9, NDUFAB1, NDUFB5, NDUFS2, NECAB2, NECAP1, NETO1, NFE2, NFIC, NFU1, NIPSNAP3B, NKX2-6, NLRC3, NOG, NOM1, NPC2, NPEPL1, NPM1, NPW, NR1H2, NTN1, NTSR2, NUAK1, NUP107, NWD1, NXN, NXT1, ONECUT2, OOSP1, OR2H2, OR51M1, OR51Q1, OR52E4, ORC3, OTOP1, OTOS, OVCH2, OXA1L, OXT, PACS2, PAQR5, PARM1, PCGF5, PDCD10, PDE11A, PDGFA, PDHB, PEX1, PEX11B, PEX6, PFAS, PHC2, PHPT1, PIGP, PIGZ, PIN1, PIN4, PIWIL4, PKD1L2, PKN1, PLA2G12B, PLA2G1B, PLAC8, PLBD2, PLCB2, PLCXD1, PLEKHM3, PLIN4, PLOD1, PNLIPRP1, PNMA3, PNMA5, PNPLA2, POC5, PODNL1, POLD4, POLR2F, POLR2G, POLR3H, POMP, POP7, POU3F1, POU6F2, PPFIA3, PPFIBP1, PPIB, PPP1R2, PPP3CC, PREPL, PRKAB1, PRKAG1, PRND, PRODH2, PRRG4, PRSS53, PSD2, PSMB4, PSMB7, PSMB9, PSMC2, PSME4, PSTPIP2, PTCHD3, PTGIS, PTN, PTPN22, PTPRH, PTPRN2, PVALB, PYCARD, RAB11FIP4, RAB22A, RAB26, RAB40C, RAB6A, RASGRF2, RB1, RBM3, RBP4, RBX1, RCBTB1, RECQL5, REEP6, REM1, REP15, RGS21, RGS7, RHOC, RMI2, RNF167, RNF170, RNF212, RNF215, RPA1, RPA3, RPF2, RPL11, RPL13A, RPN2, RPS27L, RSL1D1, RXRB, S100A2, S100A5, S100B, SART1, SBK1, SCO1, SCUBE2, SDHB, SENP3, SESN2, SFRP4, SGPP1, SH3BP1, SHISA8, SIRT5, SKAP1, SLA, SLC12A4, SLC25A14, SLC25A32, SLC25A4, SLC27A4, SLC28A3, SLC29A2, SLC30A5, SLC31A2, SLC35B1, SLC35B2, SLC38A10, SLC38A3, SLC39A11, SLC8A1, SLIT1, SLITRK4, SMTN, SMU1, SMURF1, SMYD1, SNORA43, SNORD33, SNORD34, SNORD35A, SNX22, SORT1, SOSTDC1, SPATA2, SPATS2L, SPEG, SPIN1, SPOCK1, SPRN, SPRR1A, SPTA1, SPTBN5, SRA1, SRD5A3, SRP9, STAM2, STIP1, STK11IP, STK38L, STXBP4, SUMO1, T, TAF9, TBC1D21, TBCA, TBRG1, TCEAL6, TCTE1, TEAD1, TEKT4, TERC, TFAP2D, TFCP2, TGFB3, THOC7, TIGD5, TINF2, TIPIN, TLR8, TLR9, TM2D2, TM7SF2, TM7SF3, TMED3, TMEM107, TMEM108, TMEM11, TMEM116, TMEM119, TMEM130, TMEM151A, TMEM192, TMEM219, TMEM222, TMEM54, TMEM59, TMEM9, TMPRSS11F, TNF, TNFRSF11A, TNFRSF13B, TNFRSF4, TNS1, TOM1, TOM1L2, TOR1A, TPMT, TPRA1, TRAF1, TRAPPC9, TRIM35, TRMT2B, TRPC4, TRPV4, TRUB1, TSPAN3, TTC16, TTLL13, TTLL8, TUB, TUBG2, TULP2, U2AF1, UBAP2L, UBE2G2, UBE2I, UBE3B, UBTD1, UCK1, UQCRFS1, VSIG4, VTI1B, WDR38, WDR5, WSCD2, XKR5, XPOT, YIF1B, YPEL1, ZBTB1, ZBTB42, ZBTB46, ZDHHC6, ZIC1, ZSCAN10",28.04,57.44,4.294265431520324e-227,226.36711111502743
Mouse Day 1,Human Day 1,0.155,1144,1210,5022,2354,10654,"AATK, ABCA2, ABCC1, ABHD15, ABHD16A, ABLIM2, ACAP2, ACD, ACSS1, ACSS2, ACTL7A, ACTR10, ACTR3, ACTR8, ACVR2B, ACYP1, ADAM10, ADAM11, ADAM19, ADD3, ADNP, ADORA3, AEBP2, AGA, AGL, AGPAT3, AGPAT4, AGRN, AHSG, AIF1, AIF1L, AIFM2, AIG1, AIM2, AIMP1, AKR1A1, ALG1, ALG5, ALG9, ALMS1, ALOX15, AMZ1, ANKRA2, ANKRD10, ANKRD13D, ANKRD16, ANKRD22, ANKS3, ANKZF1, ANXA4, AOC3, AP4B1, AQP11, ARAP2, ARHGAP15, ARHGEF10L, ARHGEF4, ARL10, ARL8B, ARMCX5, ARPC5L, ASAP1, ASB7, ASCC2, ASCL2, ASF1A, ASGR2, ASNS, ASPH, ASTN2, ATAD1, ATF3, ATF4, ATF7, ATG16L1, ATMIN, ATP1A1, ATP6AP2, ATP6V0E2, ATP6V1D, ATP7B, ATP9B, ATXN2, ATXN7L1, B2M, B3GAT1, B4GALT5, BAIAP2, BATF3, BAZ1A, BAZ1B, BCL10, BCL11B, BCL7A, BFSP1, BLK, BLOC1S3, BMP2K, BMX, BRCC3, BRD2, BRD4, BRI3, BRI3BP, BRPF3, BST2, BTG1, BTLA, BUB3, C1GALT1C1, C1QB, C2CD4C, C3, CACNA2D2, CACNG7, CAMK1, CAMK2G, CAPN10, CAPN5, CAPZA2, CASP6, CASP7, CATSPER2, CBX1, CCDC13, CCDC142, CCDC153, CCDC57, CCNG1, CCNL2, CCP110, CCRL2, CCT2, CCT4, CD200, CD247, CD302, CD38, CD40, CD5, CD53, CD8A, CD96, CDC14A, CDC27, CDC37L1, CDH26, CDHR3, CDK12, CDK2AP1, CDK4, CDK9, CDKN2AIP, CDNF, CDS2, CEP128, CEP350, CEP57, CEP63, CEP76, CETN3, CFP, CGGBP1, CHCHD3, CHD2, CHFR, CHMP5, CHN2, CHRNB4, CHST12, CHUK, CIAO1, CIAPIN1, CIB1, CIB2, CLCF1, CLDN23, CLEC4E, CLEC5A, CLINT1, CLNS1A, CLPTM1L, CLSTN1, CLSTN3, CLTA, CLYBL, CMC1, CMTM7, CNDP2, CNRIP1, COG2, COL6A2, COPS7A, COPZ2, CORO1B, COX4I1, COX7A2L, CPD, CPNE5, CPNE7, CREB3L1, CRISPLD2, CRTAP, CSF1, CSK, CSNK1D, CSNK1G3, CSRP2, CTDSP2, CTRL, CTSA, CTSD, CTSH, CTSS, CXCL10, CYFIP1, CYP2E1, D2HGDH, DALRD3, DBNL, DCAF17, DCAF6, DCBLD1, DCP2, DCUN1D2, DDA1, DDB2, DDN, DDO, DDX28, DDX47, DDX52, DDX6, DEGS1, DENND2D, DEPDC5, DEXI, DGKQ, DHRS7B, DHRS9, DHX15, DHX8, DIAPH1, DIXDC1, DLEC1, DMPK, DNAAF2, DNAJA3, DNAJB11, DNAJB9, DNAJC7, DPP6, DRAP1, DTD1, DTNA, DTNBP1, DTYMK, DUSP1, DUSP12, DUSP2, DUSP28, DUSP6, EBF4, EBP, EBPL, ECHS1, EDEM2, EEF1E1, EEF2, EHBP1L1, EIF1B, EIF2AK2, EIF2AK3, EIF2AK4, EIF2D, EIF2S2, EIF3A, EIF3E, EIF3F, EIF3H, EIF3I, EIF3M, EIF4A2, EIF4E3, EIF4H, EIF5A, ELF4, EMILIN2, EMP1, EPHB2, EPHX1, ERBB2, ERCC3, ERCC8, ERGIC2, ERLIN1, ERMN, ERP29, ESRRA, ESYT2, ETFDH, ETV1, EVPL, EXOSC7, FABP5, FAIM, FAM107B, FAM124B, FAM135B, FAM168B, FAM204A, FAM24B, FAM3C, FAM3D, FAM43A, FAM83F, FAM91A1, FANCA, FANCB, FANCE, FANCM, FBLN1, FBXO2, FCGR2B, FCRLA, FEM1A, FEM1C, FGF13, FGFR2, FGL2, FHOD1, FILIP1L, FKBP3, FLT3, FLVCR1, FMR1, FNBP4, FNTB, FOS, FOXJ3, FOXM1, FOXO4, FPR1, FPR2, FUCA1, FURIN, FUT4, FXR1, FXR2, FXYD1, FZD3, GABRB1, GAL, GALNT11, GAMT, GATA2, GBE1, GBP5, GCNT1, GCNT2, GET4, GFOD1, GIGYF1, GIPC1, GIT2, GLIPR1, GLOD4, GLT1D1, GLT8D1, GLYCTK, GM2A, GMPR2, GNB4, GNGT2, GNPTAB, GPAM, GPATCH2, GPATCH8, GPHN, GPM6B, GPN3, GPR18, GPR65, GPRC5C, GRAMD1B, GRB2, GRID1, GRIK3, GRWD1, GSDMD, GSS, GTF2B, GTF2E1, GUSB, GZMA, GZMK, HABP4, HACE1, HACL1, HAP1, HARS2, HAUS4, HCRTR1, HDAC3, HDAC4, HDX, HEXA, HEXB, HHAT, HHEX, HIGD2A, HINT1, HIPK2, HIPK3, HLX, HMG20A, HMGXB4, HNRNPA1, HNRNPH1, HOXA6, HP, HP1BP3, HPGD, HPS6, HS3ST1, HSPA14, HSPA8, HTRA2, IAH1, ICA1L, ID2, IDH2, IER2, IFI44, IFITM1, IFITM2, IFT140, IFT74, IFT88, IGBP1, IGFBP6, IGSF1, IL10RA, IL10RB, IL12RB2, IL1R2, IL24, IL2RA, IL2RB, IL34, IL5RA, ILVBL, IMP3, IMPA1, IMPA2, ING2, INO80E, INPP5B, IPO4, IRF1, IRS2, ISG20, ITFG1, ITGB1, ITM2A, ITM2C, JKAMP, JTB, KCNC3, KCNJ15, KCNMB4, KCTD10, KCTD15, KCTD5, KDM4C, KIF13A, KIF1C, KIF2A, KLHL22, KLHL24, KLHL6, KLHL9, KLRD1, KLRG1, KPNA2, KREMEN1, KRT18, KRT31, KRT86, LACTB2, LAIR1, LAMP3, LAMTOR3, LANCL1, LCLAT1, LCMT1, LCORL, LDHA, LDLR, LEMD2, LEP, LGALS8, LIN28A, LIX1L, LOXHD1, LPIN2, LRG1, LRIG2, LRP8, LRRC8A, LTBP4, LUC7L, LXN, LZIC, MAF, MAK, MAP3K13, MAP3K8, MAPK14, MAPRE2, MARCKS, MARS2, MBIP, MBLAC2, MBOAT1, MBTPS1, MCOLN1, MCTP1, MDH1, MDH2, MDK, MDM2, MDM4, MDN1, MED10, MED20, MED26, MED28, MEF2C, MEFV, MEI1, MEN1, METAP1, METTL21A, MEX3C, MFNG, MGAT1, MIDN, MIIP, MIS18A, MKKS, MKLN1, MLLT10, MORC3, MOV10, MPDU1, MPPE1, MPST, MRGPRF, MRPL39, MRPL49, MRPL50, MRPS10, MRPS26, MRPS6, MRPS9, MSH2, MSH6, MSL1, MSL3, MTBP, MTIF3, MTM1, MTMR12, MTMR6, MTPN, MUC20, MUL1, MXD1, MYB, MYCBP2, MYL12A, MYLK2, MYO18A, MYO5A, MYOZ3, MZB1, NAB2, NAPG, NBEAL1, NCALD, NCEH1, NCK1, NCR1, NDE1, NDST2, NDUFA10, NDUFA9, NDUFB11, NDUFB3, NDUFS5, NECAB2, NECAP1, NEDD4L, NETO2, NFATC2IP, NFYB, NGDN, NGRN, NIPSNAP1, NKG7, NLGN2, NLGN3, NLRP3, NMB, NOD1, NOG, NPC2, NPEPL1, NPFF, NPM1, NPRL2, NR1H2, NRBF2, NSUN6, NT5C, NT5DC3, NUAK1, NUBP2, NUDT1, NUDT14, NUDT6, NUP107, NUP35, NUP43, NXT1, OFD1, ORC2, ORC3, OSBPL3, OSBPL6, OSCAR, OSGIN1, OSGIN2, OTOS, OTUD3, OTUD4, OTUD7B, OTX1, OXA1L, OXT, P2RX4, P2RY14, P2RY6, P4HA1, PACS2, PAIP2B, PAPOLG, PARD6B, PARP1, PCBP1, PCGF5, PCGF6, PCNP, PCYOX1, PDCD10, PDE3B, PDE4A, PDE6G, PDGFA, PDK1, PDLIM2, PELI1, PEX1, PEX11A, PEX11B, PEX13, PEX14, PFAS, PHAX, PHB2, PHC2, PHEX, PHF23, PHLDA1, PHPT1, PHRF1, PI16, PIGP, PIGS, PIGZ, PIK3C2B, PIM2, PIM3, PIN1, PIP4K2C, PITPNC1, PKN1, PLA2G12A, PLAC8, PLBD1, PLCB1, PLCB2, PLCXD1, PLEKHB1, PLEKHM2, PLOD1, PLSCR3, PLVAP, PLXDC1, PLXND1, PM20D1, PMF1, PMM1, PMPCB, PNLIPRP1, PNMA3, PNRC1, POC5, POLK, POLR1C, POLR2G, POLR3E, POLR3H, POLR3K, POLRMT, POMP, PON2, POP7, POU3F1, PPARA, PPFIA1, PPID, PPP1R2, PPP1R3D, PPP2CA, PPP2R2A, PPP3CC, PRAM1, PRCP, PREPL, PRKAB1, PRKAG1, PROK2, PRPS2, PRRG4, PRSS53, PSMA3, PSMB4, PSMB9, PSMC2, PSME2, PSMG3, PSTPIP2, PTDSS1, PTGS2, PTOV1, PTPN22, PTPRA, PTPRJ, PTPRN2, PTPRO, PTTG1IP, PYCARD, QSOX1, RAB12, RAB2A, RAB40C, RAB43, RAB4A, RAB5A, RAB8A, RABGGTA, RABIF, RABL3, RAD1, RAD17, RAD18, RAD51D, RAI1, RAN, RANBP3, RAP1B, RASA4, RASL11B, RB1, RBBP8, RBFA, RBL1, RBM17, RBM3, RBM5, RC3H2, RCN2, RDH11, REEP5, REEP6, REL, RER1, REXO2, REXO4, RFX3, RHOQ, RHOT1, RIOK1, RIOK2, RMI2, RNASE6, RNF111, RNF126, RNF145, RNF170, RNF181, RNF20, RNF215, RNF220, RNF34, RNPS1, RPA1, RPAIN, RPL11, RPL12, RPL13A, RPL14, RPL15, RPL22, RPL23, RPL23A, RPL27, RPL37A, RPLP2, RPN2, RPP38, RPS13, RPS27L, RPUSD4, RRAGC, RRAS, RRP7A, RSBN1, RSL1D1, RSL24D1, S100A4, S100A8, S100A9, S100B, SAMD9L, SBK1, SCAF11, SCARB2, SCO1, SCO2, SCP2, SCRT2, SCYL1, SDHB, SEC24D, SEMA3C, SEMA6C, SENP7, SERTAD3, SETD2, SETD7, SETDB2, SF3B5, SGK1, SH2D1A, SH3BP1, SH3BP5L, SIAH2, SIKE1, SIPA1L2, SIRT5, SKAP1, SLA2, SLAIN1, SLAIN2, SLAMF8, SLC15A4, SLC16A3, SLC20A2, SLC22A1, SLC22A17, SLC25A14, SLC25A17, SLC25A3, SLC25A4, SLC25A44, SLC25A45, SLC26A11, SLC27A4, SLC2A8, SLC30A4, SLC31A2, SLC35A1, SLC35A4, SLC35B1, SLC35E4, SLC37A1, SLC37A2, SLC39A1, SLC39A11, SLC41A3, SLC44A1, SLC6A12, SLC8A1, SLCO3A1, SLFN5, SLITRK4, SMCHD1, SMG6, SMNDC1, SMO, SMPDL3A, SMTN, SMU1, SMURF2, SNAPC3, SNORD33, SNORD34, SNORD4A, SNRPC, SNX1, SNX10, SNX2, SNX22, SNX25, SNX5, SNX6, SOCS3, SORT1, SP4, SPAG9, SPATA2, SPATA6, SPATS2L, SPCS1, SPDEF, SPECC1L, SPNS1, SPNS2, SPSB2, SPTA1, SPTLC1, SRA1, SRBD1, SRGN, SRPK1, SRRM2, SRRM3, SRSF5, SRSF6, SS18L2, ST6GALNAC6, ST7L, ST8SIA4, STAM2, STARD3NL, STAT3, STK11IP, STK38L, STOM, STX11, STX1A, STX2, STXBP4, SURF1, SUSD3, SYN1, SYNPO2, TAB3, TADA1, TAF4, TAF6, TAF8, TAF9, TANK, TAPBPL, TAPT1, TATDN2, TBC1D1, TBC1D10A, TBCCD1, TBL1XR1, TBP, TBPL1, TCF4, TEAD1, TEF, TEP1, TERT, TEX2, TFB2M, TGIF1, THBD, THOC3, THOC7, TIMM9, TINF2, TIPARP, TIPIN, TIPRL, TLE1, TLK2, TLR8, TLR9, TM6SF1, TM7SF2, TM7SF3, TMBIM4, TMC5, TMED2, TMED3, TMED9, TMEM107, TMEM108, TMEM116, TMEM119, TMEM123, TMEM126B, TMEM129, TMEM141, TMEM165, TMEM204, TMEM219, TMEM51, TMEM54, TMEM59, TMEM86B, TMEM9, TMEM9B, TMPO, TMTC3, TNF, TNFAIP3, TNFRSF11A, TNFRSF1B, TNFSF12, TNFSF13, TNMD, TNRC6A, TOM1, TOM1L2, TOMM20, TOMM6, TOMM7, TOPORS, TOR1A, TPMT, TPP2, TPRA1, TRAF1, TRAF3IP3, TRAPPC6A, TRDMT1, TRIB2, TRIM31, TRIM35, TRIM65, TRIM68, TRIM8, TRMT112, TRMT2B, TRMT5, TRPM7, TRPV4, TSEN34, TSFM, TSPAN14, TSPAN3, TSPYL2, TSPYL4, TTC16, TTC32, TTC7B, TUBB6, TUBG2, TWF2, TXNDC15, TXNIP, TYMP, TYW5, UAP1, UBAP2L, UBE2A, UBE2G2, UBE2I, UBE2M, UBE2Q2, UBFD1, UBIAD1, UBTD1, UBXN2B, UCN, UFL1, UNC119B, UNC93B1, USF2, USP30, USP42, USP47, UVRAG, VDAC3, VGLL4, VIM, VIPR1, VPS11, VPS13A, VPS26B, VTA1, WDR37, WDR5, WDR59, WDR74, WEE1, WNT1, WRNIP1, WSCD2, XBP1, XCL1, XPO4, XPOT, YAF2, YBX2, YIF1A, YIF1B, YIPF2, YIPF6, YPEL1, ZBTB1, ZBTB10, ZBTB25, ZBTB5, ZDHHC21, ZFAND1, ZFP36, ZFP36L2, ZFYVE21, ZFYVE27, ZMAT1, ZMYM2, ZNRF2, ZSWIM5, ZZZ3",48.6,10.74,0,Inf
Mouse Day 1,Mouse Day 7,0.048,122,2232,178,2354,300,"ABI3, ACTL7A, AHR, ALOX15, ANK2, ARL9, ASGR2, ATP6V1E2, ATP8B3, BAIAP2, BEST2, BRD2, C1QL2, C3, CAMK1, CCL19, CCR3, CD300C, CDC42EP5, CDCP2, CEBPE, CFP, CNTN6, COL2A1, COL6A2, CSF1, CSF2RB, CTRL, D2HGDH, DCAF7, DCHS2, DLK2, DNAJB14, DOC2A, DPP6, DPYSL4, DUSP1, FAM124B, FAM83F, FGB, FGF8, FOXF1, GABRR2, GLIPR1, GPATCH8, GRIK3, HTR6, IFT140, IGFN1, IGSF9B, IL4, INPP5J, IQSEC3, KRT6B, LANCL1, LEFTY2, LIX1L, MADCAM1, MAPK15, MDP1, MESP2, MSGN1, MTUS1, MYOZ3, NR1H2, NXN, ONECUT2, OPN1MW, OR51M1, OSGIN1, OTOP1, PIGZ, PLCB2, PLSCR3, PMF1, PNLDC1, PNLIPRP1, PNMA3, PNMA5, POC5, PODNL1, PRG2, PTCHD3, PTN, PTPRH, PTPRN2, PYGL, RAET1E, RASGRF2, RBP4, RECQL5, REM1, RMI2, RNF170, RRP7A, S100B, SCTR, SEMA7A, SERPING1, SHISA9, SLC12A4, SLC25A1, SLC27A4, SPTBN5, TEAD1, TEKT4, TFAP2D, TM2D2, TM7SF2, TNFRSF11A, TNS4, TOM1, TRAPPC9, TRPC4, TRUB1, UBAP2L, XKR5, YBX2, ZAR1L, ZBTB32, ZBTB46, ZSWIM5",5.18,40.67,2.7679978844239737e-192,191.5578342461457
Mouse Day 1,Human Day 7,0.108,445,1909,1761,2354,3149,"AATK, ACAP2, ACD, ACSS2, ACTR6, ADD3, ADSL, AGPAT4, AGPAT5, AHR, ALG1, ALG5, ANKRD16, ANKZF1, AOC3, APOO, ARHGAP30, ARHGEF10L, ARID3A, ARL8A, ARPC5L, ASAP1, ASGR2, ASNS, ASPH, ATAD1, ATF4, B3GNT8, B4GALT5, BAIAP2, BANP, BASP1, BATF3, BCORL1, BLK, BMX, BRI3, BTG2, BTLA, C1GALT1C1, CAMK1, CAPN5, CASP8, CBL, CBLL1, CCDC117, CCDC125, CCDC153, CCDC57, CCDC82, CCRL2, CCT2, CD14, CD302, CD38, CD48, CD79A, CDC27, CDC34, CDH26, CDK9, CDS2, CEP128, CEP350, CEP57, CEP63, CFP, CHST12, CKS2, CLEC4E, CLEC5A, CLNS1A, CLPTM1L, CMC1, COIL, COX6B1, CPD, CPNE5, CREB1, CRISPLD2, CSGALNACT2, CSNK1D, CSRP2, CST3, CTDSP2, CTSD, CTSS, CXCR1, CXCR2, DAAM2, DAGLB, DBI, DCAF12, DCBLD1, DGAT2, DHX8, DIAPH1, DNAJB11, DNAJB9, DOCK2, DUSP12, DUSP6, EBI3, EBP, ECHS1, EED, EEF1E1, EHBP1L1, EIF2AK2, EIF3E, EIF3I, EIF4E3, ELF2, ELF4, EMILIN2, EMP1, ENOPH1, EPHX1, ERLIN1, EZH2, FAM3C, FAM3D, FAM89B, FHOD1, FKBP3, FLOT2, FOSL2, FPR1, FPR2, FXYD6, GATA2, GFPT1, GGCT, GIT2, GLT1D1, GLT8D1, GMNN, GNA14, GNB4, GORASP2, GOT1, GPR18, GPRC5D, GRB2, GRM5, GZMA, GZMK, HARS2, HDAC4, HEATR5A, HERPUD1, HINT1, HIPK3, HLX, HSP90B1, HSPA14, HSPA8, HTR6, IAH1, ICAM2, IDH2, IER2, IFITM2, IGF1, IL18R1, IL1R2, IMPA1, IMPA2, IRS2, ITM2C, ITPA, JTB, KBTBD4, KCNJ15, KCNN3, KCTD15, KDELR2, KIF13A, KIF1C, KLHL21, LAMP1, LANCL1, LDHD, LEPR, LGALS3, LMAN2, LRG1, LRRC8A, LSM1, LTBP4, LYPLAL1, MADCAM1, MAF1, MAGOH, MAGOHB, MAK, MAPK14, MAPKAPK3, MARCKS, MAST3, MBOAT1, MDH1, MDP1, MEF2C, MEI1, METRNL, MEX3C, MGAT2, MIDN, MKLN1, MPEG1, MPPE1, MRC2, MRPL15, MRPL17, MRPL21, MRPL22, MRPL27, MRPL3, MRPL36, MRPL39, MRPL40, MRPL53, MRPS26, MRPS35, MSL1, MXD1, MYO5A, MZB1, NCEH1, NCK1, NDE1, NDST1, NDST2, NDUFA8, NDUFAB1, NDUFB11, NDUFS5, NDUFV2, NECAB2, NFIC, NLRP3, NMB, NPC2, NPEPL1, NPM1, NR4A1, NRBF2, NT5C, NUDT1, NUDT3, NUP107, NXT1, OPTN, OSCAR, OSGIN1, OTX1, PACS2, PCNP, PDCD10, PDE4A, PDK1, PHC2, PHPT1, PID1, PIK3C2A, PIK3CB, PIM2, PLAC8, PLBD1, PLCB1, PLCB2, PLEKHM3, PLIN4, PLOD1, PLXNC1, PLXND1, PNPLA6, POLR3K, PPFIA1, PPIB, PPP1R3D, PPP2R5A, PPP3CC, PRAM1, PRCP, PRG3, PRRG4, PSMB7, PSMC2, PSMG3, PTGS2, PTPRJ, PTTG1IP, PYGL, QSOX1, RAB11FIP4, RAB26, RAF1, RAN, RBKS, RBM17, RCBTB2, RCN2, RCN3, REL, REXO2, RFX3, RGL2, RPA3, RPAIN, RPIA, RPL11, RPL15, RPL23, RPL27, RPN2, RPS13, RPS27L, RPS6KA5, RRAGC, RSL24D1, SART1, SCFD1, SCO2, SDC1, SEC61B, SERPING1, SESN2, SETD2, SETDB2, SF3B5, SGK1, SH2D1A, SH3BP5L, SIAH2, SIPA1L2, SLA, SLC16A3, SLC22A1, SLC25A4, SLC25A44, SLC25A46, SLC27A4, SLC31A2, SLC35A2, SLC35B1, SLC37A2, SLC38A10, SLC44A1, SLC6A12, SLC8A1, SLCO3A1, SMPDL3A, SNORD33, SNRPC, SNRPG, SNX5, SORT1, SPAG9, SPATA6, SPCS1, SPCS2, SPG21, SPNS2, SRA1, SRCAP, SRRM2, SRSF10, SS18L2, SSH3, STAT3, STK11, STK11IP, STK19, STOM, STX11, STX6, SUOX, TAF4, TAF9, TBC1D1, TBCA, TBPL1, TEP1, TFB2M, TFRC, THBD, THOC7, TLR8, TM6SF1, TM7SF2, TMED3, TMED9, TMEM126B, TMEM51, TMEM86B, TMEM9, TMEM9B, TNFRSF13B, TNFRSF1B, TNS1, TOM1, TOMM20, TOMM22, TOMM6, TOMM7, TOP3A, TOR3A, TPP2, TRAPPC9, TRIM8, TRMT112, TSC22D3, TSEN34, TSHR, TSPAN14, TSPAN5, TXNIP, UAP1, UBE2O, UBE2Q2, UBFD1, UBOX5, UBTD1, UBXN2B, UFL1, UNC119B, UNC93B1, UQCRFS1, VIM, VSIG4, VTI1B, WEE1, WLS, XBP1, XCL1, YIF1A, YIPF2, ZBTB1, ZBTB5, ZDHHC7, ZFAND1, ZFP36, ZMYM2",18.9,14.13,0,Inf
Mouse Day 1,Human Day 3,0.074,247,2107,976,2354,1871,"ABI3, ACAP2, ACTR3, ADAM19, ADAMTSL5, AGPAT4, AHR, AIFM1, AIM2, ANXA4, AOC3, ARFRP1, ARHGEF10L, ARMC2, ASCC2, ASPH, ATF2, ATF3, B2M, BAIAP2, BANP, BASP1, BAZ1A, BLK, BLOC1S2, BRD4, BTG1, BTG2, BTLA, C1GALT1C1, C1QB, CAPN5, CAPZA2, CCDC125, CCDC153, CD200, CDC34, CDC37L1, CEP63, CHI3L1, CHMP1B, CHN2, CKS2, CLCF1, CMTM5, CPD, CREB3L1, CTSA, CUL4B, CX3CR1, CXCR1, CXCR2, CYFIP1, DAAM2, DBI, DCAF12, DCAF6, DDB2, DGAT2, DHRS9, DNAJB9, DRAP1, EIF1B, EIF4A2, ELF2, ELMOD3, ENDOD1, ERGIC2, ETV3, EVI2A, FAIM, FAM13B, FAM174A, FAM3D, FANCA, FBXO34, FCHO2, FCRLA, FKBP3, FLT1, FOSL2, FPR2, GBE1, GBP5, GLIPR1, GLT1D1, GPR137B, GSS, GTF2B, GZMK, HAT1, HERPUD1, HINT1, HIPK3, HLX, HS3ST1, HSPA14, IAH1, IDH2, IFI44, IL1R2, IMPA2, IRS2, ISOC1, KCNC3, KLHL21, KRCC1, LAMTOR3, LGALS3, LRRC8A, LYPD6B, MADCAM1, MAK, MAST3, MCOLN1, MDH2, MDK, MDP1, MED21, METRNL, MFN1, MIA, MOGS, MOV10, MRPL15, MRPL40, MRPL50, MSL1, MTFMT, MTMR6, MYLK, NDE1, NDUFB3, NECAB2, NGDN, NIP7, NLRC3, NR4A1, NRBF2, NT5M, NUDT3, OAT, OSGIN1, OSGIN2, OTX1, P2RX4, PCGF5, PCNP, PELI1, PHAX, PHC2, PIP4K2A, PLSCR3, POLR2F, PPFIA1, PPP2R3C, PPP2R5A, PSMC6, PSME4, PTGS2, PTOV1, PTPRO, RAB2A, RAD21, RAF1, RB1CC1, RBM3, RBM39, RBM5, RCN2, RCN3, REEP5, RER1, RGL2, RNASE6, RNF145, RPL13A, RPL23, RPL27, RPS27L, RPS6KA5, RRAS, RSL24D1, S100A8, SAMD9L, SCARB2, SCGB3A1, SEC61B, SGK1, SHARPIN, SIAH2, SIPA1L2, SLC22A1, SLC27A4, SLC31A2, SLC6A12, SLITRK4, SNORD34, SNX10, SNX25, SNX6, SORT1, SPATS2L, SRSF5, SRSF6, SRSF9, SS18L2, ST8SIA4, STAG2, STARD3, STOM, STX6, SYPL1, TANK, TCF4, TEAD1, TFB2M, TGIF1, THBD, THOC7, TIMELESS, TIPRL, TLE1, TMC5, TMED2, TMEM107, TMEM59, TNS1, TOMM20, TOMM6, TOMM7, TOPORS, TRIM31, TRIM8, TRMT112, TRPM4, TSEN34, TSPAN14, TSPAN5, TTC7B, UBE2A, UBE2H, UBE2J2, UNC119B, VTI1B, WLS, YIPF2",10.49,13.2,0,Inf
Mouse Day 3,Mouse Day 1,0.232,660,1694,489,2354,1149,"A2ML1, ABHD12B, ABLIM2, ACAA2, ACAP3, ACTL7A, ACTR10, ACTR6, ADAM10, ADAM19, ADAMTS8, ADAMTSL5, ADRB3, AFAP1L1, AGA, AGPAT3, AHSG, AIF1L, AIG1, AIMP1, AKAP4, AKIP1, AKR1A1, ALG5, ALG9, AMOTL1, ANK2, ANKRD13D, ANKRD16, ANKRD27, APIP, APOO, AQP11, ARFRP1, ARHGAP28, ARL10, ARL5C, ARL9, ARMC10, ARMC2, ARR3, ASAP1, ASGR2, ATP6V1E2, ATP7B, ATP8B3, BAD, BASP1, BAZ1B, BBS1, BCORL1, BDNF, BFSP1, BMP2K, BMP8B, BRD2, BTF3L4, BTLA, C1QB, C1QL2, C2CD4C, C3, CABLES1, CACNG7, CBL, CBX1, CCDC13, CCDC142, CCDC153, CCDC42, CCL19, CCRL2, CCT4, CCZ1, CD300C, CD48, CD79A, CDC34, CDC42EP5, CDCP2, CDH7, CDHR3, CDHR4, CDK4, CDKL2, CENPE, CEP63, CERS5, CETN3, CHAD, CHCHD3, CHMP4C, CHRNA4, CHST14, CLPTM1L, CMTM5, CMTM7, CNFN, CNTN6, COG2, COL20A1, COL2A1, COL6A2, COMMD6, COPZ2, COX4I2, COX6B1, COX7A1, CPE, CPLX3, CPT1A, CREB1, CRNDE, CRTAP, CSF1, CSMD2, CSNK2B, CTDNEP1, CTDSPL, CTRL, CYP2E1, CYP46A1, D2HGDH, DBNDD2, DCAF7, DCDC2B, DCHS2, DDN, DDO, DDX28, DDX47, DDX52, DENND2D, DFFB, DHCR24, DHRS7B, DHX8, DIO1, DIXDC1, DLK2, DMPK, DMWD, DNAJB14, DOC2A, DOCK6, DPP6, DPYSL4, DTD1, DTNB, DTNBP1, DUSP1, DUSP2, EBF4, EBP, EFNA3, EFNA4, EFS, EGFR, EGLN2, EHF, EIF2D, EIF3F, EIF3M, EIF4A1, ELF4, ELK4, ELOF1, ENDOG, EPB41L4B, EPHB2, EPHX1, ERMAP, ESRP1, ESYT3, ETV1, ETV4, EXOC3L2, F7, F9, FAAH, FADS1, FAM124B, FAM135B, FAM174A, FAM204A, FAM24B, FAM83F, FAM89B, FANCE, FASTKD3, FAT2, FBLN1, FCHSD1, FGB, FGF13, FGF8, FGFR2, FHL3, FHL5, FIGNL2, FKBP3, FOXF1, FOXS1, FUCA1, FZD3, GABRB3, GABRE, GABRR2, GALNT7, GALT, GBE1, GBP5, GDF3, GIGYF1, GIMAP5, GIPC1, GJB1, GLOD4, GLT8D2, GORASP2, GPAM, GPATCH8, GPIHBP1, GPLD1, GPRC5C, GPRC5D, GRB2, GRIK3, GRM2, GRWD1, GSDMC, GTF2H1, GUCA1B, GUCA2A, GUK1, HAP1, HES6, HES7, HHAT, HIGD1B, HIPK2, HIPK4, HMGN1, HNRNPA1, HOXA4, HPRT1, HS3ST1, HSD17B10, HSD17B14, HTR2C, HTR6, ICA1L, ICAM2, IDH2, IFNA14, IFNA16, IGDCC3, IGF1, IGFN1, IGSF9B, IL10RA, IL11, IL24, IL27, ILDR2, IMP3, INHBE, INO80E, INSIG2, IPO4, IRAK1BP1, IRS4, ITPA, JKAMP, JSRP1, JUND, KCNE4, KCNG4, KCNK4, KCNK9, KCNMB4, KCNN3, KCTD3, KIF26A, KLHDC7B, KLHL21, KLHL22, KLRD1, KPNA6, KRCC1, KRT31, KRT6B, KRTAP20-2, KRTAP26-1, KRTAP5-5, L1CAM, LAIR1, LAMB3, LANCL1, LCLAT1, LCN10, LCN12, LCN2, LDB3, LEFTY2, LELP1, LGALS3, LHFPL3, LIN28A, LMAN2, LMOD3, LRIG2, LRP5, LTF, LTV1, LY6D, LYPD2, LYPD6B, LYSMD1, MADCAM1, MAFG, MAGOH, MAP1A, MAP4K4, MAP6, MAPK15, MBD3, MC4R, MCTP1, MDM2, MDP1, MED10, MED28, MEF2C, MEIS3, MEP1A, MESP2, MFNG, MFSD1, MGAT2, MIA, MLANA, MOB4, MPV17, MRPL21, MRPL22, MRPL27, MRPL3, MRPL49, MRPL53, MRPS10, MRPS26, MSGN1, MSL1, MTBP, MTCP1, MTFMT, MTM1, MTUS1, MUC20, MYB, MYLK2, MYLK3, MYOZ3, NAA20, NACA, NAGPA, NBEAL1, NDST1, NDUFA4L2, NDUFA8, NDUFA9, NDUFAB1, NDUFB5, NDUFS2, NECAB2, NECAP1, NETO1, NFE2, NFIC, NFU1, NIPSNAP3B, NKX2-6, NLRC3, NOG, NOM1, NPC2, NPEPL1, NPM1, NPW, NR1H2, NTN1, NTSR2, NUAK1, NUP107, NWD1, NXN, NXT1, ONECUT2, OOSP1, OR2H2, OR51M1, OR51Q1, OR52E4, ORC3, OTOP1, OTOS, OVCH2, OXA1L, OXT, PACS2, PAQR5, PARM1, PCGF5, PDCD10, PDE11A, PDGFA, PDHB, PEX1, PEX11B, PEX6, PFAS, PHC2, PHPT1, PIGP, PIGZ, PIN1, PIN4, PIWIL4, PKD1L2, PKN1, PLA2G12B, PLA2G1B, PLAC8, PLBD2, PLCB2, PLCXD1, PLEKHM3, PLIN4, PLOD1, PNLIPRP1, PNMA3, PNMA5, PNPLA2, POC5, PODNL1, POLD4, POLR2F, POLR2G, POLR3H, POMP, POP7, POU3F1, POU6F2, PPFIA3, PPFIBP1, PPIB, PPP1R2, PPP3CC, PREPL, PRKAB1, PRKAG1, PRND, PRODH2, PRRG4, PRSS53, PSD2, PSMB4, PSMB7, PSMB9, PSMC2, PSME4, PSTPIP2, PTCHD3, PTGIS, PTN, PTPN22, PTPRH, PTPRN2, PVALB, PYCARD, RAB11FIP4, RAB22A, RAB26, RAB40C, RAB6A, RASGRF2, RB1, RBM3, RBP4, RBX1, RCBTB1, RECQL5, REEP6, REM1, REP15, RGS21, RGS7, RHOC, RMI2, RNF167, RNF170, RNF212, RNF215, RPA1, RPA3, RPF2, RPL11, RPL13A, RPN2, RPS27L, RSL1D1, RXRB, S100A2, S100A5, S100B, SART1, SBK1, SCO1, SCUBE2, SDHB, SENP3, SESN2, SFRP4, SGPP1, SH3BP1, SHISA8, SIRT5, SKAP1, SLA, SLC12A4, SLC25A14, SLC25A32, SLC25A4, SLC27A4, SLC28A3, SLC29A2, SLC30A5, SLC31A2, SLC35B1, SLC35B2, SLC38A10, SLC38A3, SLC39A11, SLC8A1, SLIT1, SLITRK4, SMTN, SMU1, SMURF1, SMYD1, SNORA43, SNORD33, SNORD34, SNORD35A, SNX22, SORT1, SOSTDC1, SPATA2, SPATS2L, SPEG, SPIN1, SPOCK1, SPRN, SPRR1A, SPTA1, SPTBN5, SRA1, SRD5A3, SRP9, STAM2, STIP1, STK11IP, STK38L, STXBP4, SUMO1, T, TAF9, TBC1D21, TBCA, TBRG1, TCEAL6, TCTE1, TEAD1, TEKT4, TERC, TFAP2D, TFCP2, TGFB3, THOC7, TIGD5, TINF2, TIPIN, TLR8, TLR9, TM2D2, TM7SF2, TM7SF3, TMED3, TMEM107, TMEM108, TMEM11, TMEM116, TMEM119, TMEM130, TMEM151A, TMEM192, TMEM219, TMEM222, TMEM54, TMEM59, TMEM9, TMPRSS11F, TNF, TNFRSF11A, TNFRSF13B, TNFRSF4, TNS1, TOM1, TOM1L2, TOR1A, TPMT, TPRA1, TRAF1, TRAPPC9, TRIM35, TRMT2B, TRPC4, TRPV4, TRUB1, TSPAN3, TTC16, TTLL13, TTLL8, TUB, TUBG2, TULP2, U2AF1, UBAP2L, UBE2G2, UBE2I, UBE3B, UBTD1, UCK1, UQCRFS1, VSIG4, VTI1B, WDR38, WDR5, WSCD2, XKR5, XPOT, YIF1B, YPEL1, ZBTB1, ZBTB42, ZBTB46, ZDHHC6, ZIC1, ZSCAN10",28.04,57.44,4.294265431520324e-227,226.36711111502743
Mouse Day 3,Human Day 1,0.071,485,664,5681,1149,10654,"ABLIM2, ACADVL, ACTL7A, ACTR10, ADAM10, ADAM19, ADAMTS13, ADAR, ADH5, AGA, AGBL4, AGK, AGPAT3, AHSG, AIF1L, AIG1, AIMP1, AKR1A1, ALDH7A1, ALDOC, ALG5, ALG9, ALKBH7, AMPD2, ANKRD13D, ANKRD16, APH1A, AQP11, ARHGAP27, ARHGAP32, ARL10, ARL4C, ASAP1, ASGR2, ATP2C2, ATP6V1A, ATP7B, B9D2, BAHD1, BAZ1B, BCDIN3D, BCL2, BCL2L12, BFSP1, BMP2K, BRD2, BTLA, C1QB, C1QBP, C2CD4C, C3, CACNG7, CBX1, CCDC106, CCDC13, CCDC142, CCDC153, CCDC59, CCL1, CCRL2, CCT4, CD27, CDHR3, CDK4, CDKN2C, CEP63, CEP95, CETN3, CHCHD3, CHMP7, CIRBP, CISD1, CLCN5, CLPP, CLPTM1L, CMTM7, CNTNAP1, COG2, COL6A2, COL9A2, COPZ2, COX5B, CRTAP, CRY2, CRYGA, CSF1, CSRNP1, CTNND1, CTRL, CUEDC1, CUZD1, CYC1, CYP2E1, D2HGDH, DBP, DDIT3, DDN, DDO, DDRGK1, DDX1, DDX28, DDX47, DDX52, DECR1, DENND2D, DENND5A, DERL2, DHRS7B, DHX8, DIXDC1, DMPK, DOK7, DPH5, DPP6, DTD1, DTNBP1, DUSP1, DUSP2, EBF4, EBP, EEF1G, EFCAB2, EHD1, EIF2D, EIF3F, EIF3M, EIF4E2, ELF4, EPB41, EPHB2, EPHX1, ESRRB, ETV1, EXOSC4, FAM124B, FAM135B, FAM162A, FAM204A, FAM24B, FAM83F, FAM83G, FANCE, FANCF, FBLN1, FCRL1, FDX1, FGF13, FGFBP3, FGFR2, FGFRL1, FGGY, FIBP, FKBP3, FUCA1, FZD3, GBE1, GBP5, GIGYF1, GIPC1, GLIS1, GLOD4, GPAM, GPATCH8, GPR19, GPRC5C, GRB2, GRIK3, GRWD1, GSN, GTPBP3, HAP1, HAUS1, HELQ, HHAT, HINT2, HIPK2, HMGCL, HNRNPA0, HNRNPA1, HS3ST1, ICA1L, ICAM1, ID3, IDH2, IKZF4, IL10RA, IL18BP, IL24, IMP3, INO80E, IPO4, IST1, ITGB3BP, ITPRIPL2, JKAMP, KCNJ12, KCNMB4, KIN, KLHL22, KLRD1, KRT31, LACTB, LAIR1, LANCL1, LCLAT1, LEF1, LGALSL, LHX1, LIN28A, LIN52, LMAN2L, LPCAT4, LRIG2, LRRN3, MAD2L2, MAGED1, MANBAL, MAPK7, MCTP1, MDM2, MED10, MED28, MEF2C, METRN, MFNG, MID1IP1, MIF, MITD1, MPND, MRI1, MRPL49, MRPS10, MRPS26, MRPS34, MSH3, MSL1, MTBP, MTM1, MTPAP, MUC20, MUSK, MVK, MYB, MYLK2, MYOZ3, MYPOP, NBEAL1, NBN, NDUFA9, NDUFV1, NECAB2, NECAP1, NEGR1, NENF, NEURL2, NME3, NOA1, NOG, NOSIP, NPC2, NPEPL1, NPM1, NR1H2, NRIP1, NRXN2, NSMCE1, NSMCE2, NUAK1, NUBP1, NUCB1, NUDT13, NUP107, NXT1, ORC3, OSGEPL1, OSM, OTOS, OXA1L, OXT, PACS2, PCGF5, PDCD10, PDGFA, PEX1, PEX11B, PFAS, PFKM, PGK1, PHC2, PHPT1, PIGO, PIGP, PIGZ, PIN1, PITHD1, PKN1, PLA2G2E, PLAC8, PLCB2, PLCXD1, PLEKHG6, PLOD1, PM20D2, PNKD, PNLIPRP1, PNMA3, POC5, POLR2G, POLR3D, POLR3H, POMP, POP7, POU3F1, PPM1M, PPP1R2, PPP3CC, PREPL, PRKAB1, PRKAG1, PRRG4, PRSS53, PSMA5, PSMB3, PSMB4, PSMB9, PSMC2, PSTPIP2, PTPN22, PTPRN2, PYCARD, RAB24, RAB40C, RAB4B, RANBP1, RB1, RBM3, REEP6, RFC4, RMI2, RNF170, RNF215, RNF26, RPA1, RPL11, RPL13A, RPL30, RPN2, RPS27L, RPS3, RRAS2, RSL1D1, RUNX3, S100B, SBDS, SBK1, SCGB1A1, SCO1, SDHAF1, SDHB, SERINC5, SH3BP1, SH3PXD2A, SIRT5, SKAP1, SKI, SLC12A2, SLC19A2, SLC25A14, SLC25A4, SLC27A4, SLC2A1, SLC31A2, SLC35B1, SLC35F2, SLC36A1, SLC39A11, SLC4A7, SLC8A1, SLITRK4, SMC2, SMS, SMTN, SMU1, SMUG1, SNORD33, SNORD34, SNRNP70, SNRPF, SNX22, SORT1, SPATA2, SPATS2L, SPRYD3, SPRYD4, SPTA1, SRA1, SRGAP2, SSX2IP, STAM2, STK11IP, STK38L, STXBP4, SV2B, SYS1, TAF9, TASP1, TEAD1, TFB1M, TG, TGFB1, THAP7, THOC7, TINF2, TIPIN, TLR5, TLR8, TLR9, TM2D3, TM7SF2, TM7SF3, TMC6, TMC8, TMED1, TMED3, TMEM107, TMEM108, TMEM116, TMEM119, TMEM219, TMEM223, TMEM54, TMEM59, TMEM9, TMIE, TNF, TNFAIP8L1, TNFRSF11A, TNFRSF18, TOM1, TOM1L2, TOR1A, TPMT, TPRA1, TRADD, TRAF1, TRAF4, TRAFD1, TRANK1, TRH, TRIM35, TRIM69, TRMT1, TRMT2B, TRPV4, TSPAN3, TST, TTC16, TUBG2, TYSND1, UAP1L1, UBAP2L, UBE2G2, UBE2I, UBE2L6, UBR1, UBTD1, UGGT2, UIMC1, USP54, VAMP1, WDR5, WDR93, WSCD2, XPO7, XPOT, YIF1B, YPEL1, ZBTB1, ZBTB16, ZC3HC1, ZDBF2, ZDHHC12, ZFYVE19, ZNHIT3, ZSWIM7",42.21,4.55,0,Inf
Mouse Day 3,Mouse Day 7,0.099,131,1018,169,1149,300,"AADACL4, ACTL7A, ADAR, ANK2, ARL9, ASGR2, ATP6V1E2, ATP8B3, AVP, BRD2, C1QL2, C3, CCL1, CCL19, CD300C, CDC42EP5, CDCP2, CLDN11, CNTN6, COL2A1, COL6A2, CSF1, CTRL, D2HGDH, DCAF7, DCHS2, DENND5A, DLK2, DNAJB14, DOC2A, DPP6, DPYSL4, DUSP1, FAM124B, FAM83F, FGB, FGF8, FGFBP3, FOXF1, GABRR2, GNL3L, GPATCH8, GRIK3, HTR6, IGFN1, IGSF9B, KL, KLK1, KRT6B, LANCL1, LEFTY2, MADCAM1, MAGEA10, MAPK15, MAPK6, MBTPS2, MDP1, MESP2, MSGN1, MTUS1, MVK, MYOZ3, NOC4L, NOS1, NR1H2, NXN, ONECUT2, OR4C15, OR51G1, OR51M1, OTOP1, PARD6G, PDE6B, PIGZ, PLA2G2E, PLCB2, PLS1, PNLIPRP1, PNMA3, PNMA5, POC5, PODNL1, PTCHD3, PTN, PTPRH, PTPRN2, RASGRF2, RBP1, RBP4, RECQL5, REM1, RMI2, RNF170, S100B, SCGB1A1, SERPINA11, SH3PXD2A, SLC12A4, SLC27A4, SLC2A3, SLC6A1, SPTBN5, SRGAP2, STEAP3, STIL, SYCN, SYS1, TAS1R3, TAT, TEAD1, TEKT4, TFAP2D, TM2D2, TM7SF2, TNFRSF11A, TOM1, TRAFD1, TRAPPC9, TRPC4, TRUB1, TST, TTC23L, TYSND1, UBAP2L, UGGT2, USP54, VCAN, XKR5, YY2, ZBTB46, ZDHHC12",11.4,43.67,1.5241040757106684e-130,129.81698537554
Mouse Day 3,Human Day 7,0.057,182,967,2024,1149,3149,"ACAT1, ACP5, ACTR6, ADAR, ALG5, ALKBH7, AMPD2, ANKRD16, APOM, APOO, ARL4C, ASAP1, ASGR2, ATP6V1A, B9D2, BASP1, BCORL1, BTLA, C1QBP, CBL, CCDC153, CCDC159, CCDC59, CCNA2, CCNH, CCRL2, CD27, CD48, CD79A, CDC34, CDKN2C, CEP63, CHMP7, CLCN5, CLPTM1L, COMMD8, COX6B1, CREB1, CSRNP1, CUEDC1, DDX1, DENND5A, DHX8, DPH5, EBP, EFHD2, EHD1, ELF4, EPHX1, FAM89B, FKBP3, FRAT2, GNL3L, GORASP2, GPRC5D, GRB2, GTF2H5, HAUS1, HINT2, HTR6, ICAM1, ICAM2, IDH2, IGF1, ITGAL, ITPA, KCNN3, KLHL21, KLHL8, LANCL1, LGALS3, LMAN2, MADCAM1, MAGED1, MAGOH, MAPK6, MDP1, MEF2C, MGAT2, MIF, MRPL13, MRPL21, MRPL22, MRPL23, MRPL27, MRPL3, MRPL52, MRPL53, MRPS26, MRPS34, MSL1, NDST1, NDUFA8, NDUFAB1, NECAB2, NENF, NFIC, NOC4L, NPC2, NPEPL1, NPM1, NUP107, NXT1, PACS2, PDCD10, PHC2, PHPT1, PITHD1, PLAC8, PLCB2, PLEKHM3, PLIN4, PLOD1, PNKD, POMGNT1, PPIB, PPP3CC, PRRG4, PSMA5, PSMB7, PSMC2, RAB11FIP4, RAB24, RAB26, RBM22, RPA3, RPL11, RPL30, RPN2, RPS27L, RPS3, RRAS2, SART1, SCGB1A1, SERPINB8, SESN2, SKI, SLA, SLC25A4, SLC27A4, SLC2A3, SLC31A2, SLC35B1, SLC35F2, SLC36A1, SLC38A10, SLC4A7, SLC8A1, SNORD33, SNRPF, SORT1, SRA1, SRGAP2, STK11IP, STK33, TAF9, TBCA, THOC7, TIMM17A, TIMP2, TLR5, TLR8, TM7SF2, TMED3, TMEM223, TMEM9, TNFRSF13B, TNS1, TOM1, TRANK1, TRAPPC9, TST, UBE2G1, UBTD1, UQCRFS1, VCAN, VSIG4, VTI1B, XPO7, ZBTB1, ZDHHC12, ZNHIT3",15.84,5.78,0,Inf
Mouse Day 3,Human Day 3,0.038,87,1062,1136,1149,1871,"ACP5, ADAM19, ADAMTSL5, ARFRP1, ARMC2, ATP6V0C, ATP6V1A, B9D2, BASP1, BTLA, C1QB, CCDC153, CCDC28A, CCDC59, CDC34, CEP63, CMTM5, CTNND1, DDIT3, DENND5A, DERL2, EPB41, FAM174A, FCRL1, FGGY, FKBP3, FRAT2, GBE1, GBP5, HS3ST1, IDH2, ITGAL, ITGB3BP, ITGB5, KIN, KLHL21, KRCC1, LGALS3, LGALSL, LYPD6B, MADCAM1, MDP1, MED11, MIA, MRPL13, MRPL47, MSL1, MTFMT, NECAB2, NLRC3, NOA1, OSM, PCGF5, PHC2, PM20D2, POLR2F, PSMB3, PSME4, PTP4A3, RANBP1, RBM22, RBM3, RPL13A, RPL30, RPS27L, RPS3, SKI, SLC19A2, SLC27A4, SLC31A2, SLITRK4, SNORD34, SORBS3, SORT1, SPATS2L, SRGAP2, TEAD1, TG, THOC7, TMEM107, TMEM59, TNS1, TST, TUBA8, VTI1B, XPO7, ZNHIT3",7.57,4.65,0,Inf
Human Day 1,Mouse Day 1,0.155,1144,1210,5022,2354,10654,"AATK, ABCA2, ABCC1, ABHD15, ABHD16A, ABLIM2, ACAP2, ACD, ACSS1, ACSS2, ACTL7A, ACTR10, ACTR3, ACTR8, ACVR2B, ACYP1, ADAM10, ADAM11, ADAM19, ADD3, ADNP, ADORA3, AEBP2, AGA, AGL, AGPAT3, AGPAT4, AGRN, AHSG, AIF1, AIF1L, AIFM2, AIG1, AIM2, AIMP1, AKR1A1, ALG1, ALG5, ALG9, ALMS1, ALOX15, AMZ1, ANKRA2, ANKRD10, ANKRD13D, ANKRD16, ANKRD22, ANKS3, ANKZF1, ANXA4, AOC3, AP4B1, AQP11, ARAP2, ARHGAP15, ARHGEF10L, ARHGEF4, ARL10, ARL8B, ARMCX5, ARPC5L, ASAP1, ASB7, ASCC2, ASCL2, ASF1A, ASGR2, ASNS, ASPH, ASTN2, ATAD1, ATF3, ATF4, ATF7, ATG16L1, ATMIN, ATP1A1, ATP6AP2, ATP6V0E2, ATP6V1D, ATP7B, ATP9B, ATXN2, ATXN7L1, B2M, B3GAT1, B4GALT5, BAIAP2, BATF3, BAZ1A, BAZ1B, BCL10, BCL11B, BCL7A, BFSP1, BLK, BLOC1S3, BMP2K, BMX, BRCC3, BRD2, BRD4, BRI3, BRI3BP, BRPF3, BST2, BTG1, BTLA, BUB3, C1GALT1C1, C1QB, C2CD4C, C3, CACNA2D2, CACNG7, CAMK1, CAMK2G, CAPN10, CAPN5, CAPZA2, CASP6, CASP7, CATSPER2, CBX1, CCDC13, CCDC142, CCDC153, CCDC57, CCNG1, CCNL2, CCP110, CCRL2, CCT2, CCT4, CD200, CD247, CD302, CD38, CD40, CD5, CD53, CD8A, CD96, CDC14A, CDC27, CDC37L1, CDH26, CDHR3, CDK12, CDK2AP1, CDK4, CDK9, CDKN2AIP, CDNF, CDS2, CEP128, CEP350, CEP57, CEP63, CEP76, CETN3, CFP, CGGBP1, CHCHD3, CHD2, CHFR, CHMP5, CHN2, CHRNB4, CHST12, CHUK, CIAO1, CIAPIN1, CIB1, CIB2, CLCF1, CLDN23, CLEC4E, CLEC5A, CLINT1, CLNS1A, CLPTM1L, CLSTN1, CLSTN3, CLTA, CLYBL, CMC1, CMTM7, CNDP2, CNRIP1, COG2, COL6A2, COPS7A, COPZ2, CORO1B, COX4I1, COX7A2L, CPD, CPNE5, CPNE7, CREB3L1, CRISPLD2, CRTAP, CSF1, CSK, CSNK1D, CSNK1G3, CSRP2, CTDSP2, CTRL, CTSA, CTSD, CTSH, CTSS, CXCL10, CYFIP1, CYP2E1, D2HGDH, DALRD3, DBNL, DCAF17, DCAF6, DCBLD1, DCP2, DCUN1D2, DDA1, DDB2, DDN, DDO, DDX28, DDX47, DDX52, DDX6, DEGS1, DENND2D, DEPDC5, DEXI, DGKQ, DHRS7B, DHRS9, DHX15, DHX8, DIAPH1, DIXDC1, DLEC1, DMPK, DNAAF2, DNAJA3, DNAJB11, DNAJB9, DNAJC7, DPP6, DRAP1, DTD1, DTNA, DTNBP1, DTYMK, DUSP1, DUSP12, DUSP2, DUSP28, DUSP6, EBF4, EBP, EBPL, ECHS1, EDEM2, EEF1E1, EEF2, EHBP1L1, EIF1B, EIF2AK2, EIF2AK3, EIF2AK4, EIF2D, EIF2S2, EIF3A, EIF3E, EIF3F, EIF3H, EIF3I, EIF3M, EIF4A2, EIF4E3, EIF4H, EIF5A, ELF4, EMILIN2, EMP1, EPHB2, EPHX1, ERBB2, ERCC3, ERCC8, ERGIC2, ERLIN1, ERMN, ERP29, ESRRA, ESYT2, ETFDH, ETV1, EVPL, EXOSC7, FABP5, FAIM, FAM107B, FAM124B, FAM135B, FAM168B, FAM204A, FAM24B, FAM3C, FAM3D, FAM43A, FAM83F, FAM91A1, FANCA, FANCB, FANCE, FANCM, FBLN1, FBXO2, FCGR2B, FCRLA, FEM1A, FEM1C, FGF13, FGFR2, FGL2, FHOD1, FILIP1L, FKBP3, FLT3, FLVCR1, FMR1, FNBP4, FNTB, FOS, FOXJ3, FOXM1, FOXO4, FPR1, FPR2, FUCA1, FURIN, FUT4, FXR1, FXR2, FXYD1, FZD3, GABRB1, GAL, GALNT11, GAMT, GATA2, GBE1, GBP5, GCNT1, GCNT2, GET4, GFOD1, GIGYF1, GIPC1, GIT2, GLIPR1, GLOD4, GLT1D1, GLT8D1, GLYCTK, GM2A, GMPR2, GNB4, GNGT2, GNPTAB, GPAM, GPATCH2, GPATCH8, GPHN, GPM6B, GPN3, GPR18, GPR65, GPRC5C, GRAMD1B, GRB2, GRID1, GRIK3, GRWD1, GSDMD, GSS, GTF2B, GTF2E1, GUSB, GZMA, GZMK, HABP4, HACE1, HACL1, HAP1, HARS2, HAUS4, HCRTR1, HDAC3, HDAC4, HDX, HEXA, HEXB, HHAT, HHEX, HIGD2A, HINT1, HIPK2, HIPK3, HLX, HMG20A, HMGXB4, HNRNPA1, HNRNPH1, HOXA6, HP, HP1BP3, HPGD, HPS6, HS3ST1, HSPA14, HSPA8, HTRA2, IAH1, ICA1L, ID2, IDH2, IER2, IFI44, IFITM1, IFITM2, IFT140, IFT74, IFT88, IGBP1, IGFBP6, IGSF1, IL10RA, IL10RB, IL12RB2, IL1R2, IL24, IL2RA, IL2RB, IL34, IL5RA, ILVBL, IMP3, IMPA1, IMPA2, ING2, INO80E, INPP5B, IPO4, IRF1, IRS2, ISG20, ITFG1, ITGB1, ITM2A, ITM2C, JKAMP, JTB, KCNC3, KCNJ15, KCNMB4, KCTD10, KCTD15, KCTD5, KDM4C, KIF13A, KIF1C, KIF2A, KLHL22, KLHL24, KLHL6, KLHL9, KLRD1, KLRG1, KPNA2, KREMEN1, KRT18, KRT31, KRT86, LACTB2, LAIR1, LAMP3, LAMTOR3, LANCL1, LCLAT1, LCMT1, LCORL, LDHA, LDLR, LEMD2, LEP, LGALS8, LIN28A, LIX1L, LOXHD1, LPIN2, LRG1, LRIG2, LRP8, LRRC8A, LTBP4, LUC7L, LXN, LZIC, MAF, MAK, MAP3K13, MAP3K8, MAPK14, MAPRE2, MARCKS, MARS2, MBIP, MBLAC2, MBOAT1, MBTPS1, MCOLN1, MCTP1, MDH1, MDH2, MDK, MDM2, MDM4, MDN1, MED10, MED20, MED26, MED28, MEF2C, MEFV, MEI1, MEN1, METAP1, METTL21A, MEX3C, MFNG, MGAT1, MIDN, MIIP, MIS18A, MKKS, MKLN1, MLLT10, MORC3, MOV10, MPDU1, MPPE1, MPST, MRGPRF, MRPL39, MRPL49, MRPL50, MRPS10, MRPS26, MRPS6, MRPS9, MSH2, MSH6, MSL1, MSL3, MTBP, MTIF3, MTM1, MTMR12, MTMR6, MTPN, MUC20, MUL1, MXD1, MYB, MYCBP2, MYL12A, MYLK2, MYO18A, MYO5A, MYOZ3, MZB1, NAB2, NAPG, NBEAL1, NCALD, NCEH1, NCK1, NCR1, NDE1, NDST2, NDUFA10, NDUFA9, NDUFB11, NDUFB3, NDUFS5, NECAB2, NECAP1, NEDD4L, NETO2, NFATC2IP, NFYB, NGDN, NGRN, NIPSNAP1, NKG7, NLGN2, NLGN3, NLRP3, NMB, NOD1, NOG, NPC2, NPEPL1, NPFF, NPM1, NPRL2, NR1H2, NRBF2, NSUN6, NT5C, NT5DC3, NUAK1, NUBP2, NUDT1, NUDT14, NUDT6, NUP107, NUP35, NUP43, NXT1, OFD1, ORC2, ORC3, OSBPL3, OSBPL6, OSCAR, OSGIN1, OSGIN2, OTOS, OTUD3, OTUD4, OTUD7B, OTX1, OXA1L, OXT, P2RX4, P2RY14, P2RY6, P4HA1, PACS2, PAIP2B, PAPOLG, PARD6B, PARP1, PCBP1, PCGF5, PCGF6, PCNP, PCYOX1, PDCD10, PDE3B, PDE4A, PDE6G, PDGFA, PDK1, PDLIM2, PELI1, PEX1, PEX11A, PEX11B, PEX13, PEX14, PFAS, PHAX, PHB2, PHC2, PHEX, PHF23, PHLDA1, PHPT1, PHRF1, PI16, PIGP, PIGS, PIGZ, PIK3C2B, PIM2, PIM3, PIN1, PIP4K2C, PITPNC1, PKN1, PLA2G12A, PLAC8, PLBD1, PLCB1, PLCB2, PLCXD1, PLEKHB1, PLEKHM2, PLOD1, PLSCR3, PLVAP, PLXDC1, PLXND1, PM20D1, PMF1, PMM1, PMPCB, PNLIPRP1, PNMA3, PNRC1, POC5, POLK, POLR1C, POLR2G, POLR3E, POLR3H, POLR3K, POLRMT, POMP, PON2, POP7, POU3F1, PPARA, PPFIA1, PPID, PPP1R2, PPP1R3D, PPP2CA, PPP2R2A, PPP3CC, PRAM1, PRCP, PREPL, PRKAB1, PRKAG1, PROK2, PRPS2, PRRG4, PRSS53, PSMA3, PSMB4, PSMB9, PSMC2, PSME2, PSMG3, PSTPIP2, PTDSS1, PTGS2, PTOV1, PTPN22, PTPRA, PTPRJ, PTPRN2, PTPRO, PTTG1IP, PYCARD, QSOX1, RAB12, RAB2A, RAB40C, RAB43, RAB4A, RAB5A, RAB8A, RABGGTA, RABIF, RABL3, RAD1, RAD17, RAD18, RAD51D, RAI1, RAN, RANBP3, RAP1B, RASA4, RASL11B, RB1, RBBP8, RBFA, RBL1, RBM17, RBM3, RBM5, RC3H2, RCN2, RDH11, REEP5, REEP6, REL, RER1, REXO2, REXO4, RFX3, RHOQ, RHOT1, RIOK1, RIOK2, RMI2, RNASE6, RNF111, RNF126, RNF145, RNF170, RNF181, RNF20, RNF215, RNF220, RNF34, RNPS1, RPA1, RPAIN, RPL11, RPL12, RPL13A, RPL14, RPL15, RPL22, RPL23, RPL23A, RPL27, RPL37A, RPLP2, RPN2, RPP38, RPS13, RPS27L, RPUSD4, RRAGC, RRAS, RRP7A, RSBN1, RSL1D1, RSL24D1, S100A4, S100A8, S100A9, S100B, SAMD9L, SBK1, SCAF11, SCARB2, SCO1, SCO2, SCP2, SCRT2, SCYL1, SDHB, SEC24D, SEMA3C, SEMA6C, SENP7, SERTAD3, SETD2, SETD7, SETDB2, SF3B5, SGK1, SH2D1A, SH3BP1, SH3BP5L, SIAH2, SIKE1, SIPA1L2, SIRT5, SKAP1, SLA2, SLAIN1, SLAIN2, SLAMF8, SLC15A4, SLC16A3, SLC20A2, SLC22A1, SLC22A17, SLC25A14, SLC25A17, SLC25A3, SLC25A4, SLC25A44, SLC25A45, SLC26A11, SLC27A4, SLC2A8, SLC30A4, SLC31A2, SLC35A1, SLC35A4, SLC35B1, SLC35E4, SLC37A1, SLC37A2, SLC39A1, SLC39A11, SLC41A3, SLC44A1, SLC6A12, SLC8A1, SLCO3A1, SLFN5, SLITRK4, SMCHD1, SMG6, SMNDC1, SMO, SMPDL3A, SMTN, SMU1, SMURF2, SNAPC3, SNORD33, SNORD34, SNORD4A, SNRPC, SNX1, SNX10, SNX2, SNX22, SNX25, SNX5, SNX6, SOCS3, SORT1, SP4, SPAG9, SPATA2, SPATA6, SPATS2L, SPCS1, SPDEF, SPECC1L, SPNS1, SPNS2, SPSB2, SPTA1, SPTLC1, SRA1, SRBD1, SRGN, SRPK1, SRRM2, SRRM3, SRSF5, SRSF6, SS18L2, ST6GALNAC6, ST7L, ST8SIA4, STAM2, STARD3NL, STAT3, STK11IP, STK38L, STOM, STX11, STX1A, STX2, STXBP4, SURF1, SUSD3, SYN1, SYNPO2, TAB3, TADA1, TAF4, TAF6, TAF8, TAF9, TANK, TAPBPL, TAPT1, TATDN2, TBC1D1, TBC1D10A, TBCCD1, TBL1XR1, TBP, TBPL1, TCF4, TEAD1, TEF, TEP1, TERT, TEX2, TFB2M, TGIF1, THBD, THOC3, THOC7, TIMM9, TINF2, TIPARP, TIPIN, TIPRL, TLE1, TLK2, TLR8, TLR9, TM6SF1, TM7SF2, TM7SF3, TMBIM4, TMC5, TMED2, TMED3, TMED9, TMEM107, TMEM108, TMEM116, TMEM119, TMEM123, TMEM126B, TMEM129, TMEM141, TMEM165, TMEM204, TMEM219, TMEM51, TMEM54, TMEM59, TMEM86B, TMEM9, TMEM9B, TMPO, TMTC3, TNF, TNFAIP3, TNFRSF11A, TNFRSF1B, TNFSF12, TNFSF13, TNMD, TNRC6A, TOM1, TOM1L2, TOMM20, TOMM6, TOMM7, TOPORS, TOR1A, TPMT, TPP2, TPRA1, TRAF1, TRAF3IP3, TRAPPC6A, TRDMT1, TRIB2, TRIM31, TRIM35, TRIM65, TRIM68, TRIM8, TRMT112, TRMT2B, TRMT5, TRPM7, TRPV4, TSEN34, TSFM, TSPAN14, TSPAN3, TSPYL2, TSPYL4, TTC16, TTC32, TTC7B, TUBB6, TUBG2, TWF2, TXNDC15, TXNIP, TYMP, TYW5, UAP1, UBAP2L, UBE2A, UBE2G2, UBE2I, UBE2M, UBE2Q2, UBFD1, UBIAD1, UBTD1, UBXN2B, UCN, UFL1, UNC119B, UNC93B1, USF2, USP30, USP42, USP47, UVRAG, VDAC3, VGLL4, VIM, VIPR1, VPS11, VPS13A, VPS26B, VTA1, WDR37, WDR5, WDR59, WDR74, WEE1, WNT1, WRNIP1, WSCD2, XBP1, XCL1, XPO4, XPOT, YAF2, YBX2, YIF1A, YIF1B, YIPF2, YIPF6, YPEL1, ZBTB1, ZBTB10, ZBTB25, ZBTB5, ZDHHC21, ZFAND1, ZFP36, ZFP36L2, ZFYVE21, ZFYVE27, ZMAT1, ZMYM2, ZNRF2, ZSWIM5, ZZZ3",48.6,10.74,0,Inf
Human Day 1,Mouse Day 3,0.071,485,664,5681,1149,10654,"ABLIM2, ACADVL, ACTL7A, ACTR10, ADAM10, ADAM19, ADAMTS13, ADAR, ADH5, AGA, AGBL4, AGK, AGPAT3, AHSG, AIF1L, AIG1, AIMP1, AKR1A1, ALDH7A1, ALDOC, ALG5, ALG9, ALKBH7, AMPD2, ANKRD13D, ANKRD16, APH1A, AQP11, ARHGAP27, ARHGAP32, ARL10, ARL4C, ASAP1, ASGR2, ATP2C2, ATP6V1A, ATP7B, B9D2, BAHD1, BAZ1B, BCDIN3D, BCL2, BCL2L12, BFSP1, BMP2K, BRD2, BTLA, C1QB, C1QBP, C2CD4C, C3, CACNG7, CBX1, CCDC106, CCDC13, CCDC142, CCDC153, CCDC59, CCL1, CCRL2, CCT4, CD27, CDHR3, CDK4, CDKN2C, CEP63, CEP95, CETN3, CHCHD3, CHMP7, CIRBP, CISD1, CLCN5, CLPP, CLPTM1L, CMTM7, CNTNAP1, COG2, COL6A2, COL9A2, COPZ2, COX5B, CRTAP, CRY2, CRYGA, CSF1, CSRNP1, CTNND1, CTRL, CUEDC1, CUZD1, CYC1, CYP2E1, D2HGDH, DBP, DDIT3, DDN, DDO, DDRGK1, DDX1, DDX28, DDX47, DDX52, DECR1, DENND2D, DENND5A, DERL2, DHRS7B, DHX8, DIXDC1, DMPK, DOK7, DPH5, DPP6, DTD1, DTNBP1, DUSP1, DUSP2, EBF4, EBP, EEF1G, EFCAB2, EHD1, EIF2D, EIF3F, EIF3M, EIF4E2, ELF4, EPB41, EPHB2, EPHX1, ESRRB, ETV1, EXOSC4, FAM124B, FAM135B, FAM162A, FAM204A, FAM24B, FAM83F, FAM83G, FANCE, FANCF, FBLN1, FCRL1, FDX1, FGF13, FGFBP3, FGFR2, FGFRL1, FGGY, FIBP, FKBP3, FUCA1, FZD3, GBE1, GBP5, GIGYF1, GIPC1, GLIS1, GLOD4, GPAM, GPATCH8, GPR19, GPRC5C, GRB2, GRIK3, GRWD1, GSN, GTPBP3, HAP1, HAUS1, HELQ, HHAT, HINT2, HIPK2, HMGCL, HNRNPA0, HNRNPA1, HS3ST1, ICA1L, ICAM1, ID3, IDH2, IKZF4, IL10RA, IL18BP, IL24, IMP3, INO80E, IPO4, IST1, ITGB3BP, ITPRIPL2, JKAMP, KCNJ12, KCNMB4, KIN, KLHL22, KLRD1, KRT31, LACTB, LAIR1, LANCL1, LCLAT1, LEF1, LGALSL, LHX1, LIN28A, LIN52, LMAN2L, LPCAT4, LRIG2, LRRN3, MAD2L2, MAGED1, MANBAL, MAPK7, MCTP1, MDM2, MED10, MED28, MEF2C, METRN, MFNG, MID1IP1, MIF, MITD1, MPND, MRI1, MRPL49, MRPS10, MRPS26, MRPS34, MSH3, MSL1, MTBP, MTM1, MTPAP, MUC20, MUSK, MVK, MYB, MYLK2, MYOZ3, MYPOP, NBEAL1, NBN, NDUFA9, NDUFV1, NECAB2, NECAP1, NEGR1, NENF, NEURL2, NME3, NOA1, NOG, NOSIP, NPC2, NPEPL1, NPM1, NR1H2, NRIP1, NRXN2, NSMCE1, NSMCE2, NUAK1, NUBP1, NUCB1, NUDT13, NUP107, NXT1, ORC3, OSGEPL1, OSM, OTOS, OXA1L, OXT, PACS2, PCGF5, PDCD10, PDGFA, PEX1, PEX11B, PFAS, PFKM, PGK1, PHC2, PHPT1, PIGO, PIGP, PIGZ, PIN1, PITHD1, PKN1, PLA2G2E, PLAC8, PLCB2, PLCXD1, PLEKHG6, PLOD1, PM20D2, PNKD, PNLIPRP1, PNMA3, POC5, POLR2G, POLR3D, POLR3H, POMP, POP7, POU3F1, PPM1M, PPP1R2, PPP3CC, PREPL, PRKAB1, PRKAG1, PRRG4, PRSS53, PSMA5, PSMB3, PSMB4, PSMB9, PSMC2, PSTPIP2, PTPN22, PTPRN2, PYCARD, RAB24, RAB40C, RAB4B, RANBP1, RB1, RBM3, REEP6, RFC4, RMI2, RNF170, RNF215, RNF26, RPA1, RPL11, RPL13A, RPL30, RPN2, RPS27L, RPS3, RRAS2, RSL1D1, RUNX3, S100B, SBDS, SBK1, SCGB1A1, SCO1, SDHAF1, SDHB, SERINC5, SH3BP1, SH3PXD2A, SIRT5, SKAP1, SKI, SLC12A2, SLC19A2, SLC25A14, SLC25A4, SLC27A4, SLC2A1, SLC31A2, SLC35B1, SLC35F2, SLC36A1, SLC39A11, SLC4A7, SLC8A1, SLITRK4, SMC2, SMS, SMTN, SMU1, SMUG1, SNORD33, SNORD34, SNRNP70, SNRPF, SNX22, SORT1, SPATA2, SPATS2L, SPRYD3, SPRYD4, SPTA1, SRA1, SRGAP2, SSX2IP, STAM2, STK11IP, STK38L, STXBP4, SV2B, SYS1, TAF9, TASP1, TEAD1, TFB1M, TG, TGFB1, THAP7, THOC7, TINF2, TIPIN, TLR5, TLR8, TLR9, TM2D3, TM7SF2, TM7SF3, TMC6, TMC8, TMED1, TMED3, TMEM107, TMEM108, TMEM116, TMEM119, TMEM219, TMEM223, TMEM54, TMEM59, TMEM9, TMIE, TNF, TNFAIP8L1, TNFRSF11A, TNFRSF18, TOM1, TOM1L2, TOR1A, TPMT, TPRA1, TRADD, TRAF1, TRAF4, TRAFD1, TRANK1, TRH, TRIM35, TRIM69, TRMT1, TRMT2B, TRPV4, TSPAN3, TST, TTC16, TUBG2, TYSND1, UAP1L1, UBAP2L, UBE2G2, UBE2I, UBE2L6, UBR1, UBTD1, UGGT2, UIMC1, USP54, VAMP1, WDR5, WDR93, WSCD2, XPO7, XPOT, YIF1B, YPEL1, ZBTB1, ZBTB16, ZC3HC1, ZDBF2, ZDHHC12, ZFYVE19, ZNHIT3, ZSWIM7",42.21,4.55,0,Inf
Human Day 1,Mouse Day 7,0.017,109,6057,191,10654,300,"ACTL7A, ADAM8, ADAR, ALAS1, ALOX15, ARAP3, ARL2BP, ASGR2, ATP9A, BAIAP2, BAIAP2L2, BRD2, C3, CAMK1, CCL1, CD63, CDAN1, CELF4, CFP, CISH, CNR2, COL6A2, CRYAB, CRYZL1, CSF1, CTRL, D2HGDH, DENND5A, DNAH17, DPP6, DUSP1, ENO3, FAM110A, FAM124B, FAM83F, FGFBP3, FKRP, GLIPR1, GPATCH8, GRIK3, IFT140, IL1RL1, KCND3, KIF3C, LANCL1, LIX1L, LMF1, LRRC25, MAP6D1, MBOAT7, MOG, MTHFD2, MVK, MYOZ3, NCF1, NR1H2, OSGIN1, PADI4, PHC1, PIGZ, PIK3IP1, PLA2G2E, PLCB2, PLSCR3, PMF1, PNLIPRP1, PNMA3, POC5, POLE3, PRSS8, PTPRN2, RAB44, RACGAP1, RAPSN, RECK, RMI2, RNF170, RRP7A, S100B, SCAF1, SCGB1A1, SH2D2A, SH3PXD2A, SLC27A4, SLC38A7, SLPI, SMAD1, SRGAP2, SSBP2, STAMBP, SYS1, SYTL1, TAMM41, TEAD1, TGIF2, TM7SF2, TNFRSF11A, TOM1, TRAFD1, TRIM7, TST, TYSND1, UBAP2L, UGGT2, USP54, WDR45, YBX2, ZDHHC12, ZSWIM5",1.02,36.33,1.4364768215025582e-287,286.84270137724235
Human Day 1,Human Day 7,0.209,1449,4717,757,10654,3149,"AATK, ABAT, ABCB9, ABCC5, ABCD1, ABHD14A, ABHD2, ABTB1, ACADSB, ACAP2, ACD, ACOX1, ACP1, ACSL1, ACSS2, ACTL6A, ACTR1A, ACYP2, ADA, ADAM8, ADAR, ADCY9, ADD2, ADD3, ADORA2B, AGPAT4, AKAP11, AKAP13, AKIRIN2, AKR1B1, ALDH1A1, ALDH2, ALDOA, ALG1, ALG5, ALG6, ALG8, ALKBH7, ALPK3, AMPD2, ANAPC11, ANAPC5, ANK1, ANKFY1, ANKRD13A, ANKRD16, ANKRD39, ANKZF1, ANO10, ANP32B, ANPEP, ANXA11, AOAH, AOC3, AP1M1, APBB1IP, APH1B, APLP2, APOBR, AQP3, AQP4, AQP9, ARAP1, ARAP3, ARF3, ARHGAP1, ARHGAP12, ARHGAP25, ARHGAP26, ARHGAP31, ARHGDIB, ARHGEF10L, ARHGEF11, ARHGEF37, ARHGEF40, ARL11, ARL4C, ARMCX6, ARPC5, ARPC5L, ARRB2, ARRDC1, ARSG, ASAP1, ASF1B, ASGR1, ASGR2, ASNS, ASPH, ASPRV1, ASXL1, ATAD1, ATF4, ATF7IP, ATG2A, ATP11A, ATP2B1, ATP6AP1, ATP6V0A1, ATP6V0D1, ATP6V1A, ATP6V1B2, ATP8A1, AVIL, B3GNTL1, B4GALT3, B4GALT5, B9D2, BACE1, BACH1, BAIAP2, BATF3, BAZ2A, BBX, BCKDK, BCL3, BCL6, BECN1, BEND7, BEST1, BEX2, BHLHE41, BICD2, BIK, BLK, BMX, BOLA3, BPGM, BRD3, BRI3, BRWD3, BST1, BTF3, BTG3, BTLA, BYSL, C1GALT1C1, C1QBP, C1RL, CACNA2D3, CACNA2D4, CADM1, CAMK1, CAMSAP1, CAMTA1, CANT1, CAPN5, CARD6, CASP3, CASP9, CASS4, CBFA2T3, CCDC102A, CCDC14, CCDC149, CCDC153, CCDC167, CCDC57, CCDC59, CCL25, CCL4, CCNC, CCR1, CCRL2, CCT2, CD163, CD19, CD27, CD28, CD300E, CD300LF, CD302, CD320, CD38, CD3D, CD46, CD68, CD79B, CD93, CDA, CDC27, CDC42BPB, CDC42EP2, CDCA7L, CDH11, CDH16, CDH2, CDH23, CDH26, CDK19, CDK9, CDKL1, CDKL5, CDKN2C, CDS2, CEBPB, CENPF, CENPM, CEP128, CEP19, CEP290, CEP350, CEP57, CEP63, CERS2, CFLAR, CFP, CHAC1, CHD1, CHKA, CHMP2A, CHMP7, CHPF, CHRNA10, CHST12, CHST15, CHST7, CIDEB, CIITA, CIR1, CKS1B, CLASP2, CLCN5, CLDND1, CLEC1A, CLEC4D, CLEC4E, CLEC5A, CLIC4, CLNS1A, CLPTM1L, CMC1, CMIP, CMTM6, CNKSR1, CNPY2, CNPY3, CNTNAP3, COBLL1, COCH, COL15A1, COL4A4, COMMD10, COMMD3, COMMD4, COPB2, COPZ1, CORO2A, COX16, COX17, COX7C, CPD, CPEB3, CPNE2, CPNE5, CPOX, CPPED1, CPSF4, CPT2, CPVL, CRISPLD2, CRTC2, CSAD, CSF1R, CSF3R, CSNK1D, CSRNP1, CSRP2, CTBP2, CTBS, CTDSP1, CTDSP2, CTNNA1, CTSD, CTSE, CTSS, CUEDC1, CUL4A, CUTA, CWC25, CWF19L1, CXCL16, CXCR3, CXXC5, CYB5R1, CYP27A1, CYP2R1, CYP2S1, CYTH4, DAD1, DAPK1, DAZAP2, DCBLD1, DCUN1D5, DDX1, DEDD, DEF8, DENND1B, DENND5A, DGAT1, DGKG, DHRS13, DHX36, DHX8, DIAPH1, DIAPH2, DICER1, DIMT1, DISC1, DMXL2, DNAJB11, DNAJB12, DNAJB5, DNAJB9, DNAJC1, DNAJC13, DNAJC5, DNTTIP1, DOCK10, DOCK8, DOK1, DPEP2, DPH5, DPY30, DPYD, DPYSL2, DSC2, DSE, DTX2, DTX3L, DUS1L, DUSP12, DUSP3, DUSP5, DUSP6, DYNC1H1, DYSF, E2F6, EBAG9, EBNA1BP2, EBP, ECE1, ECHDC1, ECHS1, ECI1, EDC4, EEF1E1, EEPD1, EFEMP2, EFNB1, EGR1, EHBP1L1, EHD1, EIF2AK2, EIF3B, EIF3E, EIF3I, EIF3K, EIF4E3, EIF4G3, ELAVL2, ELF4, ELL, EMILIN2, EML5, EMP1, ENG, ENPP4, EP300, EPB41L3, EPHB1, EPHB4, EPHX1, ERGIC1, ERGIC3, ERLEC1, ERLIN1, ETS2, ETV6, EXOSC1, EXOSC8, EXTL3, EZH1, F2RL1, FAM110A, FAM13A, FAM3C, FAM3D, FAM53B, FAM53C, FANCL, FAU, FBL, FBXL13, FBXL20, FBXL5, FCHO1, FES, FGD3, FGD4, FGR, FHOD1, FIG4, FIGN, FKBP11, FKBP14, FKBP15, FKBP2, FKBP3, FKBP9, FLII, FMNL1, FNIP2, FPR1, FPR2, FRMD4B, FRY, FSCN1, FUT8, FXN, FZD1, FZD2, GAA, GAB2, GABARAPL1, GADD45B, GADD45G, GAS7, GATA2, GATAD2A, GCA, GCC1, GCHFR, GCSH, GDI1, GFRA2, GGT5, GHRL, GIGYF2, GIMAP8, GIT2, GK, GLA, GLB1, GLCCI1, GLG1, GLIPR2, GLT1D1, GLT8D1, GLYAT, GMPR, GNA15, GNAQ, GNB2, GNB4, GNL3, GNS, GPAA1, GPCPD1, GPR18, GPR183, GPR26, GPR35, GPX3, GRB2, GRIPAP1, GRN, GSK3B, GSTZ1, GTF3A, GTF3C3, GTPBP8, GZMA, GZMK, HAAO, HARS2, HAUS1, HAUS6, HCCS, HCK, HCLS1, HDAC4, HDHD2, HDLBP, HERPUD2, HIBCH, HINT1, HINT2, HIPK3, HIVEP1, HJURP, HK3, HLX, HMGCR, HMGCS1, HOMER3, HOPX, HORMAD1, HPSE, HSD17B11, HSD17B8, HSF2, HSPA14, HSPA8, HSPBAP1, HTATIP2, IAH1, ICAM1, ICOS, ID4, IDH2, IDS, IER2, IFI27, IFI30, IFIT2, IFITM2, IFNGR2, IFRD2, IFT80, IGSF23, IGSF6, IL13RA1, IL17RA, IL17RC, IL1R1, IL1R2, IL1RAP, IL1RN, ILF2, IMPA1, IMPA2, INPP5A, INPP5D, INPPL1, INTS3, IPMK, IQCB1, IQCE, IQSEC1, IRAK3, IRF9, IRS2, ITGA5, ITGAX, ITGB7, ITM2B, ITM2C, ITPKC, ITPRIP, JARID2, JDP2, JMJD1C, JMY, JPH4, JTB, KANK2, KAT8, KBTBD11, KCNA3, KCNAB2, KCNE3, KCNJ15, KCNJ2, KCNQ1, KCTD15, KCTD20, KDM4B, KDM5B, KDM6B, KIF13A, KIF1B, KIF1C, KIF3C, KIFAP3, KIT, KLC3, KLF12, KLF4, KLF6, KLF7, KLF9, KLHDC8B, KLHL14, KLHL18, KRT23, KRTCAP2, KTN1, KYNU, LAMP2, LANCL1, LASP1, LAT2, LATS2, LAX1, LCP1, LGALS9, LILRA5, LIMA1, LIMK2, LIN7A, LITAF, LMO2, LNX2, LOXL3, LPAR2, LPCAT1, LRFN1, LRG1, LRRC25, LRRC36, LRRC4, LRRC8A, LRRK2, LSM2, LSM5, LSM7, LTBP4, LTC4S, LUC7L3, LY9, LYN, LYVE1, MADD, MAFB, MAGED1, MAGEH1, MAK, MAML3, MAN2A2, MANBA, MANEA, MANSC1, MAP2K5, MAP3K11, MAP3K2, MAP3K5, MAP3K6, MAPK14, MARCKS, MARK2, MARVELD1, MBD6, MBNL2, MBOAT1, MBOAT2, MBOAT7, MCEE, MCL1, MDH1, MEF2C, MEGF6, MEGF9, MEI1, MESP1, METTL17, METTL3, METTL5, MEX3C, MFF, MFSD6, MGRN1, MIA3, MICU1, MIDN, MIER3, MIF, MKLN1, MKNK2, MKRN1, MLKL, MLLT1, MLLT11, MME, MMP9, MNT, MOB3A, MOSPD2, MPG, MPP1, MPPE1, MPV17L2, MPZL1, MPZL2, MPZL3, MRO, MRPL32, MRPL34, MRPL37, MRPL39, MRPL45, MRPL46, MRPL55, MRPL9, MRPS18A, MRPS21, MRPS24, MRPS26, MRPS31, MRPS33, MRPS34, MS4A1, MSL1, MSN, MSRA, MSRB2, MTF1, MTMR11, MTMR14, MTX1, MVP, MXD1, MYADM, MYBPC3, MYD88, MYH9, MYL6, MYO19, MYO1D, MYO1F, MYO5A, MYO7A, MYO9B, MZB1, NACC2, NADK, NAE1, NAGK, NAIF1, NAMPT, NAP1L1, NCEH1, NCF1, NCF2, NCF4, NCK1, NCOA1, NCOA7, NCOR2, NDC80, NDE1, NDRG1, NDRG3, NDST2, NDUFA2, NDUFA3, NDUFA4, NDUFA5, NDUFB11, NDUFB2, NDUFB8, NDUFB9, NDUFC1, NDUFS5, NECAB2, NEDD9, NENF, NET1, NEU1, NEXN, NFAM1, NFAT5, NFKB2, NFKBIZ, NFYC, NGLY1, NHP2, NHSL2, NINJ1, NIPBL, NLRC4, NLRP3, NLRX1, NMB, NME2, NMNAT1, NOC3L, NOD2, NOL11, NOL7, NOP16, NOTCH2, NPC2, NPEPL1, NPM1, NR3C1, NRBF2, NSD1, NSUN7, NT5C, NT5C2, NTAN1, NTNG2, NUCB2, NUDT1, NUDT16, NUMB, NUP107, NUP88, NUSAP1, NVL, NXT1, NXT2, OCIAD2, OGN, OGT, OLA1, OLAH, OPRK1, ORMDL1, ORMDL2, OS9, OSBPL10, OSCAR, OSCP1, OSGIN1, OSTC, OTX1, OVCA2, OXSM, P2RX5, P2RY13, P2RY2, PA2G4, PACS1, PACS2, PADI2, PADI4, PAK1, PANK2, PANK3, PANX2, PAOX, PAPSS2, PARP10, PARP14, PASK, PBXIP1, PCBD1, PCMTD2, PCNP, PDCD1, PDCD10, PDCD2, PDCD2L, PDCL3, PDE4A, PDIA5, PDIA6, PDK1, PDK3, PDP1, PDXDC1, PDXK, PEBP1, PECAM1, PELI2, PELI3, PEX3, PFDN5, PFKFB4, PGM3, PHACTR1, PHC2, PHC3, PHF20, PHKA2, PHLPP1, PHPT1, PI4K2B, PIAS1, PIF1, PIGH, PIGK, PILRA, PIM2, PISD, PITHD1, PITPNA, PJA1, PJA2, PLA2G7, PLAC8, PLAG1, PLAGL2, PLAU, PLAUR, PLB1, PLBD1, PLCB1, PLCB2, PLD1, PLD2, PLEK2, PLEKHB2, PLEKHG3, PLEKHO1, PLEKHO2, PLIN3, PLOD1, PLSCR1, PLXDC2, PLXNB2, PLXND1, PNKD, POLD3, POLG, POLR2I, POLR2L, POLR3K, POU2AF1, PPA1, PPARD, PPAT, PPCDC, PPFIA1, PPIA, PPIF, PPIL3, PPM1F, PPP1R10, PPP1R12B, PPP1R3D, PPP3CC, PPP4R1, PPT1, PPTC7, PRAM1, PRC1, PRCP, PRDM1, PRDM5, PREB, PRKAG2, PRKAR1A, PRKCD, PRKCZ, PRKDC, PROC, PRR13, PRRG4, PSAP, PSAT1, PSEN1, PSMA5, PSMA6, PSMB2, PSMB6, PSMC2, PSMC3, PSMD9, PSMG3, PTAR1, PTBP3, PTGS2, PTPN6, PTPRCAP, PTPRE, PTPRJ, PTPRS, PTTG1IP, PTX3, PWP1, PXK, PYCR1, QPCTL, QSOX1, RAB11FIP1, RAB20, RAB24, RAB30, RAB31, RAB32, RAB33A, RAB35, RAB36, RAB37, RAB3D, RAB44, RABAC1, RABGAP1L, RAC1, RAC2, RAD51C, RAD54L2, RALB, RAN, RARA, RARS2, RASGRP3, RASGRP4, RASSF2, RBM17, RBM41, RBM47, RBP7, RCN2, RCOR1, RECQL4, REL, RELA, RELL1, RELT, REPS2, REXO2, RFC1, RFX3, RFX7, RGL3, RGS10, RGS2, RHBDD2, RHBDD3, RHBDL3, RHOG, RHOH, RILPL2, RIN2, RIN3, RIPK4, RNF112, RNF135, RNF144B, RNF149, RNF19B, RNF24, RNFT2, ROMO1, ROPN1L, RPAIN, RPGRIP1, RPL11, RPL15, RPL17, RPL21, RPL22L1, RPL23, RPL27, RPL30, RPL31, RPL35, RPL39, RPLP0, RPN2, RPS13, RPS15A, RPS27L, RPS3, RPS6KA4, RPS6KC1, RPUSD2, RRAGC, RRAS2, RSL24D1, RSPRY1, RTN1, RTN2, RTN3, RTN4, RUNDC1, RUNX2, RWDD1, RXRA, S100PBP, S1PR4, SAMD3, SAP25, SAR1A, SAR1B, SASH3, SBNO2, SCAF1, SCAI, SCAP, SCARF1, SCG2, SCGB1A1, SCN4B, SCO2, SEC11C, SEC14L1, SEC14L4, SEC23IP, SEC24A, SEC61A2, SEL1L, SEL1L3, SELL, SELPLG, SEMA3B, SEMA4D, SETBP1, SETD2, SETDB2, SETX, SF3B5, SFRP2, SGK1, SGPL1, SH2B2, SH2B3, SH2D1A, SH3BP2, SH3BP5L, SH3KBP1, SH3YL1, SHISA5, SHKBP1, SIAH2, SIGLEC1, SIK1, SIK2, SIPA1, SIPA1L2, SIRT6, SIRT7, SIVA1, SKI, SKP1, SLAMF1, SLAMF7, SLC12A6, SLC12A9, SLC14A1, SLC15A3, SLC16A3, SLC16A5, SLC17A9, SLC19A1, SLC1A5, SLC22A1, SLC22A15, SLC24A4, SLC25A23, SLC25A37, SLC25A4, SLC25A42, SLC25A44, SLC27A1, SLC27A4, SLC27A5, SLC2A9, SLC30A1, SLC31A1, SLC31A2, SLC35B1, SLC35F2, SLC36A1, SLC37A2, SLC44A1, SLC44A2, SLC45A4, SLC46A2, SLC4A7, SLC6A12, SLC6A9, SLC7A7, SLC8A1, SLC9A8, SLCO3A1, SMARCAD1, SMARCC1, SMARCC2, SMPDL3A, SNAI3, SNAP23, SNAPC4, SNCA, SND1, SNF8, SNN, SNORD33, SNRPC, SNRPD2, SNRPE, SNRPF, SNX11, SNX18, SNX21, SNX27, SNX30, SNX5, SOD1, SOD2, SORT1, SP1, SP110, SP2, SPAG5, SPAG9, SPATA2L, SPATA6, SPATS2, SPCS1, SPECC1, SPINK2, SPINT1, SPNS2, SPOPL, SPR, SPTB, SPTLC2, SRA1, SRGAP2, SRL, SRPK2, SRPRB, SRRD, SRRM2, SS18L2, SSH1, SSPN, SSR2, SSR4, ST3GAL2, ST6GAL1, STAC3, STAM, STAT1, STAT3, STAT5A, STK11IP, STK40, STMN1, STOM, STOML2, STRAP, STRBP, STT3A, STX11, STX12, STX3, STXBP5, SULF2, SYK, SYT10, TACC3, TAF4, TAF9, TANC2, TAPBP, TBC1D1, TBC1D14, TBC1D2, TBC1D22B, TBC1D8, TBL1X, TBPL1, TCEAL8, TCF20, TCF3, TCIRG1, TCTN3, TDRD9, TECPR2, TEP1, TFB2M, TGFBI, TGM3, TGM4, THADA, THBD, THOC5, THOC7, TIGD3, TIMM17B, TIMM23, TIMP1, TJP2, TKT, TLR1, TLR2, TLR4, TLR5, TLR6, TLR8, TM6SF1, TM7SF2, TM9SF4, TMCC1, TMCC2, TMED3, TMED9, TMEM106B, TMEM106C, TMEM120A, TMEM126B, TMEM127, TMEM140, TMEM14C, TMEM164, TMEM167B, TMEM184B, TMEM19, TMEM208, TMEM214, TMEM223, TMEM234, TMEM33, TMEM42, TMEM50B, TMEM51, TMEM71, TMEM79, TMEM86B, TMEM88, TMEM9, TMEM91, TMEM9B, TMUB2, TMX1, TMX4, TNFAIP2, TNFAIP6, TNFRSF17, TNFRSF1A, TNFRSF1B, TNFRSF8, TNFRSF9, TNFSF13B, TNS3, TOM1, TOMM20, TOMM6, TOMM7, TPCN1, TPCN2, TPD52, TPD52L2, TPP2, TPPP, TPPP3, TPR, TPT1, TRAM1, TRAM2, TRANK1, TRAPPC2L, TREM1, TREML2, TRIM10, TRIM21, TRIM25, TRIM39, TRIM8, TRMT112, TRPM2, TRPM6, TRPT1, TSEN34, TSHZ3, TSPAN14, TSPAN7, TSPO, TSPO2, TST, TTYH3, TUBE1, TXNDC11, TXNDC5, TXNIP, TYROBP, UAP1, UBA5, UBE2D1, UBE2F, UBE2J1, UBE2Q2, UBE2S, UBE2T, UBE4B, UBFD1, UBQLN1, UBR2, UBR4, UBTD1, UBXN11, UBXN2B, UFC1, UFL1, UGGT1, ULK1, UNC119B, UNC93B1, UPK3A, UQCR10, UQCR11, UQCRH, UROD, USP15, USP32, UXT, VAMP3, VASP, VAV1, VDR, VEZF1, VEZT, VIM, VKORC1L1, VMP1, VPS35, VPS36, VPS37C, VPS54, VPS8, VRK3, VTI1A, WAS, WDFY3, WDFY4, WDR73, WEE1, WFIKKN1, WIPF1, WIPF2, WWP2, XBP1, XCL1, XKR8, XPO6, XPO7, XYLT1, YIF1A, YIPF2, ZBED3, ZBED5, ZBTB1, ZBTB3, ZBTB37, ZBTB5, ZC3H10, ZCCHC2, ZDHHC12, ZDHHC18, ZDHHC4, ZFAND1, ZFAND3, ZFHX3, ZFP36, ZFP62, ZFYVE1, ZMYM2, ZMYND15, ZNFX1, ZNHIT3, ZRANB2, ZWINT, ZZEF1",13.6,46.01,0,Inf
Human Day 1,Human Day 3,0.114,754,5412,469,10654,1871,"ABCB4, ABCC5, ABCF1, ABHD3, ABTB1, ACAP2, ACOX1, ACSL4, ACTR3, ADA, ADAM19, ADAM28, ADAMTS5, ADAP2, AGPAT4, AGTPBP1, AHCTF1, AIM2, ALAS1, ALPK3, AMBRA1, ANAPC13, ANGPT1, ANK1, ANKRD49, ANP32B, ANXA1, ANXA4, AOC3, AQP9, ARAP3, ARG1, ARHGDIB, ARHGEF10L, ARHGEF40, ARID4B, ARID5A, ARL11, ARL3, ARPC2, ASCC2, ASF1B, ASNSD1, ASPH, ATF3, ATG2A, ATL2, ATP2B1, ATP6V1A, AUH, AURKAIP1, B2M, B3GAT2, B3GNT7, B3GNTL1, B4GALT3, B9D2, BAIAP2, BAIAP3, BAZ1A, BCAP31, BCL3, BCL6, BCL7C, BECN1, BEND6, BHLHE41, BLK, BPGM, BRD4, BRD8, BRIX1, BTBD10, BTG1, BTLA, C1GALT1C1, C1QA, C1QB, C2, C3AR1, CACNB4, CAPN5, CAPZA2, CASP3, CBX7, CCDC153, CCDC59, CCNC, CD200, CD274, CD300E, CD46, CD68, CD70, CDC37L1, CDCA7L, CDH11, CDH2, CDK19, CDK7, CDKL1, CEBPB, CENPF, CENPQ, CEP63, CERS3, CFH, CGRRF1, CHIC2, CHMP4B, CHN2, CHRNA10, CIR1, CITED2, CKLF, CLCF1, CLDND1, CLEC4D, CLEC9A, CLIC1, CMA1, CMPK2, CNBP, CNTNAP3, COBLL1, COL4A4, COPS5, COQ10B, CPD, CPEB4, CPNE2, CPPED1, CREB3L1, CRHR2, CSF1R, CSF3R, CSNK1E, CTBP2, CTBS, CTNND1, CTSA, CTSE, CTSG, CUL4A, CWC25, CYB561, CYB5R4, CYBRD1, CYFIP1, CYP27A1, CYTIP, DACT2, DCAF10, DCAF6, DCUN1D5, DDB2, DDIT3, DDX60, DEF8, DENND5A, DERL2, DES, DHRS13, DHRS7, DHRS9, DHX58, DICER1, DISC1, DNAJB5, DNAJB9, DNAJC10, DNASE1L3, DNTTIP2, DPEP2, DPH3, DPY30, DRAP1, DYNC1LI1, E2F3, EBF1, EEF1D, EFHC2, EFNB1, EGF, EGR1, EIF1B, EIF4A2, ELAC2, ENTPD2, EPB41, EPB41L3, EPHB1, EPHB4, EPN1, EPS8L2, ERGIC1, ERGIC2, ESPN, EXOC8, EXTL3, FADS3, FAIM, FAM110A, FAM20A, FAM20C, FAM3D, FAM53C, FANCA, FAR1, FASN, FAU, FBXL13, FBXL19, FBXO30, FBXO6, FCER1G, FCRL1, FCRLA, FGD6, FGGY, FKBP14, FKBP3, FNIP2, FOXB1, FPR2, FRMD3, FZD1, GBE1, GBP4, GBP5, GCA, GGT5, GK, GKAP1, GLG1, GLIPR1, GLIPR2, GLT1D1, GMPR, GNG10, GNS, GOLGA7, GOT2, GPCPD1, GPR20, GRINA, GSS, GTF2B, GZMK, HBP1, HCFC1R1, HCRT, HEBP1, HEBP2, HECA, HEY1, HINT1, HIPK3, HIVEP3, HK1, HLX, HMGB1, HMGB2, HMGCR, HNRNPH2, HRK, HS3ST1, HSBP1, HSD17B11, HSPA14, HSPBAP1, HYAL2, IAH1, ICAM4, IDH2, IDS, IFI27, IFI44, IFNGR2, IGF2BP2, IKBIP, IL13RA1, IL1R1, IL1R2, IL1RAP, IMPA2, INTS9, IPMK, IRAK3, IRS2, ISG15, ITGA5, ITGB3BP, ITGB4, ITIH1, IVD, JMJD1C, JPH4, KANK2, KAT8, KCNC3, KCTD20, KDM4B, KIF13B, KIN, KISS1R, KIT, KLF11, KLF6, KRT23, LAMP2, LAMTOR3, LARP1, LASP1, LBR, LGALS9, LGALSL, LIMK1, LIN7A, LIN9, LITAF, LOXL3, LPCAT2, LRRC20, LRRC36, LRRC8A, LRWD1, LSM10, LSM7, LY6E, LY96, MADD, MAFB, MAFF, MAK, MAML3, MAP1S, MAP3K2, MAPK8IP3, MARK3, MAT2B, MBOAT7, MCM6, MCOLN1, MDH2, MDK, MEF2A, MEGF6, MGAT4A, MICU1, MKNK2, MKRN1, MLC1, MLH3, MMADHC, MOV10, MPP1, MPZL1, MPZL3, MRPL46, MRPL50, MRPS33, MS4A1, MS4A7, MSL1, MTHFD1, MTMR6, MTSS1, MTX1, MYADM, MYL6, MYO1E, MYO1F, MYO1G, MYO7B, MYOF, NAA50, NACC2, NAGA, NAMPT, NASP, NCF4, NCKAP1L, NDE1, NDUFA2, NDUFA4, NDUFB2, NDUFB3, NDUFB6, NECAB2, NFKBIE, NGDN, NICN1, NKAP, NKX2-2, NLN, NMU, NOA1, NR3C1, NRBF2, NRGN, NRL, NT5C2, NUDT2, NUDT5, NUMB, OAS3, OGFR, OLAH, OSCP1, OSGIN1, OSGIN2, OSM, OSTC, OTUD1, OTX1, P2RX4, P2RX5, P2RX7, PAIP2, PAM16, PANX2, PARD6A, PARP12, PARP8, PBXIP1, PCBD1, PCBP2, PCGF5, PCK2, PCMT1, PCNP, PDGFC, PELI1, PELI2, PHAX, PHC2, PHF20, PIK3CA, PJA2, PLA2G15, PLAGL2, PLEK2, PLEKHG3, PLSCR3, PLXNB2, PM20D2, PML, PNPLA8, POU4F1, PPARGC1B, PPFIA1, PPM1F, PPP1R12B, PPP1R15A, PPP2R5B, PPP3CA, PRELID1, PRKAR1A, PRKDC, PROC, PSD, PSMA4, PSMA6, PSMB3, PTBP3, PTGS2, PTOV1, PTPN18, PTPRO, PTS, QPRT, RAB11FIP1, RAB20, RAB21, RAB2A, RAB35, RAB36, RAB39B, RAB3D, RABAC1, RALB, RALGPS2, RANBP1, RARA, RARS2, RASSF2, RBM3, RBM47, RBM5, RBP7, RCN2, REEP5, RELL1, REPS1, REPS2, RER1, REV3L, RFTN1, RGS12, RGS18, RGS2, RICTOR, RILP, RNASE4, RNASE6, RNF13, RNF145, RNF149, RNH1, RNPC3, ROMO1, ROPN1L, RPGRIP1, RPL13A, RPL17, RPL21, RPL22L1, RPL23, RPL27, RPL30, RPL31, RPL32, RPL35, RPL36A, RPL39, RPLP0, RPRD1A, RPS14, RPS15A, RPS16, RPS27L, RPS3, RPS5, RPS9, RPTOR, RRAS, RSAD2, RSL24D1, RTP4, S100A8, S1PR2, S1PR4, SACM1L, SAMD9L, SAP25, SARNP, SASH1, SCAP, SCARB2, SCARF1, SDF2, SDSL, SEC61A2, SELP, SENP2, SEPHS2, SETDB1, SFT2D1, SGK1, SH3RF1, SIAH2, SIPA1L2, SIVA1, SKAP2, SKI, SKIL, SLC12A6, SLC19A2, SLC1A5, SLC20A1, SLC22A1, SLC22A15, SLC25A37, SLC27A3, SLC27A4, SLC27A5, SLC29A1, SLC31A2, SLC37A3, SLC39A2, SLC45A4, SLC6A12, SLC6A9, SLC9A9, SLITRK4, SLU7, SMAD1, SMPDL3B, SNCA, SNORA26, SNORA70, SNORD34, SNORD80, SNRNP27, SNRPD2, SNX10, SNX13, SNX24, SNX25, SNX6, SOCS5, SOD2, SORT1, SPATS2L, SPHK2, SPIB, SPINK2, SPOPL, SPP1, SPTB, SRGAP2, SRL, SRP14, SRSF3, SRSF5, SRSF6, SS18L2, SSR4, ST8SIA4, STAC3, STMN1, STOM, STOML1, STRBP, STX7, SULF2, SUSD1, SYF2, TADA3, TANK, TBC1D13, TBC1D14, TBC1D15, TBC1D2, TBC1D22B, TBC1D2B, TBCC, TBK1, TBL1X, TCEAL1, TCF4, TCN2, TEAD1, TFB2M, TFDP1, TG, TGIF1, THAP3, THBD, THOC7, TIAM1, TICAM1, TIGD3, TIPRL, TJP2, TLE1, TLR4, TLR6, TMC5, TMCC1, TMCO3, TMED2, TMEM107, TMEM145, TMEM158, TMEM182, TMEM184B, TMEM208, TMEM216, TMEM229B, TMEM45B, TMEM50B, TMEM59, TMEM63B, TMEM71, TMEM88, TMX4, TNFRSF13C, TNFRSF8, TOMM20, TOMM6, TOMM7, TOPORS, TPD52, TPPP, TPST2, TREM1, TREML2, TRIB1, TRIM10, TRIM27, TRIM31, TRIM8, TRMT112, TRPM6, TSEN34, TSHZ3, TSPAN13, TSPAN14, TSPAN4, TSPO2, TST, TSTD1, TTC7B, TTL, TTYH3, TUBA4A, TWF1, TYROBP, UBA3, UBE2A, UBE2B, UBE2D1, UBE2V1, UBE2W, UBR2, UCHL5, UGDH, ULK1, UNC119B, UNKL, UPF2, UQCR11, USP15, USP32, UTP6, UTRN, VCL, VMP1, VPREB3, VPS37A, VPS37B, WDFY3, WDFY4, WDR45, WDR53, XAF1, XKR8, XPO7, YIPF2, ZBP1, ZC3H12A, ZCCHC18, ZCCHC2, ZCCHC7, ZDHHC5, ZEB1, ZFAND2A, ZFYVE26, ZMYND10, ZNHIT1, ZNHIT3, ZSCAN18",7.08,40.3,0,Inf
Mouse Day 7,Mouse Day 1,0.048,122,2232,178,2354,300,"ABI3, ACTL7A, AHR, ALOX15, ANK2, ARL9, ASGR2, ATP6V1E2, ATP8B3, BAIAP2, BEST2, BRD2, C1QL2, C3, CAMK1, CCL19, CCR3, CD300C, CDC42EP5, CDCP2, CEBPE, CFP, CNTN6, COL2A1, COL6A2, CSF1, CSF2RB, CTRL, D2HGDH, DCAF7, DCHS2, DLK2, DNAJB14, DOC2A, DPP6, DPYSL4, DUSP1, FAM124B, FAM83F, FGB, FGF8, FOXF1, GABRR2, GLIPR1, GPATCH8, GRIK3, HTR6, IFT140, IGFN1, IGSF9B, IL4, INPP5J, IQSEC3, KRT6B, LANCL1, LEFTY2, LIX1L, MADCAM1, MAPK15, MDP1, MESP2, MSGN1, MTUS1, MYOZ3, NR1H2, NXN, ONECUT2, OPN1MW, OR51M1, OSGIN1, OTOP1, PIGZ, PLCB2, PLSCR3, PMF1, PNLDC1, PNLIPRP1, PNMA3, PNMA5, POC5, PODNL1, PRG2, PTCHD3, PTN, PTPRH, PTPRN2, PYGL, RAET1E, RASGRF2, RBP4, RECQL5, REM1, RMI2, RNF170, RRP7A, S100B, SCTR, SEMA7A, SERPING1, SHISA9, SLC12A4, SLC25A1, SLC27A4, SPTBN5, TEAD1, TEKT4, TFAP2D, TM2D2, TM7SF2, TNFRSF11A, TNS4, TOM1, TRAPPC9, TRPC4, TRUB1, UBAP2L, XKR5, YBX2, ZAR1L, ZBTB32, ZBTB46, ZSWIM5",5.18,40.67,2.7679978844239737e-192,191.5578342461457
Mouse Day 7,Mouse Day 3,0.099,131,1018,169,1149,300,"AADACL4, ACTL7A, ADAR, ANK2, ARL9, ASGR2, ATP6V1E2, ATP8B3, AVP, BRD2, C1QL2, C3, CCL1, CCL19, CD300C, CDC42EP5, CDCP2, CLDN11, CNTN6, COL2A1, COL6A2, CSF1, CTRL, D2HGDH, DCAF7, DCHS2, DENND5A, DLK2, DNAJB14, DOC2A, DPP6, DPYSL4, DUSP1, FAM124B, FAM83F, FGB, FGF8, FGFBP3, FOXF1, GABRR2, GNL3L, GPATCH8, GRIK3, HTR6, IGFN1, IGSF9B, KL, KLK1, KRT6B, LANCL1, LEFTY2, MADCAM1, MAGEA10, MAPK15, MAPK6, MBTPS2, MDP1, MESP2, MSGN1, MTUS1, MVK, MYOZ3, NOC4L, NOS1, NR1H2, NXN, ONECUT2, OR4C15, OR51G1, OR51M1, OTOP1, PARD6G, PDE6B, PIGZ, PLA2G2E, PLCB2, PLS1, PNLIPRP1, PNMA3, PNMA5, POC5, PODNL1, PTCHD3, PTN, PTPRH, PTPRN2, RASGRF2, RBP1, RBP4, RECQL5, REM1, RMI2, RNF170, S100B, SCGB1A1, SERPINA11, SH3PXD2A, SLC12A4, SLC27A4, SLC2A3, SLC6A1, SPTBN5, SRGAP2, STEAP3, STIL, SYCN, SYS1, TAS1R3, TAT, TEAD1, TEKT4, TFAP2D, TM2D2, TM7SF2, TNFRSF11A, TOM1, TRAFD1, TRAPPC9, TRPC4, TRUB1, TST, TTC23L, TYSND1, UBAP2L, UGGT2, USP54, VCAN, XKR5, YY2, ZBTB46, ZDHHC12",11.4,43.67,1.5241040757106684e-130,129.81698537554
Mouse Day 7,Human Day 1,0.017,109,6057,191,10654,300,"ACTL7A, ADAM8, ADAR, ALAS1, ALOX15, ARAP3, ARL2BP, ASGR2, ATP9A, BAIAP2, BAIAP2L2, BRD2, C3, CAMK1, CCL1, CD63, CDAN1, CELF4, CFP, CISH, CNR2, COL6A2, CRYAB, CRYZL1, CSF1, CTRL, D2HGDH, DENND5A, DNAH17, DPP6, DUSP1, ENO3, FAM110A, FAM124B, FAM83F, FGFBP3, FKRP, GLIPR1, GPATCH8, GRIK3, IFT140, IL1RL1, KCND3, KIF3C, LANCL1, LIX1L, LMF1, LRRC25, MAP6D1, MBOAT7, MOG, MTHFD2, MVK, MYOZ3, NCF1, NR1H2, OSGIN1, PADI4, PHC1, PIGZ, PIK3IP1, PLA2G2E, PLCB2, PLSCR3, PMF1, PNLIPRP1, PNMA3, POC5, POLE3, PRSS8, PTPRN2, RAB44, RACGAP1, RAPSN, RECK, RMI2, RNF170, RRP7A, S100B, SCAF1, SCGB1A1, SH2D2A, SH3PXD2A, SLC27A4, SLC38A7, SLPI, SMAD1, SRGAP2, SSBP2, STAMBP, SYS1, SYTL1, TAMM41, TEAD1, TGIF2, TM7SF2, TNFRSF11A, TOM1, TRAFD1, TRIM7, TST, TYSND1, UBAP2L, UGGT2, USP54, WDR45, YBX2, ZDHHC12, ZSWIM5",1.02,36.33,1.4364768215025582e-287,286.84270137724235
Mouse Day 7,Human Day 7,0.018,45,255,2161,300,3149,"ADAM8, ADAR, AHR, ALOX5, ANKRD9, ARAP3, ASGR2, BAIAP2, CAMK1, CFP, DACH1, DENND5A, FAM110A, GNL3L, HTR6, KIF3C, LANCL1, LRRC25, MADCAM1, MAPK6, MBOAT7, MDP1, NCF1, NOC4L, OSGIN1, P2RX1, PADI4, PLCB2, PPP1R3B, PYGL, RAB44, SCAF1, SCGB1A1, SERPING1, SLC27A4, SLC2A3, SRGAP2, TBXAS1, TM7SF2, TNFSF14, TOM1, TRAPPC9, TST, VCAN, ZDHHC12",15,1.43,3.957330026465318e-301,300.40259772969455
Mouse Day 7,Human Day 3,0.014,21,279,1202,300,1871,"ABI3, AHR, ALAS1, ANKRD9, ARAP3, BAIAP2, DENND5A, FAM110A, GLIPR1, MADCAM1, MBOAT7, MDP1, OSGIN1, PLSCR3, SLC27A4, SMAD1, SRGAP2, TAGLN, TEAD1, TST, WDR45",7,1.12,2.9195870589899937e-280,279.5346785700187
Human Day 7,Mouse Day 1,0.108,445,1909,1761,2354,3149,"AATK, ACAP2, ACD, ACSS2, ACTR6, ADD3, ADSL, AGPAT4, AGPAT5, AHR, ALG1, ALG5, ANKRD16, ANKZF1, AOC3, APOO, ARHGAP30, ARHGEF10L, ARID3A, ARL8A, ARPC5L, ASAP1, ASGR2, ASNS, ASPH, ATAD1, ATF4, B3GNT8, B4GALT5, BAIAP2, BANP, BASP1, BATF3, BCORL1, BLK, BMX, BRI3, BTG2, BTLA, C1GALT1C1, CAMK1, CAPN5, CASP8, CBL, CBLL1, CCDC117, CCDC125, CCDC153, CCDC57, CCDC82, CCRL2, CCT2, CD14, CD302, CD38, CD48, CD79A, CDC27, CDC34, CDH26, CDK9, CDS2, CEP128, CEP350, CEP57, CEP63, CFP, CHST12, CKS2, CLEC4E, CLEC5A, CLNS1A, CLPTM1L, CMC1, COIL, COX6B1, CPD, CPNE5, CREB1, CRISPLD2, CSGALNACT2, CSNK1D, CSRP2, CST3, CTDSP2, CTSD, CTSS, CXCR1, CXCR2, DAAM2, DAGLB, DBI, DCAF12, DCBLD1, DGAT2, DHX8, DIAPH1, DNAJB11, DNAJB9, DOCK2, DUSP12, DUSP6, EBI3, EBP, ECHS1, EED, EEF1E1, EHBP1L1, EIF2AK2, EIF3E, EIF3I, EIF4E3, ELF2, ELF4, EMILIN2, EMP1, ENOPH1, EPHX1, ERLIN1, EZH2, FAM3C, FAM3D, FAM89B, FHOD1, FKBP3, FLOT2, FOSL2, FPR1, FPR2, FXYD6, GATA2, GFPT1, GGCT, GIT2, GLT1D1, GLT8D1, GMNN, GNA14, GNB4, GORASP2, GOT1, GPR18, GPRC5D, GRB2, GRM5, GZMA, GZMK, HARS2, HDAC4, HEATR5A, HERPUD1, HINT1, HIPK3, HLX, HSP90B1, HSPA14, HSPA8, HTR6, IAH1, ICAM2, IDH2, IER2, IFITM2, IGF1, IL18R1, IL1R2, IMPA1, IMPA2, IRS2, ITM2C, ITPA, JTB, KBTBD4, KCNJ15, KCNN3, KCTD15, KDELR2, KIF13A, KIF1C, KLHL21, LAMP1, LANCL1, LDHD, LEPR, LGALS3, LMAN2, LRG1, LRRC8A, LSM1, LTBP4, LYPLAL1, MADCAM1, MAF1, MAGOH, MAGOHB, MAK, MAPK14, MAPKAPK3, MARCKS, MAST3, MBOAT1, MDH1, MDP1, MEF2C, MEI1, METRNL, MEX3C, MGAT2, MIDN, MKLN1, MPEG1, MPPE1, MRC2, MRPL15, MRPL17, MRPL21, MRPL22, MRPL27, MRPL3, MRPL36, MRPL39, MRPL40, MRPL53, MRPS26, MRPS35, MSL1, MXD1, MYO5A, MZB1, NCEH1, NCK1, NDE1, NDST1, NDST2, NDUFA8, NDUFAB1, NDUFB11, NDUFS5, NDUFV2, NECAB2, NFIC, NLRP3, NMB, NPC2, NPEPL1, NPM1, NR4A1, NRBF2, NT5C, NUDT1, NUDT3, NUP107, NXT1, OPTN, OSCAR, OSGIN1, OTX1, PACS2, PCNP, PDCD10, PDE4A, PDK1, PHC2, PHPT1, PID1, PIK3C2A, PIK3CB, PIM2, PLAC8, PLBD1, PLCB1, PLCB2, PLEKHM3, PLIN4, PLOD1, PLXNC1, PLXND1, PNPLA6, POLR3K, PPFIA1, PPIB, PPP1R3D, PPP2R5A, PPP3CC, PRAM1, PRCP, PRG3, PRRG4, PSMB7, PSMC2, PSMG3, PTGS2, PTPRJ, PTTG1IP, PYGL, QSOX1, RAB11FIP4, RAB26, RAF1, RAN, RBKS, RBM17, RCBTB2, RCN2, RCN3, REL, REXO2, RFX3, RGL2, RPA3, RPAIN, RPIA, RPL11, RPL15, RPL23, RPL27, RPN2, RPS13, RPS27L, RPS6KA5, RRAGC, RSL24D1, SART1, SCFD1, SCO2, SDC1, SEC61B, SERPING1, SESN2, SETD2, SETDB2, SF3B5, SGK1, SH2D1A, SH3BP5L, SIAH2, SIPA1L2, SLA, SLC16A3, SLC22A1, SLC25A4, SLC25A44, SLC25A46, SLC27A4, SLC31A2, SLC35A2, SLC35B1, SLC37A2, SLC38A10, SLC44A1, SLC6A12, SLC8A1, SLCO3A1, SMPDL3A, SNORD33, SNRPC, SNRPG, SNX5, SORT1, SPAG9, SPATA6, SPCS1, SPCS2, SPG21, SPNS2, SRA1, SRCAP, SRRM2, SRSF10, SS18L2, SSH3, STAT3, STK11, STK11IP, STK19, STOM, STX11, STX6, SUOX, TAF4, TAF9, TBC1D1, TBCA, TBPL1, TEP1, TFB2M, TFRC, THBD, THOC7, TLR8, TM6SF1, TM7SF2, TMED3, TMED9, TMEM126B, TMEM51, TMEM86B, TMEM9, TMEM9B, TNFRSF13B, TNFRSF1B, TNS1, TOM1, TOMM20, TOMM22, TOMM6, TOMM7, TOP3A, TOR3A, TPP2, TRAPPC9, TRIM8, TRMT112, TSC22D3, TSEN34, TSHR, TSPAN14, TSPAN5, TXNIP, UAP1, UBE2O, UBE2Q2, UBFD1, UBOX5, UBTD1, UBXN2B, UFL1, UNC119B, UNC93B1, UQCRFS1, VIM, VSIG4, VTI1B, WEE1, WLS, XBP1, XCL1, YIF1A, YIPF2, ZBTB1, ZBTB5, ZDHHC7, ZFAND1, ZFP36, ZMYM2",18.9,14.13,0,Inf
Human Day 7,Mouse Day 3,0.057,182,967,2024,1149,3149,"ACAT1, ACP5, ACTR6, ADAR, ALG5, ALKBH7, AMPD2, ANKRD16, APOM, APOO, ARL4C, ASAP1, ASGR2, ATP6V1A, B9D2, BASP1, BCORL1, BTLA, C1QBP, CBL, CCDC153, CCDC159, CCDC59, CCNA2, CCNH, CCRL2, CD27, CD48, CD79A, CDC34, CDKN2C, CEP63, CHMP7, CLCN5, CLPTM1L, COMMD8, COX6B1, CREB1, CSRNP1, CUEDC1, DDX1, DENND5A, DHX8, DPH5, EBP, EFHD2, EHD1, ELF4, EPHX1, FAM89B, FKBP3, FRAT2, GNL3L, GORASP2, GPRC5D, GRB2, GTF2H5, HAUS1, HINT2, HTR6, ICAM1, ICAM2, IDH2, IGF1, ITGAL, ITPA, KCNN3, KLHL21, KLHL8, LANCL1, LGALS3, LMAN2, MADCAM1, MAGED1, MAGOH, MAPK6, MDP1, MEF2C, MGAT2, MIF, MRPL13, MRPL21, MRPL22, MRPL23, MRPL27, MRPL3, MRPL52, MRPL53, MRPS26, MRPS34, MSL1, NDST1, NDUFA8, NDUFAB1, NECAB2, NENF, NFIC, NOC4L, NPC2, NPEPL1, NPM1, NUP107, NXT1, PACS2, PDCD10, PHC2, PHPT1, PITHD1, PLAC8, PLCB2, PLEKHM3, PLIN4, PLOD1, PNKD, POMGNT1, PPIB, PPP3CC, PRRG4, PSMA5, PSMB7, PSMC2, RAB11FIP4, RAB24, RAB26, RBM22, RPA3, RPL11, RPL30, RPN2, RPS27L, RPS3, RRAS2, SART1, SCGB1A1, SERPINB8, SESN2, SKI, SLA, SLC25A4, SLC27A4, SLC2A3, SLC31A2, SLC35B1, SLC35F2, SLC36A1, SLC38A10, SLC4A7, SLC8A1, SNORD33, SNRPF, SORT1, SRA1, SRGAP2, STK11IP, STK33, TAF9, TBCA, THOC7, TIMM17A, TIMP2, TLR5, TLR8, TM7SF2, TMED3, TMEM223, TMEM9, TNFRSF13B, TNS1, TOM1, TRANK1, TRAPPC9, TST, UBE2G1, UBTD1, UQCRFS1, VCAN, VSIG4, VTI1B, XPO7, ZBTB1, ZDHHC12, ZNHIT3",15.84,5.78,0,Inf
Human Day 7,Human Day 1,0.209,1449,4717,757,10654,3149,"AATK, ABAT, ABCB9, ABCC5, ABCD1, ABHD14A, ABHD2, ABTB1, ACADSB, ACAP2, ACD, ACOX1, ACP1, ACSL1, ACSS2, ACTL6A, ACTR1A, ACYP2, ADA, ADAM8, ADAR, ADCY9, ADD2, ADD3, ADORA2B, AGPAT4, AKAP11, AKAP13, AKIRIN2, AKR1B1, ALDH1A1, ALDH2, ALDOA, ALG1, ALG5, ALG6, ALG8, ALKBH7, ALPK3, AMPD2, ANAPC11, ANAPC5, ANK1, ANKFY1, ANKRD13A, ANKRD16, ANKRD39, ANKZF1, ANO10, ANP32B, ANPEP, ANXA11, AOAH, AOC3, AP1M1, APBB1IP, APH1B, APLP2, APOBR, AQP3, AQP4, AQP9, ARAP1, ARAP3, ARF3, ARHGAP1, ARHGAP12, ARHGAP25, ARHGAP26, ARHGAP31, ARHGDIB, ARHGEF10L, ARHGEF11, ARHGEF37, ARHGEF40, ARL11, ARL4C, ARMCX6, ARPC5, ARPC5L, ARRB2, ARRDC1, ARSG, ASAP1, ASF1B, ASGR1, ASGR2, ASNS, ASPH, ASPRV1, ASXL1, ATAD1, ATF4, ATF7IP, ATG2A, ATP11A, ATP2B1, ATP6AP1, ATP6V0A1, ATP6V0D1, ATP6V1A, ATP6V1B2, ATP8A1, AVIL, B3GNTL1, B4GALT3, B4GALT5, B9D2, BACE1, BACH1, BAIAP2, BATF3, BAZ2A, BBX, BCKDK, BCL3, BCL6, BECN1, BEND7, BEST1, BEX2, BHLHE41, BICD2, BIK, BLK, BMX, BOLA3, BPGM, BRD3, BRI3, BRWD3, BST1, BTF3, BTG3, BTLA, BYSL, C1GALT1C1, C1QBP, C1RL, CACNA2D3, CACNA2D4, CADM1, CAMK1, CAMSAP1, CAMTA1, CANT1, CAPN5, CARD6, CASP3, CASP9, CASS4, CBFA2T3, CCDC102A, CCDC14, CCDC149, CCDC153, CCDC167, CCDC57, CCDC59, CCL25, CCL4, CCNC, CCR1, CCRL2, CCT2, CD163, CD19, CD27, CD28, CD300E, CD300LF, CD302, CD320, CD38, CD3D, CD46, CD68, CD79B, CD93, CDA, CDC27, CDC42BPB, CDC42EP2, CDCA7L, CDH11, CDH16, CDH2, CDH23, CDH26, CDK19, CDK9, CDKL1, CDKL5, CDKN2C, CDS2, CEBPB, CENPF, CENPM, CEP128, CEP19, CEP290, CEP350, CEP57, CEP63, CERS2, CFLAR, CFP, CHAC1, CHD1, CHKA, CHMP2A, CHMP7, CHPF, CHRNA10, CHST12, CHST15, CHST7, CIDEB, CIITA, CIR1, CKS1B, CLASP2, CLCN5, CLDND1, CLEC1A, CLEC4D, CLEC4E, CLEC5A, CLIC4, CLNS1A, CLPTM1L, CMC1, CMIP, CMTM6, CNKSR1, CNPY2, CNPY3, CNTNAP3, COBLL1, COCH, COL15A1, COL4A4, COMMD10, COMMD3, COMMD4, COPB2, COPZ1, CORO2A, COX16, COX17, COX7C, CPD, CPEB3, CPNE2, CPNE5, CPOX, CPPED1, CPSF4, CPT2, CPVL, CRISPLD2, CRTC2, CSAD, CSF1R, CSF3R, CSNK1D, CSRNP1, CSRP2, CTBP2, CTBS, CTDSP1, CTDSP2, CTNNA1, CTSD, CTSE, CTSS, CUEDC1, CUL4A, CUTA, CWC25, CWF19L1, CXCL16, CXCR3, CXXC5, CYB5R1, CYP27A1, CYP2R1, CYP2S1, CYTH4, DAD1, DAPK1, DAZAP2, DCBLD1, DCUN1D5, DDX1, DEDD, DEF8, DENND1B, DENND5A, DGAT1, DGKG, DHRS13, DHX36, DHX8, DIAPH1, DIAPH2, DICER1, DIMT1, DISC1, DMXL2, DNAJB11, DNAJB12, DNAJB5, DNAJB9, DNAJC1, DNAJC13, DNAJC5, DNTTIP1, DOCK10, DOCK8, DOK1, DPEP2, DPH5, DPY30, DPYD, DPYSL2, DSC2, DSE, DTX2, DTX3L, DUS1L, DUSP12, DUSP3, DUSP5, DUSP6, DYNC1H1, DYSF, E2F6, EBAG9, EBNA1BP2, EBP, ECE1, ECHDC1, ECHS1, ECI1, EDC4, EEF1E1, EEPD1, EFEMP2, EFNB1, EGR1, EHBP1L1, EHD1, EIF2AK2, EIF3B, EIF3E, EIF3I, EIF3K, EIF4E3, EIF4G3, ELAVL2, ELF4, ELL, EMILIN2, EML5, EMP1, ENG, ENPP4, EP300, EPB41L3, EPHB1, EPHB4, EPHX1, ERGIC1, ERGIC3, ERLEC1, ERLIN1, ETS2, ETV6, EXOSC1, EXOSC8, EXTL3, EZH1, F2RL1, FAM110A, FAM13A, FAM3C, FAM3D, FAM53B, FAM53C, FANCL, FAU, FBL, FBXL13, FBXL20, FBXL5, FCHO1, FES, FGD3, FGD4, FGR, FHOD1, FIG4, FIGN, FKBP11, FKBP14, FKBP15, FKBP2, FKBP3, FKBP9, FLII, FMNL1, FNIP2, FPR1, FPR2, FRMD4B, FRY, FSCN1, FUT8, FXN, FZD1, FZD2, GAA, GAB2, GABARAPL1, GADD45B, GADD45G, GAS7, GATA2, GATAD2A, GCA, GCC1, GCHFR, GCSH, GDI1, GFRA2, GGT5, GHRL, GIGYF2, GIMAP8, GIT2, GK, GLA, GLB1, GLCCI1, GLG1, GLIPR2, GLT1D1, GLT8D1, GLYAT, GMPR, GNA15, GNAQ, GNB2, GNB4, GNL3, GNS, GPAA1, GPCPD1, GPR18, GPR183, GPR26, GPR35, GPX3, GRB2, GRIPAP1, GRN, GSK3B, GSTZ1, GTF3A, GTF3C3, GTPBP8, GZMA, GZMK, HAAO, HARS2, HAUS1, HAUS6, HCCS, HCK, HCLS1, HDAC4, HDHD2, HDLBP, HERPUD2, HIBCH, HINT1, HINT2, HIPK3, HIVEP1, HJURP, HK3, HLX, HMGCR, HMGCS1, HOMER3, HOPX, HORMAD1, HPSE, HSD17B11, HSD17B8, HSF2, HSPA14, HSPA8, HSPBAP1, HTATIP2, IAH1, ICAM1, ICOS, ID4, IDH2, IDS, IER2, IFI27, IFI30, IFIT2, IFITM2, IFNGR2, IFRD2, IFT80, IGSF23, IGSF6, IL13RA1, IL17RA, IL17RC, IL1R1, IL1R2, IL1RAP, IL1RN, ILF2, IMPA1, IMPA2, INPP5A, INPP5D, INPPL1, INTS3, IPMK, IQCB1, IQCE, IQSEC1, IRAK3, IRF9, IRS2, ITGA5, ITGAX, ITGB7, ITM2B, ITM2C, ITPKC, ITPRIP, JARID2, JDP2, JMJD1C, JMY, JPH4, JTB, KANK2, KAT8, KBTBD11, KCNA3, KCNAB2, KCNE3, KCNJ15, KCNJ2, KCNQ1, KCTD15, KCTD20, KDM4B, KDM5B, KDM6B, KIF13A, KIF1B, KIF1C, KIF3C, KIFAP3, KIT, KLC3, KLF12, KLF4, KLF6, KLF7, KLF9, KLHDC8B, KLHL14, KLHL18, KRT23, KRTCAP2, KTN1, KYNU, LAMP2, LANCL1, LASP1, LAT2, LATS2, LAX1, LCP1, LGALS9, LILRA5, LIMA1, LIMK2, LIN7A, LITAF, LMO2, LNX2, LOXL3, LPAR2, LPCAT1, LRFN1, LRG1, LRRC25, LRRC36, LRRC4, LRRC8A, LRRK2, LSM2, LSM5, LSM7, LTBP4, LTC4S, LUC7L3, LY9, LYN, LYVE1, MADD, MAFB, MAGED1, MAGEH1, MAK, MAML3, MAN2A2, MANBA, MANEA, MANSC1, MAP2K5, MAP3K11, MAP3K2, MAP3K5, MAP3K6, MAPK14, MARCKS, MARK2, MARVELD1, MBD6, MBNL2, MBOAT1, MBOAT2, MBOAT7, MCEE, MCL1, MDH1, MEF2C, MEGF6, MEGF9, MEI1, MESP1, METTL17, METTL3, METTL5, MEX3C, MFF, MFSD6, MGRN1, MIA3, MICU1, MIDN, MIER3, MIF, MKLN1, MKNK2, MKRN1, MLKL, MLLT1, MLLT11, MME, MMP9, MNT, MOB3A, MOSPD2, MPG, MPP1, MPPE1, MPV17L2, MPZL1, MPZL2, MPZL3, MRO, MRPL32, MRPL34, MRPL37, MRPL39, MRPL45, MRPL46, MRPL55, MRPL9, MRPS18A, MRPS21, MRPS24, MRPS26, MRPS31, MRPS33, MRPS34, MS4A1, MSL1, MSN, MSRA, MSRB2, MTF1, MTMR11, MTMR14, MTX1, MVP, MXD1, MYADM, MYBPC3, MYD88, MYH9, MYL6, MYO19, MYO1D, MYO1F, MYO5A, MYO7A, MYO9B, MZB1, NACC2, NADK, NAE1, NAGK, NAIF1, NAMPT, NAP1L1, NCEH1, NCF1, NCF2, NCF4, NCK1, NCOA1, NCOA7, NCOR2, NDC80, NDE1, NDRG1, NDRG3, NDST2, NDUFA2, NDUFA3, NDUFA4, NDUFA5, NDUFB11, NDUFB2, NDUFB8, NDUFB9, NDUFC1, NDUFS5, NECAB2, NEDD9, NENF, NET1, NEU1, NEXN, NFAM1, NFAT5, NFKB2, NFKBIZ, NFYC, NGLY1, NHP2, NHSL2, NINJ1, NIPBL, NLRC4, NLRP3, NLRX1, NMB, NME2, NMNAT1, NOC3L, NOD2, NOL11, NOL7, NOP16, NOTCH2, NPC2, NPEPL1, NPM1, NR3C1, NRBF2, NSD1, NSUN7, NT5C, NT5C2, NTAN1, NTNG2, NUCB2, NUDT1, NUDT16, NUMB, NUP107, NUP88, NUSAP1, NVL, NXT1, NXT2, OCIAD2, OGN, OGT, OLA1, OLAH, OPRK1, ORMDL1, ORMDL2, OS9, OSBPL10, OSCAR, OSCP1, OSGIN1, OSTC, OTX1, OVCA2, OXSM, P2RX5, P2RY13, P2RY2, PA2G4, PACS1, PACS2, PADI2, PADI4, PAK1, PANK2, PANK3, PANX2, PAOX, PAPSS2, PARP10, PARP14, PASK, PBXIP1, PCBD1, PCMTD2, PCNP, PDCD1, PDCD10, PDCD2, PDCD2L, PDCL3, PDE4A, PDIA5, PDIA6, PDK1, PDK3, PDP1, PDXDC1, PDXK, PEBP1, PECAM1, PELI2, PELI3, PEX3, PFDN5, PFKFB4, PGM3, PHACTR1, PHC2, PHC3, PHF20, PHKA2, PHLPP1, PHPT1, PI4K2B, PIAS1, PIF1, PIGH, PIGK, PILRA, PIM2, PISD, PITHD1, PITPNA, PJA1, PJA2, PLA2G7, PLAC8, PLAG1, PLAGL2, PLAU, PLAUR, PLB1, PLBD1, PLCB1, PLCB2, PLD1, PLD2, PLEK2, PLEKHB2, PLEKHG3, PLEKHO1, PLEKHO2, PLIN3, PLOD1, PLSCR1, PLXDC2, PLXNB2, PLXND1, PNKD, POLD3, POLG, POLR2I, POLR2L, POLR3K, POU2AF1, PPA1, PPARD, PPAT, PPCDC, PPFIA1, PPIA, PPIF, PPIL3, PPM1F, PPP1R10, PPP1R12B, PPP1R3D, PPP3CC, PPP4R1, PPT1, PPTC7, PRAM1, PRC1, PRCP, PRDM1, PRDM5, PREB, PRKAG2, PRKAR1A, PRKCD, PRKCZ, PRKDC, PROC, PRR13, PRRG4, PSAP, PSAT1, PSEN1, PSMA5, PSMA6, PSMB2, PSMB6, PSMC2, PSMC3, PSMD9, PSMG3, PTAR1, PTBP3, PTGS2, PTPN6, PTPRCAP, PTPRE, PTPRJ, PTPRS, PTTG1IP, PTX3, PWP1, PXK, PYCR1, QPCTL, QSOX1, RAB11FIP1, RAB20, RAB24, RAB30, RAB31, RAB32, RAB33A, RAB35, RAB36, RAB37, RAB3D, RAB44, RABAC1, RABGAP1L, RAC1, RAC2, RAD51C, RAD54L2, RALB, RAN, RARA, RARS2, RASGRP3, RASGRP4, RASSF2, RBM17, RBM41, RBM47, RBP7, RCN2, RCOR1, RECQL4, REL, RELA, RELL1, RELT, REPS2, REXO2, RFC1, RFX3, RFX7, RGL3, RGS10, RGS2, RHBDD2, RHBDD3, RHBDL3, RHOG, RHOH, RILPL2, RIN2, RIN3, RIPK4, RNF112, RNF135, RNF144B, RNF149, RNF19B, RNF24, RNFT2, ROMO1, ROPN1L, RPAIN, RPGRIP1, RPL11, RPL15, RPL17, RPL21, RPL22L1, RPL23, RPL27, RPL30, RPL31, RPL35, RPL39, RPLP0, RPN2, RPS13, RPS15A, RPS27L, RPS3, RPS6KA4, RPS6KC1, RPUSD2, RRAGC, RRAS2, RSL24D1, RSPRY1, RTN1, RTN2, RTN3, RTN4, RUNDC1, RUNX2, RWDD1, RXRA, S100PBP, S1PR4, SAMD3, SAP25, SAR1A, SAR1B, SASH3, SBNO2, SCAF1, SCAI, SCAP, SCARF1, SCG2, SCGB1A1, SCN4B, SCO2, SEC11C, SEC14L1, SEC14L4, SEC23IP, SEC24A, SEC61A2, SEL1L, SEL1L3, SELL, SELPLG, SEMA3B, SEMA4D, SETBP1, SETD2, SETDB2, SETX, SF3B5, SFRP2, SGK1, SGPL1, SH2B2, SH2B3, SH2D1A, SH3BP2, SH3BP5L, SH3KBP1, SH3YL1, SHISA5, SHKBP1, SIAH2, SIGLEC1, SIK1, SIK2, SIPA1, SIPA1L2, SIRT6, SIRT7, SIVA1, SKI, SKP1, SLAMF1, SLAMF7, SLC12A6, SLC12A9, SLC14A1, SLC15A3, SLC16A3, SLC16A5, SLC17A9, SLC19A1, SLC1A5, SLC22A1, SLC22A15, SLC24A4, SLC25A23, SLC25A37, SLC25A4, SLC25A42, SLC25A44, SLC27A1, SLC27A4, SLC27A5, SLC2A9, SLC30A1, SLC31A1, SLC31A2, SLC35B1, SLC35F2, SLC36A1, SLC37A2, SLC44A1, SLC44A2, SLC45A4, SLC46A2, SLC4A7, SLC6A12, SLC6A9, SLC7A7, SLC8A1, SLC9A8, SLCO3A1, SMARCAD1, SMARCC1, SMARCC2, SMPDL3A, SNAI3, SNAP23, SNAPC4, SNCA, SND1, SNF8, SNN, SNORD33, SNRPC, SNRPD2, SNRPE, SNRPF, SNX11, SNX18, SNX21, SNX27, SNX30, SNX5, SOD1, SOD2, SORT1, SP1, SP110, SP2, SPAG5, SPAG9, SPATA2L, SPATA6, SPATS2, SPCS1, SPECC1, SPINK2, SPINT1, SPNS2, SPOPL, SPR, SPTB, SPTLC2, SRA1, SRGAP2, SRL, SRPK2, SRPRB, SRRD, SRRM2, SS18L2, SSH1, SSPN, SSR2, SSR4, ST3GAL2, ST6GAL1, STAC3, STAM, STAT1, STAT3, STAT5A, STK11IP, STK40, STMN1, STOM, STOML2, STRAP, STRBP, STT3A, STX11, STX12, STX3, STXBP5, SULF2, SYK, SYT10, TACC3, TAF4, TAF9, TANC2, TAPBP, TBC1D1, TBC1D14, TBC1D2, TBC1D22B, TBC1D8, TBL1X, TBPL1, TCEAL8, TCF20, TCF3, TCIRG1, TCTN3, TDRD9, TECPR2, TEP1, TFB2M, TGFBI, TGM3, TGM4, THADA, THBD, THOC5, THOC7, TIGD3, TIMM17B, TIMM23, TIMP1, TJP2, TKT, TLR1, TLR2, TLR4, TLR5, TLR6, TLR8, TM6SF1, TM7SF2, TM9SF4, TMCC1, TMCC2, TMED3, TMED9, TMEM106B, TMEM106C, TMEM120A, TMEM126B, TMEM127, TMEM140, TMEM14C, TMEM164, TMEM167B, TMEM184B, TMEM19, TMEM208, TMEM214, TMEM223, TMEM234, TMEM33, TMEM42, TMEM50B, TMEM51, TMEM71, TMEM79, TMEM86B, TMEM88, TMEM9, TMEM91, TMEM9B, TMUB2, TMX1, TMX4, TNFAIP2, TNFAIP6, TNFRSF17, TNFRSF1A, TNFRSF1B, TNFRSF8, TNFRSF9, TNFSF13B, TNS3, TOM1, TOMM20, TOMM6, TOMM7, TPCN1, TPCN2, TPD52, TPD52L2, TPP2, TPPP, TPPP3, TPR, TPT1, TRAM1, TRAM2, TRANK1, TRAPPC2L, TREM1, TREML2, TRIM10, TRIM21, TRIM25, TRIM39, TRIM8, TRMT112, TRPM2, TRPM6, TRPT1, TSEN34, TSHZ3, TSPAN14, TSPAN7, TSPO, TSPO2, TST, TTYH3, TUBE1, TXNDC11, TXNDC5, TXNIP, TYROBP, UAP1, UBA5, UBE2D1, UBE2F, UBE2J1, UBE2Q2, UBE2S, UBE2T, UBE4B, UBFD1, UBQLN1, UBR2, UBR4, UBTD1, UBXN11, UBXN2B, UFC1, UFL1, UGGT1, ULK1, UNC119B, UNC93B1, UPK3A, UQCR10, UQCR11, UQCRH, UROD, USP15, USP32, UXT, VAMP3, VASP, VAV1, VDR, VEZF1, VEZT, VIM, VKORC1L1, VMP1, VPS35, VPS36, VPS37C, VPS54, VPS8, VRK3, VTI1A, WAS, WDFY3, WDFY4, WDR73, WEE1, WFIKKN1, WIPF1, WIPF2, WWP2, XBP1, XCL1, XKR8, XPO6, XPO7, XYLT1, YIF1A, YIPF2, ZBED3, ZBED5, ZBTB1, ZBTB3, ZBTB37, ZBTB5, ZC3H10, ZCCHC2, ZDHHC12, ZDHHC18, ZDHHC4, ZFAND1, ZFAND3, ZFHX3, ZFP36, ZFP62, ZFYVE1, ZMYM2, ZMYND15, ZNFX1, ZNHIT3, ZRANB2, ZWINT, ZZEF1",13.6,46.01,0,Inf
Human Day 7,Mouse Day 7,0.018,45,255,2161,300,3149,"ADAM8, ADAR, AHR, ALOX5, ANKRD9, ARAP3, ASGR2, BAIAP2, CAMK1, CFP, DACH1, DENND5A, FAM110A, GNL3L, HTR6, KIF3C, LANCL1, LRRC25, MADCAM1, MAPK6, MBOAT7, MDP1, NCF1, NOC4L, OSGIN1, P2RX1, PADI4, PLCB2, PPP1R3B, PYGL, RAB44, SCAF1, SCGB1A1, SERPING1, SLC27A4, SLC2A3, SRGAP2, TBXAS1, TM7SF2, TNFSF14, TOM1, TRAPPC9, TST, VCAN, ZDHHC12",15,1.43,3.957330026465318e-301,300.40259772969455
Human Day 7,Human Day 3,0.173,506,1700,717,3149,1871,"ABCC5, ABHD5, ABTB1, ACAP2, ACOX1, ACP5, ADA, AFTPH, AGPAT4, AHR, ALAS2, ALDH5A1, ALPK3, ANK1, ANKRD9, ANP32B, ANTXR2, AOC3, AQP9, ARAP3, ARHGAP24, ARHGAP9, ARHGDIB, ARHGEF10L, ARHGEF40, ARL11, ASF1B, ASPH, ATG2A, ATP2B1, ATP6V0B, ATP6V1A, B3GNTL1, B4GALT3, B9D2, BAIAP2, BANK1, BANP, BASP1, BCL3, BCL6, BECN1, BHLHE41, BIRC5, BLK, BPGM, BTG2, BTLA, C1GALT1C1, CAMK1D, CAPN5, CARD9, CARM1, CASP3, CCDC125, CCDC153, CCDC59, CCNC, CCNE1, CCNY, CD300E, CD46, CD68, CDC34, CDCA2, CDCA5, CDCA7L, CDH11, CDH2, CDK19, CDKL1, CEBPB, CENPF, CEP55, CEP63, CHAC2, CHPT1, CHRNA10, CHSY1, CIR1, CISD2, CKS2, CLDND1, CLEC4D, CNTNAP3, COBLL1, COL4A4, COX6A1, COX7A2, COX7B, CPD, CPNE2, CPPED1, CSF1R, CSF3R, CTBP2, CTBS, CTNNAL1, CTSE, CUL4A, CWC25, CXCL1, CXCR1, CXCR2, CYP27A1, DAAM2, DBI, DCAF12, DCUN1D5, DDX3X, DEF8, DENND5A, DENND5B, DGAT2, DHRS13, DHX34, DICER1, DISC1, DNAJA4, DNAJB5, DNAJB9, DNASE1L1, DOCK5, DPEP2, DPM2, DPY30, E2F5, E2F7, EFNB1, EGR1, EIF2AK1, ELF2, ELL2, EPB41L3, EPHB1, EPHB4, ERF, ERGIC1, EXTL3, FAM110A, FAM117A, FAM3D, FAM53C, FAU, FBP1, FBXL13, FBXO7, FECH, FICD, FKBP14, FKBP3, FNIP2, FOSL2, FPR2, FRAT2, FZD1, GCA, GCLC, GGT5, GINS2, GK, GLG1, GLIPR2, GLRX5, GLT1D1, GMPR, GNAI2, GNG7, GNS, GPCPD1, GPR146, GSPT1, GZMK, HAL, HECW2, HERPUD1, HINT1, HIPK3, HLX, HMGCR, HMOX1, HSD17B11, HSDL2, HSPA14, HSPBAP1, IAH1, IDH2, IDS, IER3, IFI27, IFNGR2, IFRD1, IL13RA1, IL1R1, IL1R2, IL1RAP, IMPA2, INHBB, IPMK, IRAK3, IRS2, ITGA5, ITGAL, JMJD1C, JPH4, KANK2, KAT8, KCTD20, KDM4B, KIF2C, KIT, KLF6, KLHL21, KRT23, LAMP2, LASP1, LETM2, LGALS3, LGALS9, LIN7A, LITAF, LOXL3, LRRC36, LRRC8A, LRRFIP1, LSM7, LSP1, MADCAM1, MADD, MAFB, MAK, MAML3, MANF, MAP3K2, MAST3, MBOAT7, MCTP2, MDP1, MEGF6, METRNL, MGAM, MICU1, MKNK2, MKRN1, MOSPD1, MPP1, MPZL1, MPZL3, MRPL13, MRPL15, MRPL20, MRPL40, MRPL46, MRPS28, MRPS33, MS4A1, MSL1, MTX1, MYADM, MYL6, MYO1F, NACC2, NAMPT, NCF4, NDE1, NDEL1, NDUFA2, NDUFA4, NDUFAF3, NDUFB2, NECAB2, NFE2L1, NIN, NLRP6, NR3C1, NR4A1, NRBF2, NSFL1C, NT5C2, NUAK2, NUDT3, NUMB, OLAH, OSCP1, OSGIN1, OSTC, OSTF1, OTX1, P2RX5, PANX2, PBXIP1, PCBD1, PCNP, PELI2, PHC2, PHF20, PHF20L1, PHIP, PJA2, PKN2, PLAGL2, PLEK2, PLEKHG3, PLIN5, PLXNB2, POLR2K, PPFIA1, PPM1F, PPP1R12B, PPP2R5A, PREX1, PRKAR1A, PRKDC, PROC, PSMA6, PSMB1, PTBP3, PTGS2, QPCT, RAB11FIP1, RAB20, RAB27A, RAB35, RAB36, RAB3D, RABAC1, RAD23A, RAF1, RALB, RALGDS, RANBP10, RAPGEF2, RARA, RARS2, RASSF2, RBM22, RBM38, RBM47, RBP7, RC3H1, RCN2, RCN3, RCSD1, RELL1, REPS2, RFX2, RGL2, RGS2, RHOA, RILPL1, RIN1, RIOK3, RNF10, RNF149, RNF187, ROMO1, ROPN1L, RPGR, RPGRIP1, RPL17, RPL21, RPL22L1, RPL23, RPL27, RPL30, RPL31, RPL35, RPL39, RPLP0, RPS15A, RPS27L, RPS3, RPS6KA5, RSL24D1, S100A6, S1PR4, SAP25, SCAP, SCARF1, SEC61A2, SEC61B, SGK1, SIAH2, SIDT2, SIPA1L2, SIVA1, SKI, SLC11A1, SLC12A6, SLC1A5, SLC22A1, SLC22A15, SLC25A37, SLC27A4, SLC27A5, SLC31A2, SLC38A5, SLC45A4, SLC4A1, SLC6A12, SLC6A6, SLC6A8, SLC6A9, SMC6, SNCA, SNRPD2, SOD2, SORL1, SORT1, SPCS3, SPINK2, SPOPL, SPTB, SRGAP2, SRL, SS18L2, SSR4, ST6GALNAC4, STAB1, STAC3, STARD10, STMN1, STOM, STRADB, STRBP, STX6, SUB1, SULF2, TBC1D14, TBC1D2, TBC1D22B, TBL1X, TESC, TFB2M, THBD, THOC7, TIGD3, TIMM8B, TJP2, TK1, TLE3, TLR4, TLR6, TMCC1, TMCO1, TMEM184B, TMEM208, TMEM238, TMEM50B, TMEM71, TMEM88, TMOD4, TMX4, TNFRSF12A, TNFRSF8, TNS1, TOMM20, TOMM6, TOMM7, TPD52, TPPP, TPST1, TPX2, TREM1, TREML2, TRIAP1, TRIM10, TRIM8, TRMT112, TRPM6, TSEN34, TSHZ3, TSPAN14, TSPAN5, TSPO2, TST, TTYH3, TUBG1, TXNDC9, TYMS, TYROBP, UBE2D1, UBL5, UBN1, UBR2, UFM1, ULK1, UNC119B, UQCR11, UQCRQ, USP10, USP15, USP32, VMP1, VTI1B, WDFY3, WDFY4, WLS, WNK2, XK, XKR8, XPO7, YIPF2, YOD1, ZCCHC2, ZNHIT3",16.07,27.04,0,Inf
Human Day 3,Mouse Day 1,0.074,247,2107,976,2354,1871,"ABI3, ACAP2, ACTR3, ADAM19, ADAMTSL5, AGPAT4, AHR, AIFM1, AIM2, ANXA4, AOC3, ARFRP1, ARHGEF10L, ARMC2, ASCC2, ASPH, ATF2, ATF3, B2M, BAIAP2, BANP, BASP1, BAZ1A, BLK, BLOC1S2, BRD4, BTG1, BTG2, BTLA, C1GALT1C1, C1QB, CAPN5, CAPZA2, CCDC125, CCDC153, CD200, CDC34, CDC37L1, CEP63, CHI3L1, CHMP1B, CHN2, CKS2, CLCF1, CMTM5, CPD, CREB3L1, CTSA, CUL4B, CX3CR1, CXCR1, CXCR2, CYFIP1, DAAM2, DBI, DCAF12, DCAF6, DDB2, DGAT2, DHRS9, DNAJB9, DRAP1, EIF1B, EIF4A2, ELF2, ELMOD3, ENDOD1, ERGIC2, ETV3, EVI2A, FAIM, FAM13B, FAM174A, FAM3D, FANCA, FBXO34, FCHO2, FCRLA, FKBP3, FLT1, FOSL2, FPR2, GBE1, GBP5, GLIPR1, GLT1D1, GPR137B, GSS, GTF2B, GZMK, HAT1, HERPUD1, HINT1, HIPK3, HLX, HS3ST1, HSPA14, IAH1, IDH2, IFI44, IL1R2, IMPA2, IRS2, ISOC1, KCNC3, KLHL21, KRCC1, LAMTOR3, LGALS3, LRRC8A, LYPD6B, MADCAM1, MAK, MAST3, MCOLN1, MDH2, MDK, MDP1, MED21, METRNL, MFN1, MIA, MOGS, MOV10, MRPL15, MRPL40, MRPL50, MSL1, MTFMT, MTMR6, MYLK, NDE1, NDUFB3, NECAB2, NGDN, NIP7, NLRC3, NR4A1, NRBF2, NT5M, NUDT3, OAT, OSGIN1, OSGIN2, OTX1, P2RX4, PCGF5, PCNP, PELI1, PHAX, PHC2, PIP4K2A, PLSCR3, POLR2F, PPFIA1, PPP2R3C, PPP2R5A, PSMC6, PSME4, PTGS2, PTOV1, PTPRO, RAB2A, RAD21, RAF1, RB1CC1, RBM3, RBM39, RBM5, RCN2, RCN3, REEP5, RER1, RGL2, RNASE6, RNF145, RPL13A, RPL23, RPL27, RPS27L, RPS6KA5, RRAS, RSL24D1, S100A8, SAMD9L, SCARB2, SCGB3A1, SEC61B, SGK1, SHARPIN, SIAH2, SIPA1L2, SLC22A1, SLC27A4, SLC31A2, SLC6A12, SLITRK4, SNORD34, SNX10, SNX25, SNX6, SORT1, SPATS2L, SRSF5, SRSF6, SRSF9, SS18L2, ST8SIA4, STAG2, STARD3, STOM, STX6, SYPL1, TANK, TCF4, TEAD1, TFB2M, TGIF1, THBD, THOC7, TIMELESS, TIPRL, TLE1, TMC5, TMED2, TMEM107, TMEM59, TNS1, TOMM20, TOMM6, TOMM7, TOPORS, TRIM31, TRIM8, TRMT112, TRPM4, TSEN34, TSPAN14, TSPAN5, TTC7B, UBE2A, UBE2H, UBE2J2, UNC119B, VTI1B, WLS, YIPF2",10.49,13.2,0,Inf
Human Day 3,Mouse Day 3,0.038,87,1062,1136,1149,1871,"ACP5, ADAM19, ADAMTSL5, ARFRP1, ARMC2, ATP6V0C, ATP6V1A, B9D2, BASP1, BTLA, C1QB, CCDC153, CCDC28A, CCDC59, CDC34, CEP63, CMTM5, CTNND1, DDIT3, DENND5A, DERL2, EPB41, FAM174A, FCRL1, FGGY, FKBP3, FRAT2, GBE1, GBP5, HS3ST1, IDH2, ITGAL, ITGB3BP, ITGB5, KIN, KLHL21, KRCC1, LGALS3, LGALSL, LYPD6B, MADCAM1, MDP1, MED11, MIA, MRPL13, MRPL47, MSL1, MTFMT, NECAB2, NLRC3, NOA1, OSM, PCGF5, PHC2, PM20D2, POLR2F, PSMB3, PSME4, PTP4A3, RANBP1, RBM22, RBM3, RPL13A, RPL30, RPS27L, RPS3, SKI, SLC19A2, SLC27A4, SLC31A2, SLITRK4, SNORD34, SORBS3, SORT1, SPATS2L, SRGAP2, TEAD1, TG, THOC7, TMEM107, TMEM59, TNS1, TST, TUBA8, VTI1B, XPO7, ZNHIT3",7.57,4.65,0,Inf
Human Day 3,Human Day 1,0.114,754,5412,469,10654,1871,"ABCB4, ABCC5, ABCF1, ABHD3, ABTB1, ACAP2, ACOX1, ACSL4, ACTR3, ADA, ADAM19, ADAM28, ADAMTS5, ADAP2, AGPAT4, AGTPBP1, AHCTF1, AIM2, ALAS1, ALPK3, AMBRA1, ANAPC13, ANGPT1, ANK1, ANKRD49, ANP32B, ANXA1, ANXA4, AOC3, AQP9, ARAP3, ARG1, ARHGDIB, ARHGEF10L, ARHGEF40, ARID4B, ARID5A, ARL11, ARL3, ARPC2, ASCC2, ASF1B, ASNSD1, ASPH, ATF3, ATG2A, ATL2, ATP2B1, ATP6V1A, AUH, AURKAIP1, B2M, B3GAT2, B3GNT7, B3GNTL1, B4GALT3, B9D2, BAIAP2, BAIAP3, BAZ1A, BCAP31, BCL3, BCL6, BCL7C, BECN1, BEND6, BHLHE41, BLK, BPGM, BRD4, BRD8, BRIX1, BTBD10, BTG1, BTLA, C1GALT1C1, C1QA, C1QB, C2, C3AR1, CACNB4, CAPN5, CAPZA2, CASP3, CBX7, CCDC153, CCDC59, CCNC, CD200, CD274, CD300E, CD46, CD68, CD70, CDC37L1, CDCA7L, CDH11, CDH2, CDK19, CDK7, CDKL1, CEBPB, CENPF, CENPQ, CEP63, CERS3, CFH, CGRRF1, CHIC2, CHMP4B, CHN2, CHRNA10, CIR1, CITED2, CKLF, CLCF1, CLDND1, CLEC4D, CLEC9A, CLIC1, CMA1, CMPK2, CNBP, CNTNAP3, COBLL1, COL4A4, COPS5, COQ10B, CPD, CPEB4, CPNE2, CPPED1, CREB3L1, CRHR2, CSF1R, CSF3R, CSNK1E, CTBP2, CTBS, CTNND1, CTSA, CTSE, CTSG, CUL4A, CWC25, CYB561, CYB5R4, CYBRD1, CYFIP1, CYP27A1, CYTIP, DACT2, DCAF10, DCAF6, DCUN1D5, DDB2, DDIT3, DDX60, DEF8, DENND5A, DERL2, DES, DHRS13, DHRS7, DHRS9, DHX58, DICER1, DISC1, DNAJB5, DNAJB9, DNAJC10, DNASE1L3, DNTTIP2, DPEP2, DPH3, DPY30, DRAP1, DYNC1LI1, E2F3, EBF1, EEF1D, EFHC2, EFNB1, EGF, EGR1, EIF1B, EIF4A2, ELAC2, ENTPD2, EPB41, EPB41L3, EPHB1, EPHB4, EPN1, EPS8L2, ERGIC1, ERGIC2, ESPN, EXOC8, EXTL3, FADS3, FAIM, FAM110A, FAM20A, FAM20C, FAM3D, FAM53C, FANCA, FAR1, FASN, FAU, FBXL13, FBXL19, FBXO30, FBXO6, FCER1G, FCRL1, FCRLA, FGD6, FGGY, FKBP14, FKBP3, FNIP2, FOXB1, FPR2, FRMD3, FZD1, GBE1, GBP4, GBP5, GCA, GGT5, GK, GKAP1, GLG1, GLIPR1, GLIPR2, GLT1D1, GMPR, GNG10, GNS, GOLGA7, GOT2, GPCPD1, GPR20, GRINA, GSS, GTF2B, GZMK, HBP1, HCFC1R1, HCRT, HEBP1, HEBP2, HECA, HEY1, HINT1, HIPK3, HIVEP3, HK1, HLX, HMGB1, HMGB2, HMGCR, HNRNPH2, HRK, HS3ST1, HSBP1, HSD17B11, HSPA14, HSPBAP1, HYAL2, IAH1, ICAM4, IDH2, IDS, IFI27, IFI44, IFNGR2, IGF2BP2, IKBIP, IL13RA1, IL1R1, IL1R2, IL1RAP, IMPA2, INTS9, IPMK, IRAK3, IRS2, ISG15, ITGA5, ITGB3BP, ITGB4, ITIH1, IVD, JMJD1C, JPH4, KANK2, KAT8, KCNC3, KCTD20, KDM4B, KIF13B, KIN, KISS1R, KIT, KLF11, KLF6, KRT23, LAMP2, LAMTOR3, LARP1, LASP1, LBR, LGALS9, LGALSL, LIMK1, LIN7A, LIN9, LITAF, LOXL3, LPCAT2, LRRC20, LRRC36, LRRC8A, LRWD1, LSM10, LSM7, LY6E, LY96, MADD, MAFB, MAFF, MAK, MAML3, MAP1S, MAP3K2, MAPK8IP3, MARK3, MAT2B, MBOAT7, MCM6, MCOLN1, MDH2, MDK, MEF2A, MEGF6, MGAT4A, MICU1, MKNK2, MKRN1, MLC1, MLH3, MMADHC, MOV10, MPP1, MPZL1, MPZL3, MRPL46, MRPL50, MRPS33, MS4A1, MS4A7, MSL1, MTHFD1, MTMR6, MTSS1, MTX1, MYADM, MYL6, MYO1E, MYO1F, MYO1G, MYO7B, MYOF, NAA50, NACC2, NAGA, NAMPT, NASP, NCF4, NCKAP1L, NDE1, NDUFA2, NDUFA4, NDUFB2, NDUFB3, NDUFB6, NECAB2, NFKBIE, NGDN, NICN1, NKAP, NKX2-2, NLN, NMU, NOA1, NR3C1, NRBF2, NRGN, NRL, NT5C2, NUDT2, NUDT5, NUMB, OAS3, OGFR, OLAH, OSCP1, OSGIN1, OSGIN2, OSM, OSTC, OTUD1, OTX1, P2RX4, P2RX5, P2RX7, PAIP2, PAM16, PANX2, PARD6A, PARP12, PARP8, PBXIP1, PCBD1, PCBP2, PCGF5, PCK2, PCMT1, PCNP, PDGFC, PELI1, PELI2, PHAX, PHC2, PHF20, PIK3CA, PJA2, PLA2G15, PLAGL2, PLEK2, PLEKHG3, PLSCR3, PLXNB2, PM20D2, PML, PNPLA8, POU4F1, PPARGC1B, PPFIA1, PPM1F, PPP1R12B, PPP1R15A, PPP2R5B, PPP3CA, PRELID1, PRKAR1A, PRKDC, PROC, PSD, PSMA4, PSMA6, PSMB3, PTBP3, PTGS2, PTOV1, PTPN18, PTPRO, PTS, QPRT, RAB11FIP1, RAB20, RAB21, RAB2A, RAB35, RAB36, RAB39B, RAB3D, RABAC1, RALB, RALGPS2, RANBP1, RARA, RARS2, RASSF2, RBM3, RBM47, RBM5, RBP7, RCN2, REEP5, RELL1, REPS1, REPS2, RER1, REV3L, RFTN1, RGS12, RGS18, RGS2, RICTOR, RILP, RNASE4, RNASE6, RNF13, RNF145, RNF149, RNH1, RNPC3, ROMO1, ROPN1L, RPGRIP1, RPL13A, RPL17, RPL21, RPL22L1, RPL23, RPL27, RPL30, RPL31, RPL32, RPL35, RPL36A, RPL39, RPLP0, RPRD1A, RPS14, RPS15A, RPS16, RPS27L, RPS3, RPS5, RPS9, RPTOR, RRAS, RSAD2, RSL24D1, RTP4, S100A8, S1PR2, S1PR4, SACM1L, SAMD9L, SAP25, SARNP, SASH1, SCAP, SCARB2, SCARF1, SDF2, SDSL, SEC61A2, SELP, SENP2, SEPHS2, SETDB1, SFT2D1, SGK1, SH3RF1, SIAH2, SIPA1L2, SIVA1, SKAP2, SKI, SKIL, SLC12A6, SLC19A2, SLC1A5, SLC20A1, SLC22A1, SLC22A15, SLC25A37, SLC27A3, SLC27A4, SLC27A5, SLC29A1, SLC31A2, SLC37A3, SLC39A2, SLC45A4, SLC6A12, SLC6A9, SLC9A9, SLITRK4, SLU7, SMAD1, SMPDL3B, SNCA, SNORA26, SNORA70, SNORD34, SNORD80, SNRNP27, SNRPD2, SNX10, SNX13, SNX24, SNX25, SNX6, SOCS5, SOD2, SORT1, SPATS2L, SPHK2, SPIB, SPINK2, SPOPL, SPP1, SPTB, SRGAP2, SRL, SRP14, SRSF3, SRSF5, SRSF6, SS18L2, SSR4, ST8SIA4, STAC3, STMN1, STOM, STOML1, STRBP, STX7, SULF2, SUSD1, SYF2, TADA3, TANK, TBC1D13, TBC1D14, TBC1D15, TBC1D2, TBC1D22B, TBC1D2B, TBCC, TBK1, TBL1X, TCEAL1, TCF4, TCN2, TEAD1, TFB2M, TFDP1, TG, TGIF1, THAP3, THBD, THOC7, TIAM1, TICAM1, TIGD3, TIPRL, TJP2, TLE1, TLR4, TLR6, TMC5, TMCC1, TMCO3, TMED2, TMEM107, TMEM145, TMEM158, TMEM182, TMEM184B, TMEM208, TMEM216, TMEM229B, TMEM45B, TMEM50B, TMEM59, TMEM63B, TMEM71, TMEM88, TMX4, TNFRSF13C, TNFRSF8, TOMM20, TOMM6, TOMM7, TOPORS, TPD52, TPPP, TPST2, TREM1, TREML2, TRIB1, TRIM10, TRIM27, TRIM31, TRIM8, TRMT112, TRPM6, TSEN34, TSHZ3, TSPAN13, TSPAN14, TSPAN4, TSPO2, TST, TSTD1, TTC7B, TTL, TTYH3, TUBA4A, TWF1, TYROBP, UBA3, UBE2A, UBE2B, UBE2D1, UBE2V1, UBE2W, UBR2, UCHL5, UGDH, ULK1, UNC119B, UNKL, UPF2, UQCR11, USP15, USP32, UTP6, UTRN, VCL, VMP1, VPREB3, VPS37A, VPS37B, WDFY3, WDFY4, WDR45, WDR53, XAF1, XKR8, XPO7, YIPF2, ZBP1, ZC3H12A, ZCCHC18, ZCCHC2, ZCCHC7, ZDHHC5, ZEB1, ZFAND2A, ZFYVE26, ZMYND10, ZNHIT1, ZNHIT3, ZSCAN18",7.08,40.3,0,Inf
Human Day 3,Mouse Day 7,0.014,21,279,1202,300,1871,"ABI3, AHR, ALAS1, ANKRD9, ARAP3, BAIAP2, DENND5A, FAM110A, GLIPR1, MADCAM1, MBOAT7, MDP1, OSGIN1, PLSCR3, SLC27A4, SMAD1, SRGAP2, TAGLN, TEAD1, TST, WDR45",7,1.12,2.9195870589899937e-280,279.5346785700187
Human Day 3,Human Day 7,0.173,506,1700,717,3149,1871,"ABCC5, ABHD5, ABTB1, ACAP2, ACOX1, ACP5, ADA, AFTPH, AGPAT4, AHR, ALAS2, ALDH5A1, ALPK3, ANK1, ANKRD9, ANP32B, ANTXR2, AOC3, AQP9, ARAP3, ARHGAP24, ARHGAP9, ARHGDIB, ARHGEF10L, ARHGEF40, ARL11, ASF1B, ASPH, ATG2A, ATP2B1, ATP6V0B, ATP6V1A, B3GNTL1, B4GALT3, B9D2, BAIAP2, BANK1, BANP, BASP1, BCL3, BCL6, BECN1, BHLHE41, BIRC5, BLK, BPGM, BTG2, BTLA, C1GALT1C1, CAMK1D, CAPN5, CARD9, CARM1, CASP3, CCDC125, CCDC153, CCDC59, CCNC, CCNE1, CCNY, CD300E, CD46, CD68, CDC34, CDCA2, CDCA5, CDCA7L, CDH11, CDH2, CDK19, CDKL1, CEBPB, CENPF, CEP55, CEP63, CHAC2, CHPT1, CHRNA10, CHSY1, CIR1, CISD2, CKS2, CLDND1, CLEC4D, CNTNAP3, COBLL1, COL4A4, COX6A1, COX7A2, COX7B, CPD, CPNE2, CPPED1, CSF1R, CSF3R, CTBP2, CTBS, CTNNAL1, CTSE, CUL4A, CWC25, CXCL1, CXCR1, CXCR2, CYP27A1, DAAM2, DBI, DCAF12, DCUN1D5, DDX3X, DEF8, DENND5A, DENND5B, DGAT2, DHRS13, DHX34, DICER1, DISC1, DNAJA4, DNAJB5, DNAJB9, DNASE1L1, DOCK5, DPEP2, DPM2, DPY30, E2F5, E2F7, EFNB1, EGR1, EIF2AK1, ELF2, ELL2, EPB41L3, EPHB1, EPHB4, ERF, ERGIC1, EXTL3, FAM110A, FAM117A, FAM3D, FAM53C, FAU, FBP1, FBXL13, FBXO7, FECH, FICD, FKBP14, FKBP3, FNIP2, FOSL2, FPR2, FRAT2, FZD1, GCA, GCLC, GGT5, GINS2, GK, GLG1, GLIPR2, GLRX5, GLT1D1, GMPR, GNAI2, GNG7, GNS, GPCPD1, GPR146, GSPT1, GZMK, HAL, HECW2, HERPUD1, HINT1, HIPK3, HLX, HMGCR, HMOX1, HSD17B11, HSDL2, HSPA14, HSPBAP1, IAH1, IDH2, IDS, IER3, IFI27, IFNGR2, IFRD1, IL13RA1, IL1R1, IL1R2, IL1RAP, IMPA2, INHBB, IPMK, IRAK3, IRS2, ITGA5, ITGAL, JMJD1C, JPH4, KANK2, KAT8, KCTD20, KDM4B, KIF2C, KIT, KLF6, KLHL21, KRT23, LAMP2, LASP1, LETM2, LGALS3, LGALS9, LIN7A, LITAF, LOXL3, LRRC36, LRRC8A, LRRFIP1, LSM7, LSP1, MADCAM1, MADD, MAFB, MAK, MAML3, MANF, MAP3K2, MAST3, MBOAT7, MCTP2, MDP1, MEGF6, METRNL, MGAM, MICU1, MKNK2, MKRN1, MOSPD1, MPP1, MPZL1, MPZL3, MRPL13, MRPL15, MRPL20, MRPL40, MRPL46, MRPS28, MRPS33, MS4A1, MSL1, MTX1, MYADM, MYL6, MYO1F, NACC2, NAMPT, NCF4, NDE1, NDEL1, NDUFA2, NDUFA4, NDUFAF3, NDUFB2, NECAB2, NFE2L1, NIN, NLRP6, NR3C1, NR4A1, NRBF2, NSFL1C, NT5C2, NUAK2, NUDT3, NUMB, OLAH, OSCP1, OSGIN1, OSTC, OSTF1, OTX1, P2RX5, PANX2, PBXIP1, PCBD1, PCNP, PELI2, PHC2, PHF20, PHF20L1, PHIP, PJA2, PKN2, PLAGL2, PLEK2, PLEKHG3, PLIN5, PLXNB2, POLR2K, PPFIA1, PPM1F, PPP1R12B, PPP2R5A, PREX1, PRKAR1A, PRKDC, PROC, PSMA6, PSMB1, PTBP3, PTGS2, QPCT, RAB11FIP1, RAB20, RAB27A, RAB35, RAB36, RAB3D, RABAC1, RAD23A, RAF1, RALB, RALGDS, RANBP10, RAPGEF2, RARA, RARS2, RASSF2, RBM22, RBM38, RBM47, RBP7, RC3H1, RCN2, RCN3, RCSD1, RELL1, REPS2, RFX2, RGL2, RGS2, RHOA, RILPL1, RIN1, RIOK3, RNF10, RNF149, RNF187, ROMO1, ROPN1L, RPGR, RPGRIP1, RPL17, RPL21, RPL22L1, RPL23, RPL27, RPL30, RPL31, RPL35, RPL39, RPLP0, RPS15A, RPS27L, RPS3, RPS6KA5, RSL24D1, S100A6, S1PR4, SAP25, SCAP, SCARF1, SEC61A2, SEC61B, SGK1, SIAH2, SIDT2, SIPA1L2, SIVA1, SKI, SLC11A1, SLC12A6, SLC1A5, SLC22A1, SLC22A15, SLC25A37, SLC27A4, SLC27A5, SLC31A2, SLC38A5, SLC45A4, SLC4A1, SLC6A12, SLC6A6, SLC6A8, SLC6A9, SMC6, SNCA, SNRPD2, SOD2, SORL1, SORT1, SPCS3, SPINK2, SPOPL, SPTB, SRGAP2, SRL, SS18L2, SSR4, ST6GALNAC4, STAB1, STAC3, STARD10, STMN1, STOM, STRADB, STRBP, STX6, SUB1, SULF2, TBC1D14, TBC1D2, TBC1D22B, TBL1X, TESC, TFB2M, THBD, THOC7, TIGD3, TIMM8B, TJP2, TK1, TLE3, TLR4, TLR6, TMCC1, TMCO1, TMEM184B, TMEM208, TMEM238, TMEM50B, TMEM71, TMEM88, TMOD4, TMX4, TNFRSF12A, TNFRSF8, TNS1, TOMM20, TOMM6, TOMM7, TPD52, TPPP, TPST1, TPX2, TREM1, TREML2, TRIAP1, TRIM10, TRIM8, TRMT112, TRPM6, TSEN34, TSHZ3, TSPAN14, TSPAN5, TSPO2, TST, TTYH3, TUBG1, TXNDC9, TYMS, TYROBP, UBE2D1, UBL5, UBN1, UBR2, UFM1, ULK1, UNC119B, UQCR11, UQCRQ, USP10, USP15, USP32, VMP1, VTI1B, WDFY3, WDFY4, WLS, WNK2, XK, XKR8, XPO7, YIPF2, YOD1, ZCCHC2, ZNHIT3",16.07,27.04,0,Inf
