geo_sample,subject_id,sex,treatment,tissue,timepoint,animal_replicate,strain,condition
GSM3407136,ENG_BL_0h_1,Female,Engerix B,PBMC,0,1,CB6F1,Engerix B_0_PBMC
GSM3407137,ENG_BL_0h_2,Female,Engerix B,PBMC,0,2,CB6F1,Engerix B_0_PBMC
GSM3407138,ENG_BL_0h_3,Female,Engerix B,PBMC,0,3,CB6F1,Engerix B_0_PBMC
GSM3407139,ENG_BL_0h_4,Female,Engerix B,PBMC,0,4,CB6F1,Engerix B_0_PBMC
GSM3407140,ENG_BL_0h_5,Female,Engerix B,PBMC,0,5,CB6F1,Engerix B_0_PBMC
GSM3407141,IFA_BL_0h_1,Female,IFA,PBMC,0,1,CB6F1,IFA_0_PBMC
GSM3407142,IFA_BL_0h_2,Female,IFA,PBMC,0,2,CB6F1,IFA_0_PBMC
GSM3407143,IFA_BL_0h_3,Female,IFA,PBMC,0,3,CB6F1,IFA_0_PBMC
GSM3407144,IFA_BL_0h_4,Female,IFA,PBMC,0,4,CB6F1,IFA_0_PBMC
GSM3407145,IFA_BL_0h_5,Female,IFA,PBMC,0,5,CB6F1,IFA_0_PBMC
GSM3407146,LPS_BL_0h_1,Female,LPS,PBMC,0,1,CB6F1,LPS_0_PBMC
GSM3407147,LPS_BL_0h_2,Female,LPS,PBMC,0,2,CB6F1,LPS_0_PBMC
GSM3407148,LPS_BL_0h_3,Female,LPS,PBMC,0,3,CB6F1,LPS_0_PBMC
GSM3407149,LPS_BL_0h_4,Female,LPS,PBMC,0,4,CB6F1,LPS_0_PBMC
GSM3407150,LPS_BL_0h_5,Female,LPS,PBMC,0,5,CB6F1,LPS_0_PBMC
GSM3407151,PERT_BL_0h_1,Female,Pentavac SD,PBMC,0,1,CB6F1,Pentavac SD_0_PBMC
GSM3407152,PERT_BL_0h_2,Female,Pentavac SD,PBMC,0,2,CB6F1,Pentavac SD_0_PBMC
GSM3407153,PERT_BL_0h_3,Female,Pentavac SD,PBMC,0,3,CB6F1,Pentavac SD_0_PBMC
GSM3407154,PERT_BL_0h_4,Female,Pentavac SD,PBMC,0,4,CB6F1,Pentavac SD_0_PBMC
GSM3407155,PERT_BL_0h_5,Female,Pentavac SD,PBMC,0,5,CB6F1,Pentavac SD_0_PBMC
GSM3407156,PolyIC_BL_0h_1,Female,PolyIC,PBMC,0,1,CB6F1,PolyIC_0_PBMC
GSM3407157,PolyIC_BL_0h_2,Female,PolyIC,PBMC,0,2,CB6F1,PolyIC_0_PBMC
GSM3407158,PolyIC_BL_0h_3,Female,PolyIC,PBMC,0,3,CB6F1,PolyIC_0_PBMC
GSM3407159,PolyIC_BL_0h_4,Female,PolyIC,PBMC,0,4,CB6F1,PolyIC_0_PBMC
GSM3407160,PolyIC_BL_0h_5,Female,PolyIC,PBMC,0,5,CB6F1,PolyIC_0_PBMC
GSM3407161,SAL_BL_0h_1,Female,saline,PBMC,0,1,CB6F1,saline_0_PBMC
GSM3407162,SAL_BL_0h_2,Female,saline,PBMC,0,2,CB6F1,saline_0_PBMC
GSM3407163,SAL_BL_0h_3,Female,saline,PBMC,0,3,CB6F1,saline_0_PBMC
GSM3407164,SAL_BL_0h_4,Female,saline,PBMC,0,4,CB6F1,saline_0_PBMC
GSM3407165,SAL_BL_0h_5,Female,saline,PBMC,0,5,CB6F1,saline_0_PBMC
GSM3407166,TriFLU_BL_0h_1,Female,Agrippal,PBMC,0,1,CB6F1,Agrippal_0_PBMC
GSM3407167,TriFLU_BL_0h_2,Female,Agrippal,PBMC,0,2,CB6F1,Agrippal_0_PBMC
GSM3407168,TriFLU_BL_0h_3,Female,Agrippal,PBMC,0,3,CB6F1,Agrippal_0_PBMC
GSM3407169,TriFLU_BL_0h_4,Female,Agrippal,PBMC,0,4,CB6F1,Agrippal_0_PBMC
GSM3407170,TriFLU_BL_0h_5,Female,Agrippal,PBMC,0,5,CB6F1,Agrippal_0_PBMC
GSM3407171,TriFLU-MF59_BL_0h_1,Female,Fluad,PBMC,0,1,CB6F1,Fluad_0_PBMC
GSM3407172,TriFLU-MF59_BL_0h_2,Female,Fluad,PBMC,0,2,CB6F1,Fluad_0_PBMC
GSM3407173,TriFLU-MF59_BL_0h_3,Female,Fluad,PBMC,0,3,CB6F1,Fluad_0_PBMC
GSM3407174,TriFLU-MF59_BL_0h_4,Female,Fluad,PBMC,0,4,CB6F1,Fluad_0_PBMC
GSM3407175,TriFLU-MF59_BL_0h_5,Female,Fluad,PBMC,0,5,CB6F1,Fluad_0_PBMC
GSM3407176,ENG_MLN_0h_1,Female,Engerix B,draining medial iliac lymph nodes (MLN),0,1,CB6F1,Engerix B_0_draining medial iliac lymph nodes (MLN)
GSM3407177,ENG_MLN_0h_2,Female,Engerix B,draining medial iliac lymph nodes (MLN),0,2,CB6F1,Engerix B_0_draining medial iliac lymph nodes (MLN)
GSM3407178,ENG_MLN_0h_3,Female,Engerix B,draining medial iliac lymph nodes (MLN),0,3,CB6F1,Engerix B_0_draining medial iliac lymph nodes (MLN)
GSM3407179,ENG_MLN_0h_4,Female,Engerix B,draining medial iliac lymph nodes (MLN),0,4,CB6F1,Engerix B_0_draining medial iliac lymph nodes (MLN)
GSM3407180,ENG_MLN_0h_5,Female,Engerix B,draining medial iliac lymph nodes (MLN),0,5,CB6F1,Engerix B_0_draining medial iliac lymph nodes (MLN)
GSM3407181,IFA_MLN_0h_1,Female,IFA,draining medial iliac lymph nodes (MLN),0,1,CB6F1,IFA_0_draining medial iliac lymph nodes (MLN)
GSM3407182,IFA_MLN_0h_2,Female,IFA,draining medial iliac lymph nodes (MLN),0,2,CB6F1,IFA_0_draining medial iliac lymph nodes (MLN)
GSM3407183,IFA_MLN_0h_3,Female,IFA,draining medial iliac lymph nodes (MLN),0,3,CB6F1,IFA_0_draining medial iliac lymph nodes (MLN)
GSM3407184,IFA_MLN_0h_4,Female,IFA,draining medial iliac lymph nodes (MLN),0,4,CB6F1,IFA_0_draining medial iliac lymph nodes (MLN)
GSM3407185,IFA_MLN_0h_5,Female,IFA,draining medial iliac lymph nodes (MLN),0,5,CB6F1,IFA_0_draining medial iliac lymph nodes (MLN)
GSM3407186,LPS_MLN_0h_1,Female,LPS,draining medial iliac lymph nodes (MLN),0,1,CB6F1,LPS_0_draining medial iliac lymph nodes (MLN)
GSM3407187,LPS_MLN_0h_2,Female,LPS,draining medial iliac lymph nodes (MLN),0,2,CB6F1,LPS_0_draining medial iliac lymph nodes (MLN)
GSM3407188,LPS_MLN_0h_3,Female,LPS,draining medial iliac lymph nodes (MLN),0,3,CB6F1,LPS_0_draining medial iliac lymph nodes (MLN)
GSM3407189,LPS_MLN_0h_4,Female,LPS,draining medial iliac lymph nodes (MLN),0,4,CB6F1,LPS_0_draining medial iliac lymph nodes (MLN)
GSM3407190,LPS_MLN_0h_5,Female,LPS,draining medial iliac lymph nodes (MLN),0,5,CB6F1,LPS_0_draining medial iliac lymph nodes (MLN)
GSM3407191,PERT_MLN_0h_1,Female,Pentavac SD,draining medial iliac lymph nodes (MLN),0,1,CB6F1,Pentavac SD_0_draining medial iliac lymph nodes (MLN)
GSM3407192,PERT_MLN_0h_2,Female,Pentavac SD,draining medial iliac lymph nodes (MLN),0,2,CB6F1,Pentavac SD_0_draining medial iliac lymph nodes (MLN)
GSM3407193,PERT_MLN_0h_3,Female,Pentavac SD,draining medial iliac lymph nodes (MLN),0,3,CB6F1,Pentavac SD_0_draining medial iliac lymph nodes (MLN)
GSM3407194,PERT_MLN_0h_4,Female,Pentavac SD,draining medial iliac lymph nodes (MLN),0,4,CB6F1,Pentavac SD_0_draining medial iliac lymph nodes (MLN)
GSM3407195,PERT_MLN_0h_5,Female,Pentavac SD,draining medial iliac lymph nodes (MLN),0,5,CB6F1,Pentavac SD_0_draining medial iliac lymph nodes (MLN)
GSM3407196,PolyIC_MLN_0h_1,Female,PolyIC,draining medial iliac lymph nodes (MLN),0,1,CB6F1,PolyIC_0_draining medial iliac lymph nodes (MLN)
GSM3407197,PolyIC_MLN_0h_2,Female,PolyIC,draining medial iliac lymph nodes (MLN),0,2,CB6F1,PolyIC_0_draining medial iliac lymph nodes (MLN)
GSM3407198,PolyIC_MLN_0h_3,Female,PolyIC,draining medial iliac lymph nodes (MLN),0,3,CB6F1,PolyIC_0_draining medial iliac lymph nodes (MLN)
GSM3407199,PolyIC_MLN_0h_4,Female,PolyIC,draining medial iliac lymph nodes (MLN),0,4,CB6F1,PolyIC_0_draining medial iliac lymph nodes (MLN)
GSM3407200,PolyIC_MLN_0h_5,Female,PolyIC,draining medial iliac lymph nodes (MLN),0,5,CB6F1,PolyIC_0_draining medial iliac lymph nodes (MLN)
GSM3407201,SAL_MLN_0h_1,Female,saline,draining medial iliac lymph nodes (MLN),0,1,CB6F1,saline_0_draining medial iliac lymph nodes (MLN)
GSM3407202,SAL_MLN_0h_2,Female,saline,draining medial iliac lymph nodes (MLN),0,2,CB6F1,saline_0_draining medial iliac lymph nodes (MLN)
GSM3407203,SAL_MLN_0h_3,Female,saline,draining medial iliac lymph nodes (MLN),0,3,CB6F1,saline_0_draining medial iliac lymph nodes (MLN)
GSM3407204,SAL_MLN_0h_4,Female,saline,draining medial iliac lymph nodes (MLN),0,4,CB6F1,saline_0_draining medial iliac lymph nodes (MLN)
GSM3407205,SAL_MLN_0h_5,Female,saline,draining medial iliac lymph nodes (MLN),0,5,CB6F1,saline_0_draining medial iliac lymph nodes (MLN)
GSM3407206,TriFLU_MLN_0h_1,Female,Agrippal,draining medial iliac lymph nodes (MLN),0,1,CB6F1,Agrippal_0_draining medial iliac lymph nodes (MLN)
GSM3407207,TriFLU_MLN_0h_2,Female,Agrippal,draining medial iliac lymph nodes (MLN),0,2,CB6F1,Agrippal_0_draining medial iliac lymph nodes (MLN)
GSM3407208,TriFLU_MLN_0h_3,Female,Agrippal,draining medial iliac lymph nodes (MLN),0,3,CB6F1,Agrippal_0_draining medial iliac lymph nodes (MLN)
GSM3407209,TriFLU_MLN_0h_4,Female,Agrippal,draining medial iliac lymph nodes (MLN),0,4,CB6F1,Agrippal_0_draining medial iliac lymph nodes (MLN)
GSM3407210,TriFLU_MLN_0h_5,Female,Agrippal,draining medial iliac lymph nodes (MLN),0,5,CB6F1,Agrippal_0_draining medial iliac lymph nodes (MLN)
GSM3407211,TriFLU-MF59_MLN_0h_1,Female,Fluad,draining medial iliac lymph nodes (MLN),0,1,CB6F1,Fluad_0_draining medial iliac lymph nodes (MLN)
GSM3407212,TriFLU-MF59_MLN_0h_2,Female,Fluad,draining medial iliac lymph nodes (MLN),0,2,CB6F1,Fluad_0_draining medial iliac lymph nodes (MLN)
GSM3407213,TriFLU-MF59_MLN_0h_3,Female,Fluad,draining medial iliac lymph nodes (MLN),0,3,CB6F1,Fluad_0_draining medial iliac lymph nodes (MLN)
GSM3407214,TriFLU-MF59_MLN_0h_4,Female,Fluad,draining medial iliac lymph nodes (MLN),0,4,CB6F1,Fluad_0_draining medial iliac lymph nodes (MLN)
GSM3407215,TriFLU-MF59_MLN_0h_5,Female,Fluad,draining medial iliac lymph nodes (MLN),0,5,CB6F1,Fluad_0_draining medial iliac lymph nodes (MLN)
GSM3407216,ENG_MU_0h_1,Female,Engerix B,muscle,0,1,CB6F1,Engerix B_0_muscle
GSM3407217,ENG_MU_0h_2,Female,Engerix B,muscle,0,2,CB6F1,Engerix B_0_muscle
GSM3407218,ENG_MU_0h_3,Female,Engerix B,muscle,0,3,CB6F1,Engerix B_0_muscle
GSM3407219,ENG_MU_0h_4,Female,Engerix B,muscle,0,4,CB6F1,Engerix B_0_muscle
GSM3407220,ENG_MU_0h_5,Female,Engerix B,muscle,0,5,CB6F1,Engerix B_0_muscle
GSM3407221,IFA_MU_0h_1,Female,IFA,muscle,0,1,CB6F1,IFA_0_muscle
GSM3407222,IFA_MU_0h_2,Female,IFA,muscle,0,2,CB6F1,IFA_0_muscle
GSM3407223,IFA_MU_0h_3,Female,IFA,muscle,0,3,CB6F1,IFA_0_muscle
GSM3407224,IFA_MU_0h_4,Female,IFA,muscle,0,4,CB6F1,IFA_0_muscle
GSM3407225,IFA_MU_0h_5,Female,IFA,muscle,0,5,CB6F1,IFA_0_muscle
GSM3407226,LPS_MU_0h_1,Female,LPS,muscle,0,1,CB6F1,LPS_0_muscle
GSM3407227,LPS_MU_0h_2,Female,LPS,muscle,0,2,CB6F1,LPS_0_muscle
GSM3407228,LPS_MU_0h_3,Female,LPS,muscle,0,3,CB6F1,LPS_0_muscle
GSM3407229,LPS_MU_0h_4,Female,LPS,muscle,0,4,CB6F1,LPS_0_muscle
GSM3407230,LPS_MU_0h_5,Female,LPS,muscle,0,5,CB6F1,LPS_0_muscle
GSM3407231,PERT_MU_0h_1,Female,Pentavac SD,muscle,0,1,CB6F1,Pentavac SD_0_muscle
GSM3407232,PERT_MU_0h_2,Female,Pentavac SD,muscle,0,2,CB6F1,Pentavac SD_0_muscle
GSM3407233,PERT_MU_0h_3,Female,Pentavac SD,muscle,0,3,CB6F1,Pentavac SD_0_muscle
GSM3407234,PERT_MU_0h_4,Female,Pentavac SD,muscle,0,4,CB6F1,Pentavac SD_0_muscle
GSM3407235,PERT_MU_0h_5,Female,Pentavac SD,muscle,0,5,CB6F1,Pentavac SD_0_muscle
GSM3407236,PolyIC_MU_0h_1,Female,PolyIC,muscle,0,1,CB6F1,PolyIC_0_muscle
GSM3407237,PolyIC_MU_0h_2,Female,PolyIC,muscle,0,2,CB6F1,PolyIC_0_muscle
GSM3407238,PolyIC_MU_0h_3,Female,PolyIC,muscle,0,3,CB6F1,PolyIC_0_muscle
GSM3407239,PolyIC_MU_0h_4,Female,PolyIC,muscle,0,4,CB6F1,PolyIC_0_muscle
GSM3407240,PolyIC_MU_0h_5,Female,PolyIC,muscle,0,5,CB6F1,PolyIC_0_muscle
GSM3407241,SAL_MU_0h_1,Female,saline,muscle,0,1,CB6F1,saline_0_muscle
GSM3407242,SAL_MU_0h_2,Female,saline,muscle,0,2,CB6F1,saline_0_muscle
GSM3407243,SAL_MU_0h_3,Female,saline,muscle,0,3,CB6F1,saline_0_muscle
GSM3407244,SAL_MU_0h_4,Female,saline,muscle,0,4,CB6F1,saline_0_muscle
GSM3407245,SAL_MU_0h_5,Female,saline,muscle,0,5,CB6F1,saline_0_muscle
GSM3407246,TriFLU_MU_0h_1,Female,Agrippal,muscle,0,1,CB6F1,Agrippal_0_muscle
GSM3407247,TriFLU_MU_0h_2,Female,Agrippal,muscle,0,2,CB6F1,Agrippal_0_muscle
GSM3407248,TriFLU_MU_0h_3,Female,Agrippal,muscle,0,3,CB6F1,Agrippal_0_muscle
GSM3407249,TriFLU_MU_0h_4,Female,Agrippal,muscle,0,4,CB6F1,Agrippal_0_muscle
GSM3407250,TriFLU_MU_0h_5,Female,Agrippal,muscle,0,5,CB6F1,Agrippal_0_muscle
GSM3407251,TriFLU-MF59_MU_0h_1,Female,Fluad,muscle,0,1,CB6F1,Fluad_0_muscle
GSM3407252,TriFLU-MF59_MU_0h_2,Female,Fluad,muscle,0,2,CB6F1,Fluad_0_muscle
GSM3407253,TriFLU-MF59_MU_0h_3,Female,Fluad,muscle,0,3,CB6F1,Fluad_0_muscle
GSM3407254,TriFLU-MF59_MU_0h_4,Female,Fluad,muscle,0,4,CB6F1,Fluad_0_muscle
GSM3407255,TriFLU-MF59_MU_0h_5,Female,Fluad,muscle,0,5,CB6F1,Fluad_0_muscle
GSM3407256,ENG_BL_4h_1,Female,Engerix B,PBMC,4,1,CB6F1,Engerix B_4_PBMC
GSM3407257,ENG_BL_4h_2,Female,Engerix B,PBMC,4,2,CB6F1,Engerix B_4_PBMC
GSM3407258,ENG_BL_4h_3,Female,Engerix B,PBMC,4,3,CB6F1,Engerix B_4_PBMC
GSM3407259,ENG_BL_4h_4,Female,Engerix B,PBMC,4,4,CB6F1,Engerix B_4_PBMC
GSM3407260,ENG_BL_4h_5,Female,Engerix B,PBMC,4,5,CB6F1,Engerix B_4_PBMC
GSM3407261,IFA_BL_4h_1,Female,IFA,PBMC,4,1,CB6F1,IFA_4_PBMC
GSM3407262,IFA_BL_4h_2,Female,IFA,PBMC,4,2,CB6F1,IFA_4_PBMC
GSM3407263,IFA_BL_4h_3,Female,IFA,PBMC,4,3,CB6F1,IFA_4_PBMC
GSM3407264,IFA_BL_4h_4,Female,IFA,PBMC,4,4,CB6F1,IFA_4_PBMC
GSM3407265,IFA_BL_4h_5,Female,IFA,PBMC,4,5,CB6F1,IFA_4_PBMC
GSM3407266,LPS_BL_4h_1,Female,LPS,PBMC,4,1,CB6F1,LPS_4_PBMC
GSM3407267,LPS_BL_4h_2,Female,LPS,PBMC,4,2,CB6F1,LPS_4_PBMC
GSM3407268,LPS_BL_4h_3,Female,LPS,PBMC,4,3,CB6F1,LPS_4_PBMC
GSM3407269,LPS_BL_4h_4,Female,LPS,PBMC,4,4,CB6F1,LPS_4_PBMC
GSM3407270,LPS_BL_4h_5,Female,LPS,PBMC,4,5,CB6F1,LPS_4_PBMC
GSM3407271,PERT_BL_4h_1,Female,Pentavac SD,PBMC,4,1,CB6F1,Pentavac SD_4_PBMC
GSM3407272,PERT_BL_4h_2,Female,Pentavac SD,PBMC,4,2,CB6F1,Pentavac SD_4_PBMC
GSM3407273,PERT_BL_4h_3,Female,Pentavac SD,PBMC,4,3,CB6F1,Pentavac SD_4_PBMC
GSM3407274,PERT_BL_4h_4,Female,Pentavac SD,PBMC,4,4,CB6F1,Pentavac SD_4_PBMC
GSM3407275,PERT_BL_4h_5,Female,Pentavac SD,PBMC,4,5,CB6F1,Pentavac SD_4_PBMC
GSM3407276,PolyIC_BL_4h_1,Female,PolyIC,PBMC,4,1,CB6F1,PolyIC_4_PBMC
GSM3407277,PolyIC_BL_4h_2,Female,PolyIC,PBMC,4,2,CB6F1,PolyIC_4_PBMC
GSM3407278,PolyIC_BL_4h_3,Female,PolyIC,PBMC,4,3,CB6F1,PolyIC_4_PBMC
GSM3407279,PolyIC_BL_4h_4,Female,PolyIC,PBMC,4,4,CB6F1,PolyIC_4_PBMC
GSM3407280,PolyIC_BL_4h_5,Female,PolyIC,PBMC,4,5,CB6F1,PolyIC_4_PBMC
GSM3407281,SAL_BL_4h_1,Female,saline,PBMC,4,1,CB6F1,saline_4_PBMC
GSM3407282,SAL_BL_4h_2,Female,saline,PBMC,4,2,CB6F1,saline_4_PBMC
GSM3407283,SAL_BL_4h_3,Female,saline,PBMC,4,3,CB6F1,saline_4_PBMC
GSM3407284,SAL_BL_4h_4,Female,saline,PBMC,4,4,CB6F1,saline_4_PBMC
GSM3407285,SAL_BL_4h_5,Female,saline,PBMC,4,5,CB6F1,saline_4_PBMC
GSM3407286,TriFLU_BL_4h_1,Female,Agrippal,PBMC,4,1,CB6F1,Agrippal_4_PBMC
GSM3407287,TriFLU_BL_4h_2,Female,Agrippal,PBMC,4,2,CB6F1,Agrippal_4_PBMC
GSM3407288,TriFLU_BL_4h_3,Female,Agrippal,PBMC,4,3,CB6F1,Agrippal_4_PBMC
GSM3407289,TriFLU_BL_4h_4,Female,Agrippal,PBMC,4,4,CB6F1,Agrippal_4_PBMC
GSM3407290,TriFLU_BL_4h_5,Female,Agrippal,PBMC,4,5,CB6F1,Agrippal_4_PBMC
GSM3407291,TriFLU-MF59_BL_4h_1,Female,Fluad,PBMC,4,1,CB6F1,Fluad_4_PBMC
GSM3407292,TriFLU-MF59_BL_4h_2,Female,Fluad,PBMC,4,2,CB6F1,Fluad_4_PBMC
GSM3407293,TriFLU-MF59_BL_4h_3,Female,Fluad,PBMC,4,3,CB6F1,Fluad_4_PBMC
GSM3407294,TriFLU-MF59_BL_4h_4,Female,Fluad,PBMC,4,4,CB6F1,Fluad_4_PBMC
GSM3407295,TriFLU-MF59_BL_4h_5,Female,Fluad,PBMC,4,5,CB6F1,Fluad_4_PBMC
GSM3407296,ENG_MLN_4h_1,Female,Engerix B,draining medial iliac lymph nodes (MLN),4,1,CB6F1,Engerix B_4_draining medial iliac lymph nodes (MLN)
GSM3407297,ENG_MLN_4h_2,Female,Engerix B,draining medial iliac lymph nodes (MLN),4,2,CB6F1,Engerix B_4_draining medial iliac lymph nodes (MLN)
GSM3407298,ENG_MLN_4h_3,Female,Engerix B,draining medial iliac lymph nodes (MLN),4,3,CB6F1,Engerix B_4_draining medial iliac lymph nodes (MLN)
GSM3407299,ENG_MLN_4h_4,Female,Engerix B,draining medial iliac lymph nodes (MLN),4,4,CB6F1,Engerix B_4_draining medial iliac lymph nodes (MLN)
GSM3407300,ENG_MLN_4h_5,Female,Engerix B,draining medial iliac lymph nodes (MLN),4,5,CB6F1,Engerix B_4_draining medial iliac lymph nodes (MLN)
GSM3407301,IFA_MLN_4h_1,Female,IFA,draining medial iliac lymph nodes (MLN),4,1,CB6F1,IFA_4_draining medial iliac lymph nodes (MLN)
GSM3407302,IFA_MLN_4h_2,Female,IFA,draining medial iliac lymph nodes (MLN),4,2,CB6F1,IFA_4_draining medial iliac lymph nodes (MLN)
GSM3407303,IFA_MLN_4h_3,Female,IFA,draining medial iliac lymph nodes (MLN),4,3,CB6F1,IFA_4_draining medial iliac lymph nodes (MLN)
GSM3407304,IFA_MLN_4h_4,Female,IFA,draining medial iliac lymph nodes (MLN),4,4,CB6F1,IFA_4_draining medial iliac lymph nodes (MLN)
GSM3407305,IFA_MLN_4h_5,Female,IFA,draining medial iliac lymph nodes (MLN),4,5,CB6F1,IFA_4_draining medial iliac lymph nodes (MLN)
GSM3407306,LPS_MLN_4h_1,Female,LPS,draining medial iliac lymph nodes (MLN),4,1,CB6F1,LPS_4_draining medial iliac lymph nodes (MLN)
GSM3407307,LPS_MLN_4h_2,Female,LPS,draining medial iliac lymph nodes (MLN),4,2,CB6F1,LPS_4_draining medial iliac lymph nodes (MLN)
GSM3407308,LPS_MLN_4h_3,Female,LPS,draining medial iliac lymph nodes (MLN),4,3,CB6F1,LPS_4_draining medial iliac lymph nodes (MLN)
GSM3407309,LPS_MLN_4h_4,Female,LPS,draining medial iliac lymph nodes (MLN),4,4,CB6F1,LPS_4_draining medial iliac lymph nodes (MLN)
GSM3407310,LPS_MLN_4h_5,Female,LPS,draining medial iliac lymph nodes (MLN),4,5,CB6F1,LPS_4_draining medial iliac lymph nodes (MLN)
GSM3407311,PERT_MLN_4h_1,Female,Pentavac SD,draining medial iliac lymph nodes (MLN),4,1,CB6F1,Pentavac SD_4_draining medial iliac lymph nodes (MLN)
GSM3407312,PERT_MLN_4h_2,Female,Pentavac SD,draining medial iliac lymph nodes (MLN),4,2,CB6F1,Pentavac SD_4_draining medial iliac lymph nodes (MLN)
GSM3407313,PERT_MLN_4h_3,Female,Pentavac SD,draining medial iliac lymph nodes (MLN),4,3,CB6F1,Pentavac SD_4_draining medial iliac lymph nodes (MLN)
GSM3407314,PERT_MLN_4h_4,Female,Pentavac SD,draining medial iliac lymph nodes (MLN),4,4,CB6F1,Pentavac SD_4_draining medial iliac lymph nodes (MLN)
GSM3407315,PERT_MLN_4h_5,Female,Pentavac SD,draining medial iliac lymph nodes (MLN),4,5,CB6F1,Pentavac SD_4_draining medial iliac lymph nodes (MLN)
GSM3407316,PolyIC_MLN_4h_1,Female,PolyIC,draining medial iliac lymph nodes (MLN),4,1,CB6F1,PolyIC_4_draining medial iliac lymph nodes (MLN)
GSM3407317,PolyIC_MLN_4h_2,Female,PolyIC,draining medial iliac lymph nodes (MLN),4,2,CB6F1,PolyIC_4_draining medial iliac lymph nodes (MLN)
GSM3407318,PolyIC_MLN_4h_3,Female,PolyIC,draining medial iliac lymph nodes (MLN),4,3,CB6F1,PolyIC_4_draining medial iliac lymph nodes (MLN)
GSM3407319,PolyIC_MLN_4h_4,Female,PolyIC,draining medial iliac lymph nodes (MLN),4,4,CB6F1,PolyIC_4_draining medial iliac lymph nodes (MLN)
GSM3407320,PolyIC_MLN_4h_5,Female,PolyIC,draining medial iliac lymph nodes (MLN),4,5,CB6F1,PolyIC_4_draining medial iliac lymph nodes (MLN)
GSM3407321,SAL_MLN_4h_1,Female,saline,draining medial iliac lymph nodes (MLN),4,1,CB6F1,saline_4_draining medial iliac lymph nodes (MLN)
GSM3407322,SAL_MLN_4h_2,Female,saline,draining medial iliac lymph nodes (MLN),4,2,CB6F1,saline_4_draining medial iliac lymph nodes (MLN)
GSM3407323,SAL_MLN_4h_3,Female,saline,draining medial iliac lymph nodes (MLN),4,3,CB6F1,saline_4_draining medial iliac lymph nodes (MLN)
GSM3407324,SAL_MLN_4h_4,Female,saline,draining medial iliac lymph nodes (MLN),4,4,CB6F1,saline_4_draining medial iliac lymph nodes (MLN)
GSM3407325,SAL_MLN_4h_5,Female,saline,draining medial iliac lymph nodes (MLN),4,5,CB6F1,saline_4_draining medial iliac lymph nodes (MLN)
GSM3407326,TriFLU_MLN_4h_1,Female,Agrippal,draining medial iliac lymph nodes (MLN),4,1,CB6F1,Agrippal_4_draining medial iliac lymph nodes (MLN)
GSM3407327,TriFLU_MLN_4h_2,Female,Agrippal,draining medial iliac lymph nodes (MLN),4,2,CB6F1,Agrippal_4_draining medial iliac lymph nodes (MLN)
GSM3407328,TriFLU_MLN_4h_3,Female,Agrippal,draining medial iliac lymph nodes (MLN),4,3,CB6F1,Agrippal_4_draining medial iliac lymph nodes (MLN)
GSM3407329,TriFLU_MLN_4h_4,Female,Agrippal,draining medial iliac lymph nodes (MLN),4,4,CB6F1,Agrippal_4_draining medial iliac lymph nodes (MLN)
GSM3407330,TriFLU_MLN_4h_5,Female,Agrippal,draining medial iliac lymph nodes (MLN),4,5,CB6F1,Agrippal_4_draining medial iliac lymph nodes (MLN)
GSM3407331,TriFLU-MF59_MLN_4h_1,Female,Fluad,draining medial iliac lymph nodes (MLN),4,1,CB6F1,Fluad_4_draining medial iliac lymph nodes (MLN)
GSM3407332,TriFLU-MF59_MLN_4h_2,Female,Fluad,draining medial iliac lymph nodes (MLN),4,2,CB6F1,Fluad_4_draining medial iliac lymph nodes (MLN)
GSM3407333,TriFLU-MF59_MLN_4h_3,Female,Fluad,draining medial iliac lymph nodes (MLN),4,3,CB6F1,Fluad_4_draining medial iliac lymph nodes (MLN)
GSM3407334,TriFLU-MF59_MLN_4h_4,Female,Fluad,draining medial iliac lymph nodes (MLN),4,4,CB6F1,Fluad_4_draining medial iliac lymph nodes (MLN)
GSM3407335,TriFLU-MF59_MLN_4h_5,Female,Fluad,draining medial iliac lymph nodes (MLN),4,5,CB6F1,Fluad_4_draining medial iliac lymph nodes (MLN)
GSM3407336,ENG_MU_4h_1,Female,Engerix B,muscle,4,1,CB6F1,Engerix B_4_muscle
GSM3407337,ENG_MU_4h_2,Female,Engerix B,muscle,4,2,CB6F1,Engerix B_4_muscle
GSM3407338,ENG_MU_4h_3,Female,Engerix B,muscle,4,3,CB6F1,Engerix B_4_muscle
GSM3407339,ENG_MU_4h_4,Female,Engerix B,muscle,4,4,CB6F1,Engerix B_4_muscle
GSM3407340,ENG_MU_4h_5,Female,Engerix B,muscle,4,5,CB6F1,Engerix B_4_muscle
GSM3407341,IFA_MU_4h_1,Female,IFA,muscle,4,1,CB6F1,IFA_4_muscle
GSM3407342,IFA_MU_4h_2,Female,IFA,muscle,4,2,CB6F1,IFA_4_muscle
GSM3407343,IFA_MU_4h_3,Female,IFA,muscle,4,3,CB6F1,IFA_4_muscle
GSM3407344,IFA_MU_4h_4,Female,IFA,muscle,4,4,CB6F1,IFA_4_muscle
GSM3407345,IFA_MU_4h_5,Female,IFA,muscle,4,5,CB6F1,IFA_4_muscle
GSM3407346,LPS_MU_4h_1,Female,LPS,muscle,4,1,CB6F1,LPS_4_muscle
GSM3407347,LPS_MU_4h_2,Female,LPS,muscle,4,2,CB6F1,LPS_4_muscle
GSM3407348,LPS_MU_4h_3,Female,LPS,muscle,4,3,CB6F1,LPS_4_muscle
GSM3407349,LPS_MU_4h_4,Female,LPS,muscle,4,4,CB6F1,LPS_4_muscle
GSM3407350,LPS_MU_4h_5,Female,LPS,muscle,4,5,CB6F1,LPS_4_muscle
GSM3407351,PERT_MU_4h_1,Female,Pentavac SD,muscle,4,1,CB6F1,Pentavac SD_4_muscle
GSM3407352,PERT_MU_4h_2,Female,Pentavac SD,muscle,4,2,CB6F1,Pentavac SD_4_muscle
GSM3407353,PERT_MU_4h_3,Female,Pentavac SD,muscle,4,3,CB6F1,Pentavac SD_4_muscle
GSM3407354,PERT_MU_4h_4,Female,Pentavac SD,muscle,4,4,CB6F1,Pentavac SD_4_muscle
GSM3407355,PERT_MU_4h_5,Female,Pentavac SD,muscle,4,5,CB6F1,Pentavac SD_4_muscle
GSM3407356,PolyIC_MU_4h_1,Female,PolyIC,muscle,4,1,CB6F1,PolyIC_4_muscle
GSM3407357,PolyIC_MU_4h_2,Female,PolyIC,muscle,4,2,CB6F1,PolyIC_4_muscle
GSM3407358,PolyIC_MU_4h_3,Female,PolyIC,muscle,4,3,CB6F1,PolyIC_4_muscle
GSM3407359,PolyIC_MU_4h_4,Female,PolyIC,muscle,4,4,CB6F1,PolyIC_4_muscle
GSM3407360,PolyIC_MU_4h_5,Female,PolyIC,muscle,4,5,CB6F1,PolyIC_4_muscle
GSM3407361,SAL_MU_4h_1,Female,saline,muscle,4,1,CB6F1,saline_4_muscle
GSM3407362,SAL_MU_4h_2,Female,saline,muscle,4,2,CB6F1,saline_4_muscle
GSM3407363,SAL_MU_4h_3,Female,saline,muscle,4,3,CB6F1,saline_4_muscle
GSM3407364,SAL_MU_4h_4,Female,saline,muscle,4,4,CB6F1,saline_4_muscle
GSM3407365,SAL_MU_4h_5,Female,saline,muscle,4,5,CB6F1,saline_4_muscle
GSM3407366,TriFLU_MU_4h_1,Female,Agrippal,muscle,4,1,CB6F1,Agrippal_4_muscle
GSM3407367,TriFLU_MU_4h_2,Female,Agrippal,muscle,4,2,CB6F1,Agrippal_4_muscle
GSM3407368,TriFLU_MU_4h_3,Female,Agrippal,muscle,4,3,CB6F1,Agrippal_4_muscle
GSM3407369,TriFLU_MU_4h_4,Female,Agrippal,muscle,4,4,CB6F1,Agrippal_4_muscle
GSM3407370,TriFLU_MU_4h_5,Female,Agrippal,muscle,4,5,CB6F1,Agrippal_4_muscle
GSM3407371,TriFLU-MF59_MU_4h_1,Female,Fluad,muscle,4,1,CB6F1,Fluad_4_muscle
GSM3407372,TriFLU-MF59_MU_4h_2,Female,Fluad,muscle,4,2,CB6F1,Fluad_4_muscle
GSM3407373,TriFLU-MF59_MU_4h_3,Female,Fluad,muscle,4,3,CB6F1,Fluad_4_muscle
GSM3407374,TriFLU-MF59_MU_4h_4,Female,Fluad,muscle,4,4,CB6F1,Fluad_4_muscle
GSM3407375,TriFLU-MF59_MU_4h_5,Female,Fluad,muscle,4,5,CB6F1,Fluad_4_muscle
GSM3407376,ENG_BL_8h_1,Female,Engerix B,PBMC,8,1,CB6F1,Engerix B_8_PBMC
GSM3407377,ENG_BL_8h_2,Female,Engerix B,PBMC,8,2,CB6F1,Engerix B_8_PBMC
GSM3407378,ENG_BL_8h_3,Female,Engerix B,PBMC,8,3,CB6F1,Engerix B_8_PBMC
GSM3407379,ENG_BL_8h_4,Female,Engerix B,PBMC,8,4,CB6F1,Engerix B_8_PBMC
GSM3407380,ENG_BL_8h_5,Female,Engerix B,PBMC,8,5,CB6F1,Engerix B_8_PBMC
GSM3407381,IFA_BL_8h_1,Female,IFA,PBMC,8,1,CB6F1,IFA_8_PBMC
GSM3407382,IFA_BL_8h_2,Female,IFA,PBMC,8,2,CB6F1,IFA_8_PBMC
GSM3407383,IFA_BL_8h_3,Female,IFA,PBMC,8,3,CB6F1,IFA_8_PBMC
GSM3407384,IFA_BL_8h_4,Female,IFA,PBMC,8,4,CB6F1,IFA_8_PBMC
GSM3407385,IFA_BL_8h_5,Female,IFA,PBMC,8,5,CB6F1,IFA_8_PBMC
GSM3407386,LPS_BL_8h_1,Female,LPS,PBMC,8,1,CB6F1,LPS_8_PBMC
GSM3407387,LPS_BL_8h_2,Female,LPS,PBMC,8,2,CB6F1,LPS_8_PBMC
GSM3407388,LPS_BL_8h_3,Female,LPS,PBMC,8,3,CB6F1,LPS_8_PBMC
GSM3407389,LPS_BL_8h_4,Female,LPS,PBMC,8,4,CB6F1,LPS_8_PBMC
GSM3407390,LPS_BL_8h_5,Female,LPS,PBMC,8,5,CB6F1,LPS_8_PBMC
GSM3407391,PERT_BL_8h_1,Female,Pentavac SD,PBMC,8,1,CB6F1,Pentavac SD_8_PBMC
GSM3407392,PERT_BL_8h_2,Female,Pentavac SD,PBMC,8,2,CB6F1,Pentavac SD_8_PBMC
GSM3407393,PERT_BL_8h_3,Female,Pentavac SD,PBMC,8,3,CB6F1,Pentavac SD_8_PBMC
GSM3407394,PERT_BL_8h_4,Female,Pentavac SD,PBMC,8,4,CB6F1,Pentavac SD_8_PBMC
GSM3407395,PERT_BL_8h_5,Female,Pentavac SD,PBMC,8,5,CB6F1,Pentavac SD_8_PBMC
GSM3407396,PolyIC_BL_8h_1,Female,PolyIC,PBMC,8,1,CB6F1,PolyIC_8_PBMC
GSM3407397,PolyIC_BL_8h_2,Female,PolyIC,PBMC,8,2,CB6F1,PolyIC_8_PBMC
GSM3407398,PolyIC_BL_8h_3,Female,PolyIC,PBMC,8,3,CB6F1,PolyIC_8_PBMC
GSM3407399,PolyIC_BL_8h_4,Female,PolyIC,PBMC,8,4,CB6F1,PolyIC_8_PBMC
GSM3407400,PolyIC_BL_8h_5,Female,PolyIC,PBMC,8,5,CB6F1,PolyIC_8_PBMC
GSM3407401,SAL_BL_8h_1,Female,saline,PBMC,8,1,CB6F1,saline_8_PBMC
GSM3407402,SAL_BL_8h_2,Female,saline,PBMC,8,2,CB6F1,saline_8_PBMC
GSM3407403,SAL_BL_8h_3,Female,saline,PBMC,8,3,CB6F1,saline_8_PBMC
GSM3407404,SAL_BL_8h_4,Female,saline,PBMC,8,4,CB6F1,saline_8_PBMC
GSM3407405,SAL_BL_8h_5,Female,saline,PBMC,8,5,CB6F1,saline_8_PBMC
GSM3407406,TriFLU_BL_8h_1,Female,Agrippal,PBMC,8,1,CB6F1,Agrippal_8_PBMC
GSM3407407,TriFLU_BL_8h_2,Female,Agrippal,PBMC,8,2,CB6F1,Agrippal_8_PBMC
GSM3407408,TriFLU_BL_8h_3,Female,Agrippal,PBMC,8,3,CB6F1,Agrippal_8_PBMC
GSM3407409,TriFLU_BL_8h_4,Female,Agrippal,PBMC,8,4,CB6F1,Agrippal_8_PBMC
GSM3407410,TriFLU_BL_8h_5,Female,Agrippal,PBMC,8,5,CB6F1,Agrippal_8_PBMC
GSM3407411,TriFLU-MF59_BL_8h_1,Female,Fluad,PBMC,8,1,CB6F1,Fluad_8_PBMC
GSM3407412,TriFLU-MF59_BL_8h_2,Female,Fluad,PBMC,8,2,CB6F1,Fluad_8_PBMC
GSM3407413,TriFLU-MF59_BL_8h_3,Female,Fluad,PBMC,8,3,CB6F1,Fluad_8_PBMC
GSM3407414,TriFLU-MF59_BL_8h_4,Female,Fluad,PBMC,8,4,CB6F1,Fluad_8_PBMC
GSM3407415,TriFLU-MF59_BL_8h_5,Female,Fluad,PBMC,8,5,CB6F1,Fluad_8_PBMC
GSM3407416,ENG_MLN_8h_1,Female,Engerix B,draining medial iliac lymph nodes (MLN),8,1,CB6F1,Engerix B_8_draining medial iliac lymph nodes (MLN)
GSM3407417,ENG_MLN_8h_2,Female,Engerix B,draining medial iliac lymph nodes (MLN),8,2,CB6F1,Engerix B_8_draining medial iliac lymph nodes (MLN)
GSM3407418,ENG_MLN_8h_3,Female,Engerix B,draining medial iliac lymph nodes (MLN),8,3,CB6F1,Engerix B_8_draining medial iliac lymph nodes (MLN)
GSM3407419,ENG_MLN_8h_4,Female,Engerix B,draining medial iliac lymph nodes (MLN),8,4,CB6F1,Engerix B_8_draining medial iliac lymph nodes (MLN)
GSM3407420,ENG_MLN_8h_5,Female,Engerix B,draining medial iliac lymph nodes (MLN),8,5,CB6F1,Engerix B_8_draining medial iliac lymph nodes (MLN)
GSM3407421,IFA_MLN_8h_1,Female,IFA,draining medial iliac lymph nodes (MLN),8,1,CB6F1,IFA_8_draining medial iliac lymph nodes (MLN)
GSM3407422,IFA_MLN_8h_2,Female,IFA,draining medial iliac lymph nodes (MLN),8,2,CB6F1,IFA_8_draining medial iliac lymph nodes (MLN)
GSM3407423,IFA_MLN_8h_3,Female,IFA,draining medial iliac lymph nodes (MLN),8,3,CB6F1,IFA_8_draining medial iliac lymph nodes (MLN)
GSM3407424,IFA_MLN_8h_4,Female,IFA,draining medial iliac lymph nodes (MLN),8,4,CB6F1,IFA_8_draining medial iliac lymph nodes (MLN)
GSM3407425,IFA_MLN_8h_5,Female,IFA,draining medial iliac lymph nodes (MLN),8,5,CB6F1,IFA_8_draining medial iliac lymph nodes (MLN)
GSM3407426,LPS_MLN_8h_1,Female,LPS,draining medial iliac lymph nodes (MLN),8,1,CB6F1,LPS_8_draining medial iliac lymph nodes (MLN)
GSM3407427,LPS_MLN_8h_2,Female,LPS,draining medial iliac lymph nodes (MLN),8,2,CB6F1,LPS_8_draining medial iliac lymph nodes (MLN)
GSM3407428,LPS_MLN_8h_3,Female,LPS,draining medial iliac lymph nodes (MLN),8,3,CB6F1,LPS_8_draining medial iliac lymph nodes (MLN)
GSM3407429,LPS_MLN_8h_4,Female,LPS,draining medial iliac lymph nodes (MLN),8,4,CB6F1,LPS_8_draining medial iliac lymph nodes (MLN)
GSM3407430,LPS_MLN_8h_5,Female,LPS,draining medial iliac lymph nodes (MLN),8,5,CB6F1,LPS_8_draining medial iliac lymph nodes (MLN)
GSM3407431,PERT_MLN_8h_1,Female,Pentavac SD,draining medial iliac lymph nodes (MLN),8,1,CB6F1,Pentavac SD_8_draining medial iliac lymph nodes (MLN)
GSM3407432,PERT_MLN_8h_2,Female,Pentavac SD,draining medial iliac lymph nodes (MLN),8,2,CB6F1,Pentavac SD_8_draining medial iliac lymph nodes (MLN)
GSM3407433,PERT_MLN_8h_3,Female,Pentavac SD,draining medial iliac lymph nodes (MLN),8,3,CB6F1,Pentavac SD_8_draining medial iliac lymph nodes (MLN)
GSM3407434,PERT_MLN_8h_4,Female,Pentavac SD,draining medial iliac lymph nodes (MLN),8,4,CB6F1,Pentavac SD_8_draining medial iliac lymph nodes (MLN)
GSM3407435,PERT_MLN_8h_5,Female,Pentavac SD,draining medial iliac lymph nodes (MLN),8,5,CB6F1,Pentavac SD_8_draining medial iliac lymph nodes (MLN)
GSM3407436,PolyIC_MLN_8h_1,Female,PolyIC,draining medial iliac lymph nodes (MLN),8,1,CB6F1,PolyIC_8_draining medial iliac lymph nodes (MLN)
GSM3407437,PolyIC_MLN_8h_2,Female,PolyIC,draining medial iliac lymph nodes (MLN),8,2,CB6F1,PolyIC_8_draining medial iliac lymph nodes (MLN)
GSM3407438,PolyIC_MLN_8h_3,Female,PolyIC,draining medial iliac lymph nodes (MLN),8,3,CB6F1,PolyIC_8_draining medial iliac lymph nodes (MLN)
GSM3407439,PolyIC_MLN_8h_4,Female,PolyIC,draining medial iliac lymph nodes (MLN),8,4,CB6F1,PolyIC_8_draining medial iliac lymph nodes (MLN)
GSM3407440,PolyIC_MLN_8h_5,Female,PolyIC,draining medial iliac lymph nodes (MLN),8,5,CB6F1,PolyIC_8_draining medial iliac lymph nodes (MLN)
GSM3407441,SAL_MLN_8h_1,Female,saline,draining medial iliac lymph nodes (MLN),8,1,CB6F1,saline_8_draining medial iliac lymph nodes (MLN)
GSM3407442,SAL_MLN_8h_2,Female,saline,draining medial iliac lymph nodes (MLN),8,2,CB6F1,saline_8_draining medial iliac lymph nodes (MLN)
GSM3407443,SAL_MLN_8h_3,Female,saline,draining medial iliac lymph nodes (MLN),8,3,CB6F1,saline_8_draining medial iliac lymph nodes (MLN)
GSM3407444,SAL_MLN_8h_4,Female,saline,draining medial iliac lymph nodes (MLN),8,4,CB6F1,saline_8_draining medial iliac lymph nodes (MLN)
GSM3407445,SAL_MLN_8h_5,Female,saline,draining medial iliac lymph nodes (MLN),8,5,CB6F1,saline_8_draining medial iliac lymph nodes (MLN)
GSM3407446,TriFLU_MLN_8h_1,Female,Agrippal,draining medial iliac lymph nodes (MLN),8,1,CB6F1,Agrippal_8_draining medial iliac lymph nodes (MLN)
GSM3407447,TriFLU_MLN_8h_2,Female,Agrippal,draining medial iliac lymph nodes (MLN),8,2,CB6F1,Agrippal_8_draining medial iliac lymph nodes (MLN)
GSM3407448,TriFLU_MLN_8h_3,Female,Agrippal,draining medial iliac lymph nodes (MLN),8,3,CB6F1,Agrippal_8_draining medial iliac lymph nodes (MLN)
GSM3407449,TriFLU_MLN_8h_4,Female,Agrippal,draining medial iliac lymph nodes (MLN),8,4,CB6F1,Agrippal_8_draining medial iliac lymph nodes (MLN)
GSM3407450,TriFLU_MLN_8h_5,Female,Agrippal,draining medial iliac lymph nodes (MLN),8,5,CB6F1,Agrippal_8_draining medial iliac lymph nodes (MLN)
GSM3407451,TriFLU-MF59_MLN_8h_1,Female,Fluad,draining medial iliac lymph nodes (MLN),8,1,CB6F1,Fluad_8_draining medial iliac lymph nodes (MLN)
GSM3407452,TriFLU-MF59_MLN_8h_2,Female,Fluad,draining medial iliac lymph nodes (MLN),8,2,CB6F1,Fluad_8_draining medial iliac lymph nodes (MLN)
GSM3407453,TriFLU-MF59_MLN_8h_3,Female,Fluad,draining medial iliac lymph nodes (MLN),8,3,CB6F1,Fluad_8_draining medial iliac lymph nodes (MLN)
GSM3407454,TriFLU-MF59_MLN_8h_4,Female,Fluad,draining medial iliac lymph nodes (MLN),8,4,CB6F1,Fluad_8_draining medial iliac lymph nodes (MLN)
GSM3407455,TriFLU-MF59_MLN_8h_5,Female,Fluad,draining medial iliac lymph nodes (MLN),8,5,CB6F1,Fluad_8_draining medial iliac lymph nodes (MLN)
GSM3407456,ENG_MU_8h_1,Female,Engerix B,muscle,8,1,CB6F1,Engerix B_8_muscle
GSM3407457,ENG_MU_8h_2,Female,Engerix B,muscle,8,2,CB6F1,Engerix B_8_muscle
GSM3407458,ENG_MU_8h_3,Female,Engerix B,muscle,8,3,CB6F1,Engerix B_8_muscle
GSM3407459,ENG_MU_8h_4,Female,Engerix B,muscle,8,4,CB6F1,Engerix B_8_muscle
GSM3407460,ENG_MU_8h_5,Female,Engerix B,muscle,8,5,CB6F1,Engerix B_8_muscle
GSM3407461,IFA_MU_8h_1,Female,IFA,muscle,8,1,CB6F1,IFA_8_muscle
GSM3407462,IFA_MU_8h_2,Female,IFA,muscle,8,2,CB6F1,IFA_8_muscle
GSM3407463,IFA_MU_8h_3,Female,IFA,muscle,8,3,CB6F1,IFA_8_muscle
GSM3407464,IFA_MU_8h_4,Female,IFA,muscle,8,4,CB6F1,IFA_8_muscle
GSM3407465,IFA_MU_8h_5,Female,IFA,muscle,8,5,CB6F1,IFA_8_muscle
GSM3407466,LPS_MU_8h_1,Female,LPS,muscle,8,1,CB6F1,LPS_8_muscle
GSM3407467,LPS_MU_8h_2,Female,LPS,muscle,8,2,CB6F1,LPS_8_muscle
GSM3407468,LPS_MU_8h_3,Female,LPS,muscle,8,3,CB6F1,LPS_8_muscle
GSM3407469,LPS_MU_8h_4,Female,LPS,muscle,8,4,CB6F1,LPS_8_muscle
GSM3407470,LPS_MU_8h_5,Female,LPS,muscle,8,5,CB6F1,LPS_8_muscle
GSM3407471,PERT_MU_8h_1,Female,Pentavac SD,muscle,8,1,CB6F1,Pentavac SD_8_muscle
GSM3407472,PERT_MU_8h_2,Female,Pentavac SD,muscle,8,2,CB6F1,Pentavac SD_8_muscle
GSM3407473,PERT_MU_8h_3,Female,Pentavac SD,muscle,8,3,CB6F1,Pentavac SD_8_muscle
GSM3407474,PERT_MU_8h_4,Female,Pentavac SD,muscle,8,4,CB6F1,Pentavac SD_8_muscle
GSM3407475,PERT_MU_8h_5,Female,Pentavac SD,muscle,8,5,CB6F1,Pentavac SD_8_muscle
GSM3407476,PolyIC_MU_8h_1,Female,PolyIC,muscle,8,1,CB6F1,PolyIC_8_muscle
GSM3407477,PolyIC_MU_8h_2,Female,PolyIC,muscle,8,2,CB6F1,PolyIC_8_muscle
GSM3407478,PolyIC_MU_8h_3,Female,PolyIC,muscle,8,3,CB6F1,PolyIC_8_muscle
GSM3407479,PolyIC_MU_8h_4,Female,PolyIC,muscle,8,4,CB6F1,PolyIC_8_muscle
GSM3407480,PolyIC_MU_8h_5,Female,PolyIC,muscle,8,5,CB6F1,PolyIC_8_muscle
GSM3407481,SAL_MU_8h_1,Female,saline,muscle,8,1,CB6F1,saline_8_muscle
GSM3407482,SAL_MU_8h_2,Female,saline,muscle,8,2,CB6F1,saline_8_muscle
GSM3407483,SAL_MU_8h_3,Female,saline,muscle,8,3,CB6F1,saline_8_muscle
GSM3407484,SAL_MU_8h_4,Female,saline,muscle,8,4,CB6F1,saline_8_muscle
GSM3407485,SAL_MU_8h_5,Female,saline,muscle,8,5,CB6F1,saline_8_muscle
GSM3407486,TriFLU_MU_8h_1,Female,Agrippal,muscle,8,1,CB6F1,Agrippal_8_muscle
GSM3407487,TriFLU_MU_8h_2,Female,Agrippal,muscle,8,2,CB6F1,Agrippal_8_muscle
GSM3407488,TriFLU_MU_8h_3,Female,Agrippal,muscle,8,3,CB6F1,Agrippal_8_muscle
GSM3407489,TriFLU_MU_8h_4,Female,Agrippal,muscle,8,4,CB6F1,Agrippal_8_muscle
GSM3407490,TriFLU_MU_8h_5,Female,Agrippal,muscle,8,5,CB6F1,Agrippal_8_muscle
GSM3407491,TriFLU-MF59_MU_8h_1,Female,Fluad,muscle,8,1,CB6F1,Fluad_8_muscle
GSM3407492,TriFLU-MF59_MU_8h_2,Female,Fluad,muscle,8,2,CB6F1,Fluad_8_muscle
GSM3407493,TriFLU-MF59_MU_8h_3,Female,Fluad,muscle,8,3,CB6F1,Fluad_8_muscle
GSM3407494,TriFLU-MF59_MU_8h_4,Female,Fluad,muscle,8,4,CB6F1,Fluad_8_muscle
GSM3407495,TriFLU-MF59_MU_8h_5,Female,Fluad,muscle,8,5,CB6F1,Fluad_8_muscle
GSM3407496,ENG_BL_24h_1,Female,Engerix B,PBMC,24,1,CB6F1,Engerix B_24_PBMC
GSM3407497,ENG_BL_24h_2,Female,Engerix B,PBMC,24,2,CB6F1,Engerix B_24_PBMC
GSM3407498,ENG_BL_24h_3,Female,Engerix B,PBMC,24,3,CB6F1,Engerix B_24_PBMC
GSM3407499,ENG_BL_24h_4,Female,Engerix B,PBMC,24,4,CB6F1,Engerix B_24_PBMC
GSM3407500,ENG_BL_24h_5,Female,Engerix B,PBMC,24,5,CB6F1,Engerix B_24_PBMC
GSM3407501,IFA_BL_24h_1,Female,IFA,PBMC,24,1,CB6F1,IFA_24_PBMC
GSM3407502,IFA_BL_24h_2,Female,IFA,PBMC,24,2,CB6F1,IFA_24_PBMC
GSM3407503,IFA_BL_24h_3,Female,IFA,PBMC,24,3,CB6F1,IFA_24_PBMC
GSM3407504,IFA_BL_24h_4,Female,IFA,PBMC,24,4,CB6F1,IFA_24_PBMC
GSM3407505,IFA_BL_24h_5,Female,IFA,PBMC,24,5,CB6F1,IFA_24_PBMC
GSM3407506,LPS_BL_24h_1,Female,LPS,PBMC,24,1,CB6F1,LPS_24_PBMC
GSM3407507,LPS_BL_24h_2,Female,LPS,PBMC,24,2,CB6F1,LPS_24_PBMC
GSM3407508,LPS_BL_24h_3,Female,LPS,PBMC,24,3,CB6F1,LPS_24_PBMC
GSM3407509,LPS_BL_24h_4,Female,LPS,PBMC,24,4,CB6F1,LPS_24_PBMC
GSM3407510,LPS_BL_24h_5,Female,LPS,PBMC,24,5,CB6F1,LPS_24_PBMC
GSM3407511,PERT_BL_24h_1,Female,Pentavac SD,PBMC,24,1,CB6F1,Pentavac SD_24_PBMC
GSM3407512,PERT_BL_24h_2,Female,Pentavac SD,PBMC,24,2,CB6F1,Pentavac SD_24_PBMC
GSM3407513,PERT_BL_24h_3,Female,Pentavac SD,PBMC,24,3,CB6F1,Pentavac SD_24_PBMC
GSM3407514,PERT_BL_24h_4,Female,Pentavac SD,PBMC,24,4,CB6F1,Pentavac SD_24_PBMC
GSM3407515,PERT_BL_24h_5,Female,Pentavac SD,PBMC,24,5,CB6F1,Pentavac SD_24_PBMC
GSM3407516,PolyIC_BL_24h_1,Female,PolyIC,PBMC,24,1,CB6F1,PolyIC_24_PBMC
GSM3407517,PolyIC_BL_24h_2,Female,PolyIC,PBMC,24,2,CB6F1,PolyIC_24_PBMC
GSM3407518,PolyIC_BL_24h_3,Female,PolyIC,PBMC,24,3,CB6F1,PolyIC_24_PBMC
GSM3407519,PolyIC_BL_24h_4,Female,PolyIC,PBMC,24,4,CB6F1,PolyIC_24_PBMC
GSM3407520,PolyIC_BL_24h_5,Female,PolyIC,PBMC,24,5,CB6F1,PolyIC_24_PBMC
GSM3407521,SAL_BL_24h_1,Female,saline,PBMC,24,1,CB6F1,saline_24_PBMC
GSM3407522,SAL_BL_24h_2,Female,saline,PBMC,24,2,CB6F1,saline_24_PBMC
GSM3407523,SAL_BL_24h_3,Female,saline,PBMC,24,3,CB6F1,saline_24_PBMC
GSM3407524,SAL_BL_24h_4,Female,saline,PBMC,24,4,CB6F1,saline_24_PBMC
GSM3407525,SAL_BL_24h_5,Female,saline,PBMC,24,5,CB6F1,saline_24_PBMC
GSM3407526,TriFLU_BL_24h_1,Female,Agrippal,PBMC,24,1,CB6F1,Agrippal_24_PBMC
GSM3407527,TriFLU_BL_24h_2,Female,Agrippal,PBMC,24,2,CB6F1,Agrippal_24_PBMC
GSM3407528,TriFLU_BL_24h_3,Female,Agrippal,PBMC,24,3,CB6F1,Agrippal_24_PBMC
GSM3407529,TriFLU_BL_24h_4,Female,Agrippal,PBMC,24,4,CB6F1,Agrippal_24_PBMC
GSM3407530,TriFLU_BL_24h_5,Female,Agrippal,PBMC,24,5,CB6F1,Agrippal_24_PBMC
GSM3407531,TriFLU-MF59_BL_24h_1,Female,Fluad,PBMC,24,1,CB6F1,Fluad_24_PBMC
GSM3407532,TriFLU-MF59_BL_24h_2,Female,Fluad,PBMC,24,2,CB6F1,Fluad_24_PBMC
GSM3407533,TriFLU-MF59_BL_24h_3,Female,Fluad,PBMC,24,3,CB6F1,Fluad_24_PBMC
GSM3407534,TriFLU-MF59_BL_24h_4,Female,Fluad,PBMC,24,4,CB6F1,Fluad_24_PBMC
GSM3407535,TriFLU-MF59_BL_24h_5,Female,Fluad,PBMC,24,5,CB6F1,Fluad_24_PBMC
GSM3407536,ENG_MLN_24h_1,Female,Engerix B,draining medial iliac lymph nodes (MLN),24,1,CB6F1,Engerix B_24_draining medial iliac lymph nodes (MLN)
GSM3407537,ENG_MLN_24h_2,Female,Engerix B,draining medial iliac lymph nodes (MLN),24,2,CB6F1,Engerix B_24_draining medial iliac lymph nodes (MLN)
GSM3407538,ENG_MLN_24h_3,Female,Engerix B,draining medial iliac lymph nodes (MLN),24,3,CB6F1,Engerix B_24_draining medial iliac lymph nodes (MLN)
GSM3407539,ENG_MLN_24h_4,Female,Engerix B,draining medial iliac lymph nodes (MLN),24,4,CB6F1,Engerix B_24_draining medial iliac lymph nodes (MLN)
GSM3407540,ENG_MLN_24h_5,Female,Engerix B,draining medial iliac lymph nodes (MLN),24,5,CB6F1,Engerix B_24_draining medial iliac lymph nodes (MLN)
GSM3407541,IFA_MLN_24h_1,Female,IFA,draining medial iliac lymph nodes (MLN),24,1,CB6F1,IFA_24_draining medial iliac lymph nodes (MLN)
GSM3407542,IFA_MLN_24h_2,Female,IFA,draining medial iliac lymph nodes (MLN),24,2,CB6F1,IFA_24_draining medial iliac lymph nodes (MLN)
GSM3407543,IFA_MLN_24h_3,Female,IFA,draining medial iliac lymph nodes (MLN),24,3,CB6F1,IFA_24_draining medial iliac lymph nodes (MLN)
GSM3407544,IFA_MLN_24h_4,Female,IFA,draining medial iliac lymph nodes (MLN),24,4,CB6F1,IFA_24_draining medial iliac lymph nodes (MLN)
GSM3407545,IFA_MLN_24h_5,Female,IFA,draining medial iliac lymph nodes (MLN),24,5,CB6F1,IFA_24_draining medial iliac lymph nodes (MLN)
GSM3407546,LPS_MLN_24h_1,Female,LPS,draining medial iliac lymph nodes (MLN),24,1,CB6F1,LPS_24_draining medial iliac lymph nodes (MLN)
GSM3407547,LPS_MLN_24h_2,Female,LPS,draining medial iliac lymph nodes (MLN),24,2,CB6F1,LPS_24_draining medial iliac lymph nodes (MLN)
GSM3407548,LPS_MLN_24h_3,Female,LPS,draining medial iliac lymph nodes (MLN),24,3,CB6F1,LPS_24_draining medial iliac lymph nodes (MLN)
GSM3407549,LPS_MLN_24h_4,Female,LPS,draining medial iliac lymph nodes (MLN),24,4,CB6F1,LPS_24_draining medial iliac lymph nodes (MLN)
GSM3407550,LPS_MLN_24h_5,Female,LPS,draining medial iliac lymph nodes (MLN),24,5,CB6F1,LPS_24_draining medial iliac lymph nodes (MLN)
GSM3407551,PERT_MLN_24h_1,Female,Pentavac SD,draining medial iliac lymph nodes (MLN),24,1,CB6F1,Pentavac SD_24_draining medial iliac lymph nodes (MLN)
GSM3407552,PERT_MLN_24h_2,Female,Pentavac SD,draining medial iliac lymph nodes (MLN),24,2,CB6F1,Pentavac SD_24_draining medial iliac lymph nodes (MLN)
GSM3407553,PERT_MLN_24h_3,Female,Pentavac SD,draining medial iliac lymph nodes (MLN),24,3,CB6F1,Pentavac SD_24_draining medial iliac lymph nodes (MLN)
GSM3407554,PERT_MLN_24h_4,Female,Pentavac SD,draining medial iliac lymph nodes (MLN),24,4,CB6F1,Pentavac SD_24_draining medial iliac lymph nodes (MLN)
GSM3407555,PERT_MLN_24h_5,Female,Pentavac SD,draining medial iliac lymph nodes (MLN),24,5,CB6F1,Pentavac SD_24_draining medial iliac lymph nodes (MLN)
GSM3407556,PolyIC_MLN_24h_1,Female,PolyIC,draining medial iliac lymph nodes (MLN),24,1,CB6F1,PolyIC_24_draining medial iliac lymph nodes (MLN)
GSM3407557,PolyIC_MLN_24h_2,Female,PolyIC,draining medial iliac lymph nodes (MLN),24,2,CB6F1,PolyIC_24_draining medial iliac lymph nodes (MLN)
GSM3407558,PolyIC_MLN_24h_3,Female,PolyIC,draining medial iliac lymph nodes (MLN),24,3,CB6F1,PolyIC_24_draining medial iliac lymph nodes (MLN)
GSM3407559,PolyIC_MLN_24h_4,Female,PolyIC,draining medial iliac lymph nodes (MLN),24,4,CB6F1,PolyIC_24_draining medial iliac lymph nodes (MLN)
GSM3407560,PolyIC_MLN_24h_5,Female,PolyIC,draining medial iliac lymph nodes (MLN),24,5,CB6F1,PolyIC_24_draining medial iliac lymph nodes (MLN)
GSM3407561,SAL_MLN_24h_1,Female,saline,draining medial iliac lymph nodes (MLN),24,1,CB6F1,saline_24_draining medial iliac lymph nodes (MLN)
GSM3407562,SAL_MLN_24h_2,Female,saline,draining medial iliac lymph nodes (MLN),24,2,CB6F1,saline_24_draining medial iliac lymph nodes (MLN)
GSM3407563,SAL_MLN_24h_3,Female,saline,draining medial iliac lymph nodes (MLN),24,3,CB6F1,saline_24_draining medial iliac lymph nodes (MLN)
GSM3407564,SAL_MLN_24h_4,Female,saline,draining medial iliac lymph nodes (MLN),24,4,CB6F1,saline_24_draining medial iliac lymph nodes (MLN)
GSM3407565,SAL_MLN_24h_5,Female,saline,draining medial iliac lymph nodes (MLN),24,5,CB6F1,saline_24_draining medial iliac lymph nodes (MLN)
GSM3407566,TriFLU_MLN_24h_1,Female,Agrippal,draining medial iliac lymph nodes (MLN),24,1,CB6F1,Agrippal_24_draining medial iliac lymph nodes (MLN)
GSM3407567,TriFLU_MLN_24h_2,Female,Agrippal,draining medial iliac lymph nodes (MLN),24,2,CB6F1,Agrippal_24_draining medial iliac lymph nodes (MLN)
GSM3407568,TriFLU_MLN_24h_3,Female,Agrippal,draining medial iliac lymph nodes (MLN),24,3,CB6F1,Agrippal_24_draining medial iliac lymph nodes (MLN)
GSM3407569,TriFLU_MLN_24h_4,Female,Agrippal,draining medial iliac lymph nodes (MLN),24,4,CB6F1,Agrippal_24_draining medial iliac lymph nodes (MLN)
GSM3407570,TriFLU_MLN_24h_5,Female,Agrippal,draining medial iliac lymph nodes (MLN),24,5,CB6F1,Agrippal_24_draining medial iliac lymph nodes (MLN)
GSM3407571,TriFLU-MF59_MLN_24h_1,Female,Fluad,draining medial iliac lymph nodes (MLN),24,1,CB6F1,Fluad_24_draining medial iliac lymph nodes (MLN)
GSM3407572,TriFLU-MF59_MLN_24h_2,Female,Fluad,draining medial iliac lymph nodes (MLN),24,2,CB6F1,Fluad_24_draining medial iliac lymph nodes (MLN)
GSM3407573,TriFLU-MF59_MLN_24h_3,Female,Fluad,draining medial iliac lymph nodes (MLN),24,3,CB6F1,Fluad_24_draining medial iliac lymph nodes (MLN)
GSM3407574,TriFLU-MF59_MLN_24h_4,Female,Fluad,draining medial iliac lymph nodes (MLN),24,4,CB6F1,Fluad_24_draining medial iliac lymph nodes (MLN)
GSM3407575,TriFLU-MF59_MLN_24h_5,Female,Fluad,draining medial iliac lymph nodes (MLN),24,5,CB6F1,Fluad_24_draining medial iliac lymph nodes (MLN)
GSM3407576,ENG_MU_24h_1,Female,Engerix B,muscle,24,1,CB6F1,Engerix B_24_muscle
GSM3407577,ENG_MU_24h_2,Female,Engerix B,muscle,24,2,CB6F1,Engerix B_24_muscle
GSM3407578,ENG_MU_24h_3,Female,Engerix B,muscle,24,3,CB6F1,Engerix B_24_muscle
GSM3407579,ENG_MU_24h_4,Female,Engerix B,muscle,24,4,CB6F1,Engerix B_24_muscle
GSM3407580,ENG_MU_24h_5,Female,Engerix B,muscle,24,5,CB6F1,Engerix B_24_muscle
GSM3407581,IFA_MU_24h_1,Female,IFA,muscle,24,1,CB6F1,IFA_24_muscle
GSM3407582,IFA_MU_24h_2,Female,IFA,muscle,24,2,CB6F1,IFA_24_muscle
GSM3407583,IFA_MU_24h_3,Female,IFA,muscle,24,3,CB6F1,IFA_24_muscle
GSM3407584,IFA_MU_24h_4,Female,IFA,muscle,24,4,CB6F1,IFA_24_muscle
GSM3407585,IFA_MU_24h_5,Female,IFA,muscle,24,5,CB6F1,IFA_24_muscle
GSM3407586,LPS_MU_24h_1,Female,LPS,muscle,24,1,CB6F1,LPS_24_muscle
GSM3407587,LPS_MU_24h_2,Female,LPS,muscle,24,2,CB6F1,LPS_24_muscle
GSM3407588,LPS_MU_24h_3,Female,LPS,muscle,24,3,CB6F1,LPS_24_muscle
GSM3407589,LPS_MU_24h_4,Female,LPS,muscle,24,4,CB6F1,LPS_24_muscle
GSM3407590,LPS_MU_24h_5,Female,LPS,muscle,24,5,CB6F1,LPS_24_muscle
GSM3407591,PERT_MU_24h_1,Female,Pentavac SD,muscle,24,1,CB6F1,Pentavac SD_24_muscle
GSM3407592,PERT_MU_24h_2,Female,Pentavac SD,muscle,24,2,CB6F1,Pentavac SD_24_muscle
GSM3407593,PERT_MU_24h_3,Female,Pentavac SD,muscle,24,3,CB6F1,Pentavac SD_24_muscle
GSM3407594,PERT_MU_24h_4,Female,Pentavac SD,muscle,24,4,CB6F1,Pentavac SD_24_muscle
GSM3407595,PERT_MU_24h_5,Female,Pentavac SD,muscle,24,5,CB6F1,Pentavac SD_24_muscle
GSM3407596,PolyIC_MU_24h_1,Female,PolyIC,muscle,24,1,CB6F1,PolyIC_24_muscle
GSM3407597,PolyIC_MU_24h_2,Female,PolyIC,muscle,24,2,CB6F1,PolyIC_24_muscle
GSM3407598,PolyIC_MU_24h_3,Female,PolyIC,muscle,24,3,CB6F1,PolyIC_24_muscle
GSM3407599,PolyIC_MU_24h_4,Female,PolyIC,muscle,24,4,CB6F1,PolyIC_24_muscle
GSM3407600,PolyIC_MU_24h_5,Female,PolyIC,muscle,24,5,CB6F1,PolyIC_24_muscle
GSM3407601,SAL_MU_24h_1,Female,saline,muscle,24,1,CB6F1,saline_24_muscle
GSM3407602,SAL_MU_24h_2,Female,saline,muscle,24,2,CB6F1,saline_24_muscle
GSM3407603,SAL_MU_24h_3,Female,saline,muscle,24,3,CB6F1,saline_24_muscle
GSM3407604,SAL_MU_24h_4,Female,saline,muscle,24,4,CB6F1,saline_24_muscle
GSM3407605,SAL_MU_24h_5,Female,saline,muscle,24,5,CB6F1,saline_24_muscle
GSM3407606,TriFLU_MU_24h_1,Female,Agrippal,muscle,24,1,CB6F1,Agrippal_24_muscle
GSM3407607,TriFLU_MU_24h_2,Female,Agrippal,muscle,24,2,CB6F1,Agrippal_24_muscle
GSM3407608,TriFLU_MU_24h_3,Female,Agrippal,muscle,24,3,CB6F1,Agrippal_24_muscle
GSM3407609,TriFLU_MU_24h_4,Female,Agrippal,muscle,24,4,CB6F1,Agrippal_24_muscle
GSM3407610,TriFLU_MU_24h_5,Female,Agrippal,muscle,24,5,CB6F1,Agrippal_24_muscle
GSM3407611,TriFLU-MF59_MU_24h_1,Female,Fluad,muscle,24,1,CB6F1,Fluad_24_muscle
GSM3407612,TriFLU-MF59_MU_24h_2,Female,Fluad,muscle,24,2,CB6F1,Fluad_24_muscle
GSM3407613,TriFLU-MF59_MU_24h_3,Female,Fluad,muscle,24,3,CB6F1,Fluad_24_muscle
GSM3407614,TriFLU-MF59_MU_24h_4,Female,Fluad,muscle,24,4,CB6F1,Fluad_24_muscle
GSM3407615,TriFLU-MF59_MU_24h_5,Female,Fluad,muscle,24,5,CB6F1,Fluad_24_muscle
GSM3407616,ENG_BL_48h_1,Female,Engerix B,PBMC,48,1,CB6F1,Engerix B_48_PBMC
GSM3407617,ENG_BL_48h_2,Female,Engerix B,PBMC,48,2,CB6F1,Engerix B_48_PBMC
GSM3407618,ENG_BL_48h_3,Female,Engerix B,PBMC,48,3,CB6F1,Engerix B_48_PBMC
GSM3407619,ENG_BL_48h_4,Female,Engerix B,PBMC,48,4,CB6F1,Engerix B_48_PBMC
GSM3407620,ENG_BL_48h_5,Female,Engerix B,PBMC,48,5,CB6F1,Engerix B_48_PBMC
GSM3407621,IFA_BL_48h_1,Female,IFA,PBMC,48,1,CB6F1,IFA_48_PBMC
GSM3407622,IFA_BL_48h_2,Female,IFA,PBMC,48,2,CB6F1,IFA_48_PBMC
GSM3407623,IFA_BL_48h_3,Female,IFA,PBMC,48,3,CB6F1,IFA_48_PBMC
GSM3407624,IFA_BL_48h_4,Female,IFA,PBMC,48,4,CB6F1,IFA_48_PBMC
GSM3407625,IFA_BL_48h_5,Female,IFA,PBMC,48,5,CB6F1,IFA_48_PBMC
GSM3407626,LPS_BL_48h_1,Female,LPS,PBMC,48,1,CB6F1,LPS_48_PBMC
GSM3407627,LPS_BL_48h_2,Female,LPS,PBMC,48,2,CB6F1,LPS_48_PBMC
GSM3407628,LPS_BL_48h_3,Female,LPS,PBMC,48,3,CB6F1,LPS_48_PBMC
GSM3407629,LPS_BL_48h_4,Female,LPS,PBMC,48,4,CB6F1,LPS_48_PBMC
GSM3407630,PERT_BL_48h_1,Female,Pentavac SD,PBMC,48,1,CB6F1,Pentavac SD_48_PBMC
GSM3407631,PERT_BL_48h_2,Female,Pentavac SD,PBMC,48,2,CB6F1,Pentavac SD_48_PBMC
GSM3407632,PERT_BL_48h_3,Female,Pentavac SD,PBMC,48,3,CB6F1,Pentavac SD_48_PBMC
GSM3407633,PERT_BL_48h_4,Female,Pentavac SD,PBMC,48,4,CB6F1,Pentavac SD_48_PBMC
GSM3407634,PERT_BL_48h_5,Female,Pentavac SD,PBMC,48,5,CB6F1,Pentavac SD_48_PBMC
GSM3407635,PolyIC_BL_48h_1,Female,PolyIC,PBMC,48,1,CB6F1,PolyIC_48_PBMC
GSM3407636,PolyIC_BL_48h_2,Female,PolyIC,PBMC,48,2,CB6F1,PolyIC_48_PBMC
GSM3407637,PolyIC_BL_48h_3,Female,PolyIC,PBMC,48,3,CB6F1,PolyIC_48_PBMC
GSM3407638,PolyIC_BL_48h_4,Female,PolyIC,PBMC,48,4,CB6F1,PolyIC_48_PBMC
GSM3407639,PolyIC_BL_48h_5,Female,PolyIC,PBMC,48,5,CB6F1,PolyIC_48_PBMC
GSM3407640,SAL_BL_48h_1,Female,saline,PBMC,48,1,CB6F1,saline_48_PBMC
GSM3407641,SAL_BL_48h_2,Female,saline,PBMC,48,2,CB6F1,saline_48_PBMC
GSM3407642,SAL_BL_48h_3,Female,saline,PBMC,48,3,CB6F1,saline_48_PBMC
GSM3407643,SAL_BL_48h_4,Female,saline,PBMC,48,4,CB6F1,saline_48_PBMC
GSM3407644,SAL_BL_48h_5,Female,saline,PBMC,48,5,CB6F1,saline_48_PBMC
GSM3407645,TriFLU_BL_48h_1,Female,Agrippal,PBMC,48,1,CB6F1,Agrippal_48_PBMC
GSM3407646,TriFLU_BL_48h_2,Female,Agrippal,PBMC,48,2,CB6F1,Agrippal_48_PBMC
GSM3407647,TriFLU_BL_48h_3,Female,Agrippal,PBMC,48,3,CB6F1,Agrippal_48_PBMC
GSM3407648,TriFLU_BL_48h_4,Female,Agrippal,PBMC,48,4,CB6F1,Agrippal_48_PBMC
GSM3407649,TriFLU_BL_48h_5,Female,Agrippal,PBMC,48,5,CB6F1,Agrippal_48_PBMC
GSM3407650,TriFLU-MF59_BL_48h_1,Female,Fluad,PBMC,48,1,CB6F1,Fluad_48_PBMC
GSM3407651,TriFLU-MF59_BL_48h_2,Female,Fluad,PBMC,48,2,CB6F1,Fluad_48_PBMC
GSM3407652,TriFLU-MF59_BL_48h_3,Female,Fluad,PBMC,48,3,CB6F1,Fluad_48_PBMC
GSM3407653,TriFLU-MF59_BL_48h_4,Female,Fluad,PBMC,48,4,CB6F1,Fluad_48_PBMC
GSM3407654,TriFLU-MF59_BL_48h_5,Female,Fluad,PBMC,48,5,CB6F1,Fluad_48_PBMC
GSM3407655,ENG_MLN_48h_1,Female,Engerix B,draining medial iliac lymph nodes (MLN),48,1,CB6F1,Engerix B_48_draining medial iliac lymph nodes (MLN)
GSM3407656,ENG_MLN_48h_2,Female,Engerix B,draining medial iliac lymph nodes (MLN),48,2,CB6F1,Engerix B_48_draining medial iliac lymph nodes (MLN)
GSM3407657,ENG_MLN_48h_3,Female,Engerix B,draining medial iliac lymph nodes (MLN),48,3,CB6F1,Engerix B_48_draining medial iliac lymph nodes (MLN)
GSM3407658,ENG_MLN_48h_4,Female,Engerix B,draining medial iliac lymph nodes (MLN),48,4,CB6F1,Engerix B_48_draining medial iliac lymph nodes (MLN)
GSM3407659,ENG_MLN_48h_5,Female,Engerix B,draining medial iliac lymph nodes (MLN),48,5,CB6F1,Engerix B_48_draining medial iliac lymph nodes (MLN)
GSM3407660,IFA_MLN_48h_1,Female,IFA,draining medial iliac lymph nodes (MLN),48,1,CB6F1,IFA_48_draining medial iliac lymph nodes (MLN)
GSM3407661,IFA_MLN_48h_2,Female,IFA,draining medial iliac lymph nodes (MLN),48,2,CB6F1,IFA_48_draining medial iliac lymph nodes (MLN)
GSM3407662,IFA_MLN_48h_3,Female,IFA,draining medial iliac lymph nodes (MLN),48,3,CB6F1,IFA_48_draining medial iliac lymph nodes (MLN)
GSM3407663,IFA_MLN_48h_4,Female,IFA,draining medial iliac lymph nodes (MLN),48,4,CB6F1,IFA_48_draining medial iliac lymph nodes (MLN)
GSM3407664,IFA_MLN_48h_5,Female,IFA,draining medial iliac lymph nodes (MLN),48,5,CB6F1,IFA_48_draining medial iliac lymph nodes (MLN)
GSM3407665,LPS_MLN_48h_1,Female,LPS,draining medial iliac lymph nodes (MLN),48,1,CB6F1,LPS_48_draining medial iliac lymph nodes (MLN)
GSM3407666,LPS_MLN_48h_2,Female,LPS,draining medial iliac lymph nodes (MLN),48,2,CB6F1,LPS_48_draining medial iliac lymph nodes (MLN)
GSM3407667,LPS_MLN_48h_3,Female,LPS,draining medial iliac lymph nodes (MLN),48,3,CB6F1,LPS_48_draining medial iliac lymph nodes (MLN)
GSM3407668,LPS_MLN_48h_4,Female,LPS,draining medial iliac lymph nodes (MLN),48,4,CB6F1,LPS_48_draining medial iliac lymph nodes (MLN)
GSM3407669,LPS_MLN_48h_5,Female,LPS,draining medial iliac lymph nodes (MLN),48,5,CB6F1,LPS_48_draining medial iliac lymph nodes (MLN)
GSM3407670,PERT_MLN_48h_1,Female,Pentavac SD,draining medial iliac lymph nodes (MLN),48,1,CB6F1,Pentavac SD_48_draining medial iliac lymph nodes (MLN)
GSM3407671,PERT_MLN_48h_2,Female,Pentavac SD,draining medial iliac lymph nodes (MLN),48,2,CB6F1,Pentavac SD_48_draining medial iliac lymph nodes (MLN)
GSM3407672,PERT_MLN_48h_3,Female,Pentavac SD,draining medial iliac lymph nodes (MLN),48,3,CB6F1,Pentavac SD_48_draining medial iliac lymph nodes (MLN)
GSM3407673,PERT_MLN_48h_4,Female,Pentavac SD,draining medial iliac lymph nodes (MLN),48,4,CB6F1,Pentavac SD_48_draining medial iliac lymph nodes (MLN)
GSM3407674,PERT_MLN_48h_5,Female,Pentavac SD,draining medial iliac lymph nodes (MLN),48,5,CB6F1,Pentavac SD_48_draining medial iliac lymph nodes (MLN)
GSM3407675,PolyIC_MLN_48h_1,Female,PolyIC,draining medial iliac lymph nodes (MLN),48,1,CB6F1,PolyIC_48_draining medial iliac lymph nodes (MLN)
GSM3407676,PolyIC_MLN_48h_2,Female,PolyIC,draining medial iliac lymph nodes (MLN),48,2,CB6F1,PolyIC_48_draining medial iliac lymph nodes (MLN)
GSM3407677,PolyIC_MLN_48h_3,Female,PolyIC,draining medial iliac lymph nodes (MLN),48,3,CB6F1,PolyIC_48_draining medial iliac lymph nodes (MLN)
GSM3407678,PolyIC_MLN_48h_4,Female,PolyIC,draining medial iliac lymph nodes (MLN),48,4,CB6F1,PolyIC_48_draining medial iliac lymph nodes (MLN)
GSM3407679,PolyIC_MLN_48h_5,Female,PolyIC,draining medial iliac lymph nodes (MLN),48,5,CB6F1,PolyIC_48_draining medial iliac lymph nodes (MLN)
GSM3407680,SAL_MLN_48h_1,Female,saline,draining medial iliac lymph nodes (MLN),48,1,CB6F1,saline_48_draining medial iliac lymph nodes (MLN)
GSM3407681,SAL_MLN_48h_2,Female,saline,draining medial iliac lymph nodes (MLN),48,2,CB6F1,saline_48_draining medial iliac lymph nodes (MLN)
GSM3407682,SAL_MLN_48h_3,Female,saline,draining medial iliac lymph nodes (MLN),48,3,CB6F1,saline_48_draining medial iliac lymph nodes (MLN)
GSM3407683,SAL_MLN_48h_4,Female,saline,draining medial iliac lymph nodes (MLN),48,4,CB6F1,saline_48_draining medial iliac lymph nodes (MLN)
GSM3407684,SAL_MLN_48h_5,Female,saline,draining medial iliac lymph nodes (MLN),48,5,CB6F1,saline_48_draining medial iliac lymph nodes (MLN)
GSM3407685,TriFLU_MLN_48h_1,Female,Agrippal,draining medial iliac lymph nodes (MLN),48,1,CB6F1,Agrippal_48_draining medial iliac lymph nodes (MLN)
GSM3407686,TriFLU_MLN_48h_2,Female,Agrippal,draining medial iliac lymph nodes (MLN),48,2,CB6F1,Agrippal_48_draining medial iliac lymph nodes (MLN)
GSM3407687,TriFLU_MLN_48h_3,Female,Agrippal,draining medial iliac lymph nodes (MLN),48,3,CB6F1,Agrippal_48_draining medial iliac lymph nodes (MLN)
GSM3407688,TriFLU_MLN_48h_4,Female,Agrippal,draining medial iliac lymph nodes (MLN),48,4,CB6F1,Agrippal_48_draining medial iliac lymph nodes (MLN)
GSM3407689,TriFLU_MLN_48h_5,Female,Agrippal,draining medial iliac lymph nodes (MLN),48,5,CB6F1,Agrippal_48_draining medial iliac lymph nodes (MLN)
GSM3407690,TriFLU-MF59_MLN_48h_1,Female,Fluad,draining medial iliac lymph nodes (MLN),48,1,CB6F1,Fluad_48_draining medial iliac lymph nodes (MLN)
GSM3407691,TriFLU-MF59_MLN_48h_2,Female,Fluad,draining medial iliac lymph nodes (MLN),48,2,CB6F1,Fluad_48_draining medial iliac lymph nodes (MLN)
GSM3407692,TriFLU-MF59_MLN_48h_3,Female,Fluad,draining medial iliac lymph nodes (MLN),48,3,CB6F1,Fluad_48_draining medial iliac lymph nodes (MLN)
GSM3407693,TriFLU-MF59_MLN_48h_4,Female,Fluad,draining medial iliac lymph nodes (MLN),48,4,CB6F1,Fluad_48_draining medial iliac lymph nodes (MLN)
GSM3407694,TriFLU-MF59_MLN_48h_5,Female,Fluad,draining medial iliac lymph nodes (MLN),48,5,CB6F1,Fluad_48_draining medial iliac lymph nodes (MLN)
GSM3407695,ENG_MU_48h_1,Female,Engerix B,muscle,48,1,CB6F1,Engerix B_48_muscle
GSM3407696,ENG_MU_48h_2,Female,Engerix B,muscle,48,2,CB6F1,Engerix B_48_muscle
GSM3407697,ENG_MU_48h_3,Female,Engerix B,muscle,48,3,CB6F1,Engerix B_48_muscle
GSM3407698,ENG_MU_48h_4,Female,Engerix B,muscle,48,4,CB6F1,Engerix B_48_muscle
GSM3407699,ENG_MU_48h_5,Female,Engerix B,muscle,48,5,CB6F1,Engerix B_48_muscle
GSM3407700,IFA_MU_48h_1,Female,IFA,muscle,48,1,CB6F1,IFA_48_muscle
GSM3407701,IFA_MU_48h_2,Female,IFA,muscle,48,2,CB6F1,IFA_48_muscle
GSM3407702,IFA_MU_48h_3,Female,IFA,muscle,48,3,CB6F1,IFA_48_muscle
GSM3407703,IFA_MU_48h_4,Female,IFA,muscle,48,4,CB6F1,IFA_48_muscle
GSM3407704,IFA_MU_48h_5,Female,IFA,muscle,48,5,CB6F1,IFA_48_muscle
GSM3407705,LPS_MU_48h_1,Female,LPS,muscle,48,1,CB6F1,LPS_48_muscle
GSM3407706,LPS_MU_48h_2,Female,LPS,muscle,48,2,CB6F1,LPS_48_muscle
GSM3407707,LPS_MU_48h_3,Female,LPS,muscle,48,3,CB6F1,LPS_48_muscle
GSM3407708,LPS_MU_48h_4,Female,LPS,muscle,48,4,CB6F1,LPS_48_muscle
GSM3407709,LPS_MU_48h_5,Female,LPS,muscle,48,5,CB6F1,LPS_48_muscle
GSM3407710,PERT_MU_48h_1,Female,Pentavac SD,muscle,48,1,CB6F1,Pentavac SD_48_muscle
GSM3407711,PERT_MU_48h_2,Female,Pentavac SD,muscle,48,2,CB6F1,Pentavac SD_48_muscle
GSM3407712,PERT_MU_48h_3,Female,Pentavac SD,muscle,48,3,CB6F1,Pentavac SD_48_muscle
GSM3407713,PERT_MU_48h_4,Female,Pentavac SD,muscle,48,4,CB6F1,Pentavac SD_48_muscle
GSM3407714,PERT_MU_48h_5,Female,Pentavac SD,muscle,48,5,CB6F1,Pentavac SD_48_muscle
GSM3407715,PolyIC_MU_48h_1,Female,PolyIC,muscle,48,1,CB6F1,PolyIC_48_muscle
GSM3407716,PolyIC_MU_48h_2,Female,PolyIC,muscle,48,2,CB6F1,PolyIC_48_muscle
GSM3407717,PolyIC_MU_48h_3,Female,PolyIC,muscle,48,3,CB6F1,PolyIC_48_muscle
GSM3407718,PolyIC_MU_48h_4,Female,PolyIC,muscle,48,4,CB6F1,PolyIC_48_muscle
GSM3407719,PolyIC_MU_48h_5,Female,PolyIC,muscle,48,5,CB6F1,PolyIC_48_muscle
GSM3407720,SAL_MU_48h_1,Female,saline,muscle,48,1,CB6F1,saline_48_muscle
GSM3407721,SAL_MU_48h_2,Female,saline,muscle,48,2,CB6F1,saline_48_muscle
GSM3407722,SAL_MU_48h_3,Female,saline,muscle,48,3,CB6F1,saline_48_muscle
GSM3407723,SAL_MU_48h_4,Female,saline,muscle,48,4,CB6F1,saline_48_muscle
GSM3407724,SAL_MU_48h_5,Female,saline,muscle,48,5,CB6F1,saline_48_muscle
GSM3407725,TriFLU_MU_48h_1,Female,Agrippal,muscle,48,1,CB6F1,Agrippal_48_muscle
GSM3407726,TriFLU_MU_48h_2,Female,Agrippal,muscle,48,2,CB6F1,Agrippal_48_muscle
GSM3407727,TriFLU_MU_48h_3,Female,Agrippal,muscle,48,3,CB6F1,Agrippal_48_muscle
GSM3407728,TriFLU_MU_48h_4,Female,Agrippal,muscle,48,4,CB6F1,Agrippal_48_muscle
GSM3407729,TriFLU_MU_48h_5,Female,Agrippal,muscle,48,5,CB6F1,Agrippal_48_muscle
GSM3407730,TriFLU-MF59_MU_48h_1,Female,Fluad,muscle,48,1,CB6F1,Fluad_48_muscle
GSM3407731,TriFLU-MF59_MU_48h_2,Female,Fluad,muscle,48,2,CB6F1,Fluad_48_muscle
GSM3407732,TriFLU-MF59_MU_48h_3,Female,Fluad,muscle,48,3,CB6F1,Fluad_48_muscle
GSM3407733,TriFLU-MF59_MU_48h_4,Female,Fluad,muscle,48,4,CB6F1,Fluad_48_muscle
GSM3407734,TriFLU-MF59_MU_48h_5,Female,Fluad,muscle,48,5,CB6F1,Fluad_48_muscle
GSM3407735,ENG_BL_72h_1,Female,Engerix B,PBMC,72,1,CB6F1,Engerix B_72_PBMC
GSM3407736,ENG_BL_72h_2,Female,Engerix B,PBMC,72,2,CB6F1,Engerix B_72_PBMC
GSM3407737,ENG_BL_72h_3,Female,Engerix B,PBMC,72,3,CB6F1,Engerix B_72_PBMC
GSM3407738,ENG_BL_72h_4,Female,Engerix B,PBMC,72,4,CB6F1,Engerix B_72_PBMC
GSM3407739,ENG_BL_72h_5,Female,Engerix B,PBMC,72,5,CB6F1,Engerix B_72_PBMC
GSM3407740,IFA_BL_72h_1,Female,IFA,PBMC,72,1,CB6F1,IFA_72_PBMC
GSM3407741,IFA_BL_72h_2,Female,IFA,PBMC,72,2,CB6F1,IFA_72_PBMC
GSM3407742,IFA_BL_72h_3,Female,IFA,PBMC,72,3,CB6F1,IFA_72_PBMC
GSM3407743,IFA_BL_72h_4,Female,IFA,PBMC,72,4,CB6F1,IFA_72_PBMC
GSM3407744,IFA_BL_72h_5,Female,IFA,PBMC,72,5,CB6F1,IFA_72_PBMC
GSM3407745,LPS_BL_72h_1,Female,LPS,PBMC,72,1,CB6F1,LPS_72_PBMC
GSM3407746,LPS_BL_72h_2,Female,LPS,PBMC,72,2,CB6F1,LPS_72_PBMC
GSM3407747,LPS_BL_72h_3,Female,LPS,PBMC,72,3,CB6F1,LPS_72_PBMC
GSM3407748,LPS_BL_72h_4,Female,LPS,PBMC,72,4,CB6F1,LPS_72_PBMC
GSM3407749,LPS_BL_72h_5,Female,LPS,PBMC,72,5,CB6F1,LPS_72_PBMC
GSM3407750,PERT_BL_72h_1,Female,Pentavac SD,PBMC,72,1,CB6F1,Pentavac SD_72_PBMC
GSM3407751,PERT_BL_72h_2,Female,Pentavac SD,PBMC,72,2,CB6F1,Pentavac SD_72_PBMC
GSM3407752,PERT_BL_72h_3,Female,Pentavac SD,PBMC,72,3,CB6F1,Pentavac SD_72_PBMC
GSM3407753,PERT_BL_72h_4,Female,Pentavac SD,PBMC,72,4,CB6F1,Pentavac SD_72_PBMC
GSM3407754,PERT_BL_72h_5,Female,Pentavac SD,PBMC,72,5,CB6F1,Pentavac SD_72_PBMC
GSM3407755,PolyIC_BL_72h_1,Female,PolyIC,PBMC,72,1,CB6F1,PolyIC_72_PBMC
GSM3407756,PolyIC_BL_72h_2,Female,PolyIC,PBMC,72,2,CB6F1,PolyIC_72_PBMC
GSM3407757,PolyIC_BL_72h_3,Female,PolyIC,PBMC,72,3,CB6F1,PolyIC_72_PBMC
GSM3407758,PolyIC_BL_72h_4,Female,PolyIC,PBMC,72,4,CB6F1,PolyIC_72_PBMC
GSM3407759,PolyIC_BL_72h_5,Female,PolyIC,PBMC,72,5,CB6F1,PolyIC_72_PBMC
GSM3407760,SAL_BL_72h_1,Female,saline,PBMC,72,1,CB6F1,saline_72_PBMC
GSM3407761,SAL_BL_72h_2,Female,saline,PBMC,72,2,CB6F1,saline_72_PBMC
GSM3407762,SAL_BL_72h_3,Female,saline,PBMC,72,3,CB6F1,saline_72_PBMC
GSM3407763,SAL_BL_72h_4,Female,saline,PBMC,72,4,CB6F1,saline_72_PBMC
GSM3407764,SAL_BL_72h_5,Female,saline,PBMC,72,5,CB6F1,saline_72_PBMC
GSM3407765,TriFLU_BL_72h_1,Female,Agrippal,PBMC,72,1,CB6F1,Agrippal_72_PBMC
GSM3407766,TriFLU_BL_72h_2,Female,Agrippal,PBMC,72,2,CB6F1,Agrippal_72_PBMC
GSM3407767,TriFLU_BL_72h_3,Female,Agrippal,PBMC,72,3,CB6F1,Agrippal_72_PBMC
GSM3407768,TriFLU_BL_72h_4,Female,Agrippal,PBMC,72,4,CB6F1,Agrippal_72_PBMC
GSM3407769,TriFLU_BL_72h_5,Female,Agrippal,PBMC,72,5,CB6F1,Agrippal_72_PBMC
GSM3407770,TriFLU-MF59_BL_72h_1,Female,Fluad,PBMC,72,1,CB6F1,Fluad_72_PBMC
GSM3407771,TriFLU-MF59_BL_72h_2,Female,Fluad,PBMC,72,2,CB6F1,Fluad_72_PBMC
GSM3407772,TriFLU-MF59_BL_72h_3,Female,Fluad,PBMC,72,3,CB6F1,Fluad_72_PBMC
GSM3407773,TriFLU-MF59_BL_72h_4,Female,Fluad,PBMC,72,4,CB6F1,Fluad_72_PBMC
GSM3407774,TriFLU-MF59_BL_72h_5,Female,Fluad,PBMC,72,5,CB6F1,Fluad_72_PBMC
GSM3407775,ENG_MLN_72h_1,Female,Engerix B,draining medial iliac lymph nodes (MLN),72,1,CB6F1,Engerix B_72_draining medial iliac lymph nodes (MLN)
GSM3407776,ENG_MLN_72h_2,Female,Engerix B,draining medial iliac lymph nodes (MLN),72,2,CB6F1,Engerix B_72_draining medial iliac lymph nodes (MLN)
GSM3407777,ENG_MLN_72h_3,Female,Engerix B,draining medial iliac lymph nodes (MLN),72,3,CB6F1,Engerix B_72_draining medial iliac lymph nodes (MLN)
GSM3407778,ENG_MLN_72h_4,Female,Engerix B,draining medial iliac lymph nodes (MLN),72,4,CB6F1,Engerix B_72_draining medial iliac lymph nodes (MLN)
GSM3407779,ENG_MLN_72h_5,Female,Engerix B,draining medial iliac lymph nodes (MLN),72,5,CB6F1,Engerix B_72_draining medial iliac lymph nodes (MLN)
GSM3407780,IFA_MLN_72h_1,Female,IFA,draining medial iliac lymph nodes (MLN),72,1,CB6F1,IFA_72_draining medial iliac lymph nodes (MLN)
GSM3407781,IFA_MLN_72h_2,Female,IFA,draining medial iliac lymph nodes (MLN),72,2,CB6F1,IFA_72_draining medial iliac lymph nodes (MLN)
GSM3407782,IFA_MLN_72h_3,Female,IFA,draining medial iliac lymph nodes (MLN),72,3,CB6F1,IFA_72_draining medial iliac lymph nodes (MLN)
GSM3407783,IFA_MLN_72h_4,Female,IFA,draining medial iliac lymph nodes (MLN),72,4,CB6F1,IFA_72_draining medial iliac lymph nodes (MLN)
GSM3407784,IFA_MLN_72h_5,Female,IFA,draining medial iliac lymph nodes (MLN),72,5,CB6F1,IFA_72_draining medial iliac lymph nodes (MLN)
GSM3407785,LPS_MLN_72h_1,Female,LPS,draining medial iliac lymph nodes (MLN),72,1,CB6F1,LPS_72_draining medial iliac lymph nodes (MLN)
GSM3407786,LPS_MLN_72h_2,Female,LPS,draining medial iliac lymph nodes (MLN),72,2,CB6F1,LPS_72_draining medial iliac lymph nodes (MLN)
GSM3407787,LPS_MLN_72h_3,Female,LPS,draining medial iliac lymph nodes (MLN),72,3,CB6F1,LPS_72_draining medial iliac lymph nodes (MLN)
GSM3407788,LPS_MLN_72h_4,Female,LPS,draining medial iliac lymph nodes (MLN),72,4,CB6F1,LPS_72_draining medial iliac lymph nodes (MLN)
GSM3407789,LPS_MLN_72h_5,Female,LPS,draining medial iliac lymph nodes (MLN),72,5,CB6F1,LPS_72_draining medial iliac lymph nodes (MLN)
GSM3407790,PERT_MLN_72h_1,Female,Pentavac SD,draining medial iliac lymph nodes (MLN),72,1,CB6F1,Pentavac SD_72_draining medial iliac lymph nodes (MLN)
GSM3407791,PERT_MLN_72h_2,Female,Pentavac SD,draining medial iliac lymph nodes (MLN),72,2,CB6F1,Pentavac SD_72_draining medial iliac lymph nodes (MLN)
GSM3407792,PERT_MLN_72h_3,Female,Pentavac SD,draining medial iliac lymph nodes (MLN),72,3,CB6F1,Pentavac SD_72_draining medial iliac lymph nodes (MLN)
GSM3407793,PERT_MLN_72h_4,Female,Pentavac SD,draining medial iliac lymph nodes (MLN),72,4,CB6F1,Pentavac SD_72_draining medial iliac lymph nodes (MLN)
GSM3407794,PERT_MLN_72h_5,Female,Pentavac SD,draining medial iliac lymph nodes (MLN),72,5,CB6F1,Pentavac SD_72_draining medial iliac lymph nodes (MLN)
GSM3407795,PolyIC_MLN_72h_1,Female,PolyIC,draining medial iliac lymph nodes (MLN),72,1,CB6F1,PolyIC_72_draining medial iliac lymph nodes (MLN)
GSM3407796,PolyIC_MLN_72h_2,Female,PolyIC,draining medial iliac lymph nodes (MLN),72,2,CB6F1,PolyIC_72_draining medial iliac lymph nodes (MLN)
GSM3407797,PolyIC_MLN_72h_3,Female,PolyIC,draining medial iliac lymph nodes (MLN),72,3,CB6F1,PolyIC_72_draining medial iliac lymph nodes (MLN)
GSM3407798,PolyIC_MLN_72h_4,Female,PolyIC,draining medial iliac lymph nodes (MLN),72,4,CB6F1,PolyIC_72_draining medial iliac lymph nodes (MLN)
GSM3407799,PolyIC_MLN_72h_5,Female,PolyIC,draining medial iliac lymph nodes (MLN),72,5,CB6F1,PolyIC_72_draining medial iliac lymph nodes (MLN)
GSM3407800,SAL_MLN_72h_1,Female,saline,draining medial iliac lymph nodes (MLN),72,1,CB6F1,saline_72_draining medial iliac lymph nodes (MLN)
GSM3407801,SAL_MLN_72h_2,Female,saline,draining medial iliac lymph nodes (MLN),72,2,CB6F1,saline_72_draining medial iliac lymph nodes (MLN)
GSM3407802,SAL_MLN_72h_3,Female,saline,draining medial iliac lymph nodes (MLN),72,3,CB6F1,saline_72_draining medial iliac lymph nodes (MLN)
GSM3407803,SAL_MLN_72h_4,Female,saline,draining medial iliac lymph nodes (MLN),72,4,CB6F1,saline_72_draining medial iliac lymph nodes (MLN)
GSM3407804,SAL_MLN_72h_5,Female,saline,draining medial iliac lymph nodes (MLN),72,5,CB6F1,saline_72_draining medial iliac lymph nodes (MLN)
GSM3407805,TriFLU_MLN_72h_1,Female,Agrippal,draining medial iliac lymph nodes (MLN),72,1,CB6F1,Agrippal_72_draining medial iliac lymph nodes (MLN)
GSM3407806,TriFLU_MLN_72h_2,Female,Agrippal,draining medial iliac lymph nodes (MLN),72,2,CB6F1,Agrippal_72_draining medial iliac lymph nodes (MLN)
GSM3407807,TriFLU_MLN_72h_3,Female,Agrippal,draining medial iliac lymph nodes (MLN),72,3,CB6F1,Agrippal_72_draining medial iliac lymph nodes (MLN)
GSM3407808,TriFLU_MLN_72h_4,Female,Agrippal,draining medial iliac lymph nodes (MLN),72,4,CB6F1,Agrippal_72_draining medial iliac lymph nodes (MLN)
GSM3407809,TriFLU_MLN_72h_5,Female,Agrippal,draining medial iliac lymph nodes (MLN),72,5,CB6F1,Agrippal_72_draining medial iliac lymph nodes (MLN)
GSM3407810,TriFLU-MF59_MLN_72h_1,Female,Fluad,draining medial iliac lymph nodes (MLN),72,1,CB6F1,Fluad_72_draining medial iliac lymph nodes (MLN)
GSM3407811,TriFLU-MF59_MLN_72h_2,Female,Fluad,draining medial iliac lymph nodes (MLN),72,2,CB6F1,Fluad_72_draining medial iliac lymph nodes (MLN)
GSM3407812,TriFLU-MF59_MLN_72h_3,Female,Fluad,draining medial iliac lymph nodes (MLN),72,3,CB6F1,Fluad_72_draining medial iliac lymph nodes (MLN)
GSM3407813,TriFLU-MF59_MLN_72h_4,Female,Fluad,draining medial iliac lymph nodes (MLN),72,4,CB6F1,Fluad_72_draining medial iliac lymph nodes (MLN)
GSM3407814,TriFLU-MF59_MLN_72h_5,Female,Fluad,draining medial iliac lymph nodes (MLN),72,5,CB6F1,Fluad_72_draining medial iliac lymph nodes (MLN)
GSM3407815,ENG_MU_72h_1,Female,Engerix B,muscle,72,1,CB6F1,Engerix B_72_muscle
GSM3407816,ENG_MU_72h_2,Female,Engerix B,muscle,72,2,CB6F1,Engerix B_72_muscle
GSM3407817,ENG_MU_72h_3,Female,Engerix B,muscle,72,3,CB6F1,Engerix B_72_muscle
GSM3407818,ENG_MU_72h_4,Female,Engerix B,muscle,72,4,CB6F1,Engerix B_72_muscle
GSM3407819,ENG_MU_72h_5,Female,Engerix B,muscle,72,5,CB6F1,Engerix B_72_muscle
GSM3407820,IFA_MU_72h_1,Female,IFA,muscle,72,1,CB6F1,IFA_72_muscle
GSM3407821,IFA_MU_72h_2,Female,IFA,muscle,72,2,CB6F1,IFA_72_muscle
GSM3407822,IFA_MU_72h_3,Female,IFA,muscle,72,3,CB6F1,IFA_72_muscle
GSM3407823,IFA_MU_72h_4,Female,IFA,muscle,72,4,CB6F1,IFA_72_muscle
GSM3407824,IFA_MU_72h_5,Female,IFA,muscle,72,5,CB6F1,IFA_72_muscle
GSM3407825,LPS_MU_72h_1,Female,LPS,muscle,72,1,CB6F1,LPS_72_muscle
GSM3407826,LPS_MU_72h_2,Female,LPS,muscle,72,2,CB6F1,LPS_72_muscle
GSM3407827,LPS_MU_72h_3,Female,LPS,muscle,72,3,CB6F1,LPS_72_muscle
GSM3407828,LPS_MU_72h_4,Female,LPS,muscle,72,4,CB6F1,LPS_72_muscle
GSM3407829,LPS_MU_72h_5,Female,LPS,muscle,72,5,CB6F1,LPS_72_muscle
GSM3407830,PERT_MU_72h_1,Female,Pentavac SD,muscle,72,1,CB6F1,Pentavac SD_72_muscle
GSM3407831,PERT_MU_72h_2,Female,Pentavac SD,muscle,72,2,CB6F1,Pentavac SD_72_muscle
GSM3407832,PERT_MU_72h_3,Female,Pentavac SD,muscle,72,3,CB6F1,Pentavac SD_72_muscle
GSM3407833,PERT_MU_72h_4,Female,Pentavac SD,muscle,72,4,CB6F1,Pentavac SD_72_muscle
GSM3407834,PERT_MU_72h_5,Female,Pentavac SD,muscle,72,5,CB6F1,Pentavac SD_72_muscle
GSM3407835,PolyIC_MU_72h_1,Female,PolyIC,muscle,72,1,CB6F1,PolyIC_72_muscle
GSM3407836,PolyIC_MU_72h_2,Female,PolyIC,muscle,72,2,CB6F1,PolyIC_72_muscle
GSM3407837,PolyIC_MU_72h_3,Female,PolyIC,muscle,72,3,CB6F1,PolyIC_72_muscle
GSM3407838,PolyIC_MU_72h_4,Female,PolyIC,muscle,72,4,CB6F1,PolyIC_72_muscle
GSM3407839,PolyIC_MU_72h_5,Female,PolyIC,muscle,72,5,CB6F1,PolyIC_72_muscle
GSM3407840,SAL_MU_72h_1,Female,saline,muscle,72,1,CB6F1,saline_72_muscle
GSM3407841,SAL_MU_72h_2,Female,saline,muscle,72,2,CB6F1,saline_72_muscle
GSM3407842,SAL_MU_72h_3,Female,saline,muscle,72,3,CB6F1,saline_72_muscle
GSM3407843,SAL_MU_72h_4,Female,saline,muscle,72,4,CB6F1,saline_72_muscle
GSM3407844,SAL_MU_72h_5,Female,saline,muscle,72,5,CB6F1,saline_72_muscle
GSM3407845,TriFLU_MU_72h_1,Female,Agrippal,muscle,72,1,CB6F1,Agrippal_72_muscle
GSM3407846,TriFLU_MU_72h_2,Female,Agrippal,muscle,72,2,CB6F1,Agrippal_72_muscle
GSM3407847,TriFLU_MU_72h_3,Female,Agrippal,muscle,72,3,CB6F1,Agrippal_72_muscle
GSM3407848,TriFLU_MU_72h_4,Female,Agrippal,muscle,72,4,CB6F1,Agrippal_72_muscle
GSM3407849,TriFLU_MU_72h_5,Female,Agrippal,muscle,72,5,CB6F1,Agrippal_72_muscle
GSM3407850,TriFLU-MF59_MU_72h_1,Female,Fluad,muscle,72,1,CB6F1,Fluad_72_muscle
GSM3407851,TriFLU-MF59_MU_72h_2,Female,Fluad,muscle,72,2,CB6F1,Fluad_72_muscle
GSM3407852,TriFLU-MF59_MU_72h_3,Female,Fluad,muscle,72,3,CB6F1,Fluad_72_muscle
GSM3407853,TriFLU-MF59_MU_72h_4,Female,Fluad,muscle,72,4,CB6F1,Fluad_72_muscle
GSM3407854,TriFLU-MF59_MU_72h_5,Female,Fluad,muscle,72,5,CB6F1,Fluad_72_muscle
GSM3407855,ENG_BL_168h_1,Female,Engerix B,PBMC,168,1,CB6F1,Engerix B_168_PBMC
GSM3407856,ENG_BL_168h_2,Female,Engerix B,PBMC,168,2,CB6F1,Engerix B_168_PBMC
GSM3407857,ENG_BL_168h_3,Female,Engerix B,PBMC,168,3,CB6F1,Engerix B_168_PBMC
GSM3407858,ENG_BL_168h_4,Female,Engerix B,PBMC,168,4,CB6F1,Engerix B_168_PBMC
GSM3407859,ENG_BL_168h_5,Female,Engerix B,PBMC,168,5,CB6F1,Engerix B_168_PBMC
GSM3407860,IFA_BL_168h_1,Female,IFA,PBMC,168,1,CB6F1,IFA_168_PBMC
GSM3407861,IFA_BL_168h_2,Female,IFA,PBMC,168,2,CB6F1,IFA_168_PBMC
GSM3407862,IFA_BL_168h_3,Female,IFA,PBMC,168,3,CB6F1,IFA_168_PBMC
GSM3407863,IFA_BL_168h_4,Female,IFA,PBMC,168,4,CB6F1,IFA_168_PBMC
GSM3407864,IFA_BL_168h_5,Female,IFA,PBMC,168,5,CB6F1,IFA_168_PBMC
GSM3407865,LPS_BL_168h_1,Female,LPS,PBMC,168,1,CB6F1,LPS_168_PBMC
GSM3407866,LPS_BL_168h_2,Female,LPS,PBMC,168,2,CB6F1,LPS_168_PBMC
GSM3407867,LPS_BL_168h_3,Female,LPS,PBMC,168,3,CB6F1,LPS_168_PBMC
GSM3407868,LPS_BL_168h_4,Female,LPS,PBMC,168,4,CB6F1,LPS_168_PBMC
GSM3407869,LPS_BL_168h_5,Female,LPS,PBMC,168,5,CB6F1,LPS_168_PBMC
GSM3407870,PERT_BL_168h_1,Female,Pentavac SD,PBMC,168,1,CB6F1,Pentavac SD_168_PBMC
GSM3407871,PERT_BL_168h_2,Female,Pentavac SD,PBMC,168,2,CB6F1,Pentavac SD_168_PBMC
GSM3407872,PERT_BL_168h_3,Female,Pentavac SD,PBMC,168,3,CB6F1,Pentavac SD_168_PBMC
GSM3407873,PERT_BL_168h_4,Female,Pentavac SD,PBMC,168,4,CB6F1,Pentavac SD_168_PBMC
GSM3407874,PERT_BL_168h_5,Female,Pentavac SD,PBMC,168,5,CB6F1,Pentavac SD_168_PBMC
GSM3407875,PolyIC_BL_168h_1,Female,PolyIC,PBMC,168,1,CB6F1,PolyIC_168_PBMC
GSM3407876,PolyIC_BL_168h_2,Female,PolyIC,PBMC,168,2,CB6F1,PolyIC_168_PBMC
GSM3407877,PolyIC_BL_168h_3,Female,PolyIC,PBMC,168,3,CB6F1,PolyIC_168_PBMC
GSM3407878,PolyIC_BL_168h_4,Female,PolyIC,PBMC,168,4,CB6F1,PolyIC_168_PBMC
GSM3407879,PolyIC_BL_168h_5,Female,PolyIC,PBMC,168,5,CB6F1,PolyIC_168_PBMC
GSM3407880,SAL_BL_168h_1,Female,saline,PBMC,168,1,CB6F1,saline_168_PBMC
GSM3407881,SAL_BL_168h_2,Female,saline,PBMC,168,2,CB6F1,saline_168_PBMC
GSM3407882,SAL_BL_168h_3,Female,saline,PBMC,168,3,CB6F1,saline_168_PBMC
GSM3407883,SAL_BL_168h_4,Female,saline,PBMC,168,4,CB6F1,saline_168_PBMC
GSM3407884,SAL_BL_168h_5,Female,saline,PBMC,168,5,CB6F1,saline_168_PBMC
GSM3407885,TriFLU_BL_168h_1,Female,Agrippal,PBMC,168,1,CB6F1,Agrippal_168_PBMC
GSM3407886,TriFLU_BL_168h_2,Female,Agrippal,PBMC,168,2,CB6F1,Agrippal_168_PBMC
GSM3407887,TriFLU_BL_168h_3,Female,Agrippal,PBMC,168,3,CB6F1,Agrippal_168_PBMC
GSM3407888,TriFLU_BL_168h_4,Female,Agrippal,PBMC,168,4,CB6F1,Agrippal_168_PBMC
GSM3407889,TriFLU_BL_168h_5,Female,Agrippal,PBMC,168,5,CB6F1,Agrippal_168_PBMC
GSM3407890,TriFLU-MF59_BL_168h_1,Female,Fluad,PBMC,168,1,CB6F1,Fluad_168_PBMC
GSM3407891,TriFLU-MF59_BL_168h_2,Female,Fluad,PBMC,168,2,CB6F1,Fluad_168_PBMC
GSM3407892,TriFLU-MF59_BL_168h_3,Female,Fluad,PBMC,168,3,CB6F1,Fluad_168_PBMC
GSM3407893,TriFLU-MF59_BL_168h_4,Female,Fluad,PBMC,168,4,CB6F1,Fluad_168_PBMC
GSM3407894,TriFLU-MF59_BL_168h_5,Female,Fluad,PBMC,168,5,CB6F1,Fluad_168_PBMC
GSM3407895,ENG_MLN_168h_1,Female,Engerix B,draining medial iliac lymph nodes (MLN),168,1,CB6F1,Engerix B_168_draining medial iliac lymph nodes (MLN)
GSM3407896,ENG_MLN_168h_2,Female,Engerix B,draining medial iliac lymph nodes (MLN),168,2,CB6F1,Engerix B_168_draining medial iliac lymph nodes (MLN)
GSM3407897,ENG_MLN_168h_3,Female,Engerix B,draining medial iliac lymph nodes (MLN),168,3,CB6F1,Engerix B_168_draining medial iliac lymph nodes (MLN)
GSM3407898,ENG_MLN_168h_4,Female,Engerix B,draining medial iliac lymph nodes (MLN),168,4,CB6F1,Engerix B_168_draining medial iliac lymph nodes (MLN)
GSM3407899,ENG_MLN_168h_5,Female,Engerix B,draining medial iliac lymph nodes (MLN),168,5,CB6F1,Engerix B_168_draining medial iliac lymph nodes (MLN)
GSM3407900,IFA_MLN_168h_1,Female,IFA,draining medial iliac lymph nodes (MLN),168,1,CB6F1,IFA_168_draining medial iliac lymph nodes (MLN)
GSM3407901,IFA_MLN_168h_2,Female,IFA,draining medial iliac lymph nodes (MLN),168,2,CB6F1,IFA_168_draining medial iliac lymph nodes (MLN)
GSM3407902,IFA_MLN_168h_3,Female,IFA,draining medial iliac lymph nodes (MLN),168,3,CB6F1,IFA_168_draining medial iliac lymph nodes (MLN)
GSM3407903,IFA_MLN_168h_4,Female,IFA,draining medial iliac lymph nodes (MLN),168,4,CB6F1,IFA_168_draining medial iliac lymph nodes (MLN)
GSM3407904,IFA_MLN_168h_5,Female,IFA,draining medial iliac lymph nodes (MLN),168,5,CB6F1,IFA_168_draining medial iliac lymph nodes (MLN)
GSM3407905,LPS_MLN_168h_1,Female,LPS,draining medial iliac lymph nodes (MLN),168,1,CB6F1,LPS_168_draining medial iliac lymph nodes (MLN)
GSM3407906,LPS_MLN_168h_2,Female,LPS,draining medial iliac lymph nodes (MLN),168,2,CB6F1,LPS_168_draining medial iliac lymph nodes (MLN)
GSM3407907,LPS_MLN_168h_3,Female,LPS,draining medial iliac lymph nodes (MLN),168,3,CB6F1,LPS_168_draining medial iliac lymph nodes (MLN)
GSM3407908,LPS_MLN_168h_4,Female,LPS,draining medial iliac lymph nodes (MLN),168,4,CB6F1,LPS_168_draining medial iliac lymph nodes (MLN)
GSM3407909,LPS_MLN_168h_5,Female,LPS,draining medial iliac lymph nodes (MLN),168,5,CB6F1,LPS_168_draining medial iliac lymph nodes (MLN)
GSM3407910,PERT_MLN_168h_1,Female,Pentavac SD,draining medial iliac lymph nodes (MLN),168,1,CB6F1,Pentavac SD_168_draining medial iliac lymph nodes (MLN)
GSM3407911,PERT_MLN_168h_2,Female,Pentavac SD,draining medial iliac lymph nodes (MLN),168,2,CB6F1,Pentavac SD_168_draining medial iliac lymph nodes (MLN)
GSM3407912,PERT_MLN_168h_3,Female,Pentavac SD,draining medial iliac lymph nodes (MLN),168,3,CB6F1,Pentavac SD_168_draining medial iliac lymph nodes (MLN)
GSM3407913,PERT_MLN_168h_4,Female,Pentavac SD,draining medial iliac lymph nodes (MLN),168,4,CB6F1,Pentavac SD_168_draining medial iliac lymph nodes (MLN)
GSM3407914,PERT_MLN_168h_5,Female,Pentavac SD,draining medial iliac lymph nodes (MLN),168,5,CB6F1,Pentavac SD_168_draining medial iliac lymph nodes (MLN)
GSM3407915,PolyIC_MLN_168h_1,Female,PolyIC,draining medial iliac lymph nodes (MLN),168,1,CB6F1,PolyIC_168_draining medial iliac lymph nodes (MLN)
GSM3407916,PolyIC_MLN_168h_2,Female,PolyIC,draining medial iliac lymph nodes (MLN),168,2,CB6F1,PolyIC_168_draining medial iliac lymph nodes (MLN)
GSM3407917,PolyIC_MLN_168h_3,Female,PolyIC,draining medial iliac lymph nodes (MLN),168,3,CB6F1,PolyIC_168_draining medial iliac lymph nodes (MLN)
GSM3407918,PolyIC_MLN_168h_4,Female,PolyIC,draining medial iliac lymph nodes (MLN),168,4,CB6F1,PolyIC_168_draining medial iliac lymph nodes (MLN)
GSM3407919,PolyIC_MLN_168h_5,Female,PolyIC,draining medial iliac lymph nodes (MLN),168,5,CB6F1,PolyIC_168_draining medial iliac lymph nodes (MLN)
GSM3407920,SAL_MLN_168h_1,Female,saline,draining medial iliac lymph nodes (MLN),168,1,CB6F1,saline_168_draining medial iliac lymph nodes (MLN)
GSM3407921,SAL_MLN_168h_2,Female,saline,draining medial iliac lymph nodes (MLN),168,2,CB6F1,saline_168_draining medial iliac lymph nodes (MLN)
GSM3407922,SAL_MLN_168h_3,Female,saline,draining medial iliac lymph nodes (MLN),168,3,CB6F1,saline_168_draining medial iliac lymph nodes (MLN)
GSM3407923,SAL_MLN_168h_4,Female,saline,draining medial iliac lymph nodes (MLN),168,4,CB6F1,saline_168_draining medial iliac lymph nodes (MLN)
GSM3407924,SAL_MLN_168h_5,Female,saline,draining medial iliac lymph nodes (MLN),168,5,CB6F1,saline_168_draining medial iliac lymph nodes (MLN)
GSM3407925,TriFLU_MLN_168h_1,Female,Agrippal,draining medial iliac lymph nodes (MLN),168,1,CB6F1,Agrippal_168_draining medial iliac lymph nodes (MLN)
GSM3407926,TriFLU_MLN_168h_2,Female,Agrippal,draining medial iliac lymph nodes (MLN),168,2,CB6F1,Agrippal_168_draining medial iliac lymph nodes (MLN)
GSM3407927,TriFLU_MLN_168h_3,Female,Agrippal,draining medial iliac lymph nodes (MLN),168,3,CB6F1,Agrippal_168_draining medial iliac lymph nodes (MLN)
GSM3407928,TriFLU_MLN_168h_4,Female,Agrippal,draining medial iliac lymph nodes (MLN),168,4,CB6F1,Agrippal_168_draining medial iliac lymph nodes (MLN)
GSM3407929,TriFLU_MLN_168h_5,Female,Agrippal,draining medial iliac lymph nodes (MLN),168,5,CB6F1,Agrippal_168_draining medial iliac lymph nodes (MLN)
GSM3407930,TriFLU-MF59_MLN_168h_1,Female,Fluad,draining medial iliac lymph nodes (MLN),168,1,CB6F1,Fluad_168_draining medial iliac lymph nodes (MLN)
GSM3407931,TriFLU-MF59_MLN_168h_2,Female,Fluad,draining medial iliac lymph nodes (MLN),168,2,CB6F1,Fluad_168_draining medial iliac lymph nodes (MLN)
GSM3407932,TriFLU-MF59_MLN_168h_3,Female,Fluad,draining medial iliac lymph nodes (MLN),168,3,CB6F1,Fluad_168_draining medial iliac lymph nodes (MLN)
GSM3407933,TriFLU-MF59_MLN_168h_4,Female,Fluad,draining medial iliac lymph nodes (MLN),168,4,CB6F1,Fluad_168_draining medial iliac lymph nodes (MLN)
GSM3407934,TriFLU-MF59_MLN_168h_5,Female,Fluad,draining medial iliac lymph nodes (MLN),168,5,CB6F1,Fluad_168_draining medial iliac lymph nodes (MLN)
GSM3407935,ENG_MU_168h_1,Female,Engerix B,muscle,168,1,CB6F1,Engerix B_168_muscle
GSM3407936,ENG_MU_168h_2,Female,Engerix B,muscle,168,2,CB6F1,Engerix B_168_muscle
GSM3407937,ENG_MU_168h_3,Female,Engerix B,muscle,168,3,CB6F1,Engerix B_168_muscle
GSM3407938,ENG_MU_168h_4,Female,Engerix B,muscle,168,4,CB6F1,Engerix B_168_muscle
GSM3407939,ENG_MU_168h_5,Female,Engerix B,muscle,168,5,CB6F1,Engerix B_168_muscle
GSM3407940,IFA_MU_168h_1,Female,IFA,muscle,168,1,CB6F1,IFA_168_muscle
GSM3407941,IFA_MU_168h_2,Female,IFA,muscle,168,2,CB6F1,IFA_168_muscle
GSM3407942,IFA_MU_168h_3,Female,IFA,muscle,168,3,CB6F1,IFA_168_muscle
GSM3407943,IFA_MU_168h_4,Female,IFA,muscle,168,4,CB6F1,IFA_168_muscle
GSM3407944,IFA_MU_168h_5,Female,IFA,muscle,168,5,CB6F1,IFA_168_muscle
GSM3407945,LPS_MU_168h_1,Female,LPS,muscle,168,1,CB6F1,LPS_168_muscle
GSM3407946,LPS_MU_168h_2,Female,LPS,muscle,168,2,CB6F1,LPS_168_muscle
GSM3407947,LPS_MU_168h_3,Female,LPS,muscle,168,3,CB6F1,LPS_168_muscle
GSM3407948,LPS_MU_168h_4,Female,LPS,muscle,168,4,CB6F1,LPS_168_muscle
GSM3407949,LPS_MU_168h_5,Female,LPS,muscle,168,5,CB6F1,LPS_168_muscle
GSM3407950,PERT_MU_168h_1,Female,Pentavac SD,muscle,168,1,CB6F1,Pentavac SD_168_muscle
GSM3407951,PERT_MU_168h_2,Female,Pentavac SD,muscle,168,2,CB6F1,Pentavac SD_168_muscle
GSM3407952,PERT_MU_168h_3,Female,Pentavac SD,muscle,168,3,CB6F1,Pentavac SD_168_muscle
GSM3407953,PERT_MU_168h_4,Female,Pentavac SD,muscle,168,4,CB6F1,Pentavac SD_168_muscle
GSM3407954,PERT_MU_168h_5,Female,Pentavac SD,muscle,168,5,CB6F1,Pentavac SD_168_muscle
GSM3407955,PolyIC_MU_168h_1,Female,PolyIC,muscle,168,1,CB6F1,PolyIC_168_muscle
GSM3407956,PolyIC_MU_168h_2,Female,PolyIC,muscle,168,2,CB6F1,PolyIC_168_muscle
GSM3407957,PolyIC_MU_168h_3,Female,PolyIC,muscle,168,3,CB6F1,PolyIC_168_muscle
GSM3407958,PolyIC_MU_168h_4,Female,PolyIC,muscle,168,4,CB6F1,PolyIC_168_muscle
GSM3407959,PolyIC_MU_168h_5,Female,PolyIC,muscle,168,5,CB6F1,PolyIC_168_muscle
GSM3407960,SAL_MU_168h_1,Female,saline,muscle,168,1,CB6F1,saline_168_muscle
GSM3407961,SAL_MU_168h_2,Female,saline,muscle,168,2,CB6F1,saline_168_muscle
GSM3407962,SAL_MU_168h_3,Female,saline,muscle,168,3,CB6F1,saline_168_muscle
GSM3407963,SAL_MU_168h_4,Female,saline,muscle,168,4,CB6F1,saline_168_muscle
GSM3407964,SAL_MU_168h_5,Female,saline,muscle,168,5,CB6F1,saline_168_muscle
GSM3407965,TriFLU_MU_168h_1,Female,Agrippal,muscle,168,1,CB6F1,Agrippal_168_muscle
GSM3407966,TriFLU_MU_168h_2,Female,Agrippal,muscle,168,2,CB6F1,Agrippal_168_muscle
GSM3407967,TriFLU_MU_168h_3,Female,Agrippal,muscle,168,3,CB6F1,Agrippal_168_muscle
GSM3407968,TriFLU_MU_168h_4,Female,Agrippal,muscle,168,4,CB6F1,Agrippal_168_muscle
GSM3407969,TriFLU_MU_168h_5,Female,Agrippal,muscle,168,5,CB6F1,Agrippal_168_muscle
GSM3407970,TriFLU-MF59_MU_168h_1,Female,Fluad,muscle,168,1,CB6F1,Fluad_168_muscle
GSM3407971,TriFLU-MF59_MU_168h_2,Female,Fluad,muscle,168,2,CB6F1,Fluad_168_muscle
GSM3407972,TriFLU-MF59_MU_168h_3,Female,Fluad,muscle,168,3,CB6F1,Fluad_168_muscle
GSM3407973,TriFLU-MF59_MU_168h_4,Female,Fluad,muscle,168,4,CB6F1,Fluad_168_muscle
GSM3407974,TriFLU-MF59_MU_168h_5,Female,Fluad,muscle,168,5,CB6F1,Fluad_168_muscle
