source,target,value,step_from,step_to,gse_ids
NA,None,1,0,1,GSE267045
adjuvant,Adjuvant,2,0,1,GSE180384;GSE189000
adjuvant,None,1,0,1,GSE112920
bacteria,Acinobacter baumannii,1,0,1,GSE141729
bacteria,Bovine crucellosis,1,0,1,GSE125765
bacteria,Brucella abortus,1,0,1,GSE121040
bacteria,Brucella melitensis,1,0,1,GSE254248
bacteria,Diphteria-Tetanus-Polio-Pertussis,1,0,1,GSE144218
bacteria,Francisella tularensis,1,0,1,GSE186408
bacteria,Klebsiella,3,0,1,GSE178385;GSE178385;GSE174849
bacteria,Klebsiella pneumoniae,2,0,1,GSE157382;GSE157382
bacteria,Listeria,1,0,1,GSE112741
bacteria,Neisseria meningitidis,9,0,1,GSE139529;GSE139529;GSE131914;GSE132199;GSE132199;GSE224584;GSE224584;GSE104337;GSE104337
bacteria,Pneumococcal,1,0,1,GSE173361
bacteria,Staphylococcus aureus,12,0,1,GSE193543;GSE193543;GSE193543;GSE193543;GSE193543;GSE193543;GSE193543;GSE193543;GSE193543;GSE193543;GSE193543;GSE193543
bacteria,Tetanus,1,0,1,GSE268421
bacteria,Tuberculosis,20,0,1,GSE164590;GSE100288;GSE100288;GSE226075;GSE244126;GSE261448;GSE212202;GSE212203;GSE213340;GSE213342;GSE212204;GSE135592;GSE135592;GSE135592;GSE261448;GSE139948;GSE139948;GSE264141;GSE264141;GSE264141
fungi,Blastomyces dermatitidis,2,0,1,GSE198466;GSE198466
fungi,Coccidioides posadasii,1,0,1,GSE133140
fungi,Cryptococcus neoformans,1,0,1,GSE271485
multiple,Multiple,3,0,1,GSE120661;GSE120661;GSE120661
protozoa,Leishmania donovani,1,0,1,GSE134661
protozoa,Leishmania infantum,1,0,1,GSE134661
protozoa,Malaria,2,0,1,GSE188659;GSE129133
protozoa,Plasmodium chabaudi (blood-stage),1,0,1,GSE111110
protozoa,Schistosome,5,0,1,GSE222444;GSE164094;GSE164094;GSE164094;GSE164094
virus,Ad26,4,0,1,GSE264344;GSE264344;GSE264344;GSE264344
virus,Andes virus,2,0,1,GSE240062;GSE240062
virus,ChAd,1,0,1,GSE207389
virus,Dengue virus,2,0,1,GSE154371;GSE154371
virus,HBV,1,0,1,GSE120661
virus,HIV,9,0,1,GSE198952;GSE165227;GSE165227;GSE165227;GSE165227;GSE288450;GSE288450;GSE288450;GSE288450
virus,Influenza,33,0,1,GSE195600;GSE160010;GSE195600;GSE120661;GSE120661;GSE195600;GSE101747;GSE205839;GSE205839;GSE205839;GSE205839;GSE205839;GSE205839;GSE134647;GSE134647;GSE134647;GSE134647;GSE101696;GSE182858;GSE182858;GSE182858;GSE182858;GSE182858;GSE182858;GSE182858;GSE182858;GSE289606;GSE198980;GSE198980;GSE198980;GSE198980;GSE279743;GSE279744
virus,LCMV,3,0,1,GSE107116;GSE160294;GSE161356
virus,MVA,1,0,1,GSE207389
virus,Norovirus,2,0,1,GSE279372;GSE279372
virus,RSV,2,0,1,GSE143617;GSE272499
virus,Rabies virus,1,0,1,GSE122637
virus,SARS-CoV-2,24,0,1,GSE167521;GSE292262;GSE179131;GSE217200;GSE282488;GSE282488;GSE282488;GSE217200;GSE260817;GSE173567;GSE223476;GSE223476;GSE223476;GSE223476;GSE155536;GSE150847;GSE227647;GSE223476;GSE223476;GSE223476;GSE223476;GSE261311;GSE201266;GSE201266
virus,Sindbis virus,1,0,1,GSE176203
virus,Smallpox,1,0,1,GSE225180
virus,Vaccinia,4,0,1,GSE165227;GSE165227;GSE165227;GSE165227
virus,Yellow fever,2,0,1,GSE179131;GSE180384
Acinobacter baumannii,Inactivated,1,1,2,GSE141729
Ad26,Viral vector,4,1,2,GSE264344;GSE264344;GSE264344;GSE264344
Adjuvant,Adjuvant,2,1,2,GSE180384;GSE189000
Andes virus,mRNA,2,1,2,GSE240062;GSE240062
Blastomyces dermatitidis,Subunit,2,1,2,GSE198466;GSE198466
Bovine crucellosis,Subunit,1,1,2,GSE125765
Brucella abortus,Attenuated,1,1,2,GSE121040
Brucella melitensis,Attenuated,1,1,2,GSE254248
ChAd,Viral vector,1,1,2,GSE207389
Coccidioides posadasii,Subunit,1,1,2,GSE133140
Cryptococcus neoformans,Attenuated,1,1,2,GSE271485
Dengue virus,Infection,1,1,2,GSE154371
Dengue virus,Subunit,1,1,2,GSE154371
Diphteria-Tetanus-Polio-Pertussis,Multiple,1,1,2,GSE144218
Francisella tularensis,Attenuated,1,1,2,GSE186408
HBV,VLP,1,1,2,GSE120661
HIV,Attenuated,4,1,2,GSE165227;GSE165227;GSE165227;GSE165227
HIV,Subunit,5,1,2,GSE198952;GSE288450;GSE288450;GSE288450;GSE288450
Influenza,Attenuated,1,1,2,GSE101696
Influenza,DNA,1,1,2,GSE101747
Influenza,Inactivated,23,1,2,GSE195600;GSE195600;GSE120661;GSE120661;GSE195600;GSE205839;GSE205839;GSE205839;GSE205839;GSE205839;GSE205839;GSE134647;GSE134647;GSE134647;GSE134647;GSE182858;GSE182858;GSE182858;GSE182858;GSE182858;GSE182858;GSE182858;GSE182858
Influenza,Infection,1,1,2,GSE289606
Influenza,Subunit,1,1,2,GSE160010
Influenza,Viral vector,4,1,2,GSE198980;GSE198980;GSE198980;GSE198980
Influenza,mRNA,2,1,2,GSE279743;GSE279744
Klebsiella,Inactivated,2,1,2,GSE178385;GSE178385
Klebsiella,Subunit,1,1,2,GSE174849
Klebsiella pneumoniae,Inactivated,2,1,2,GSE157382;GSE157382
LCMV,NA,2,1,2,GSE160294;GSE161356
LCMV,Viral vector,1,1,2,GSE107116
Leishmania donovani,Nanovaccine,1,1,2,GSE134661
Leishmania infantum,Nanovaccine,1,1,2,GSE134661
Listeria,Attenuated,1,1,2,GSE112741
MVA,Viral vector,1,1,2,GSE207389
Malaria,Attenuated,1,1,2,GSE129133
Malaria,Subunit,1,1,2,GSE188659
Multiple,Multiple,3,1,2,GSE120661;GSE120661;GSE120661
Neisseria meningitidis,Polysaccharide,2,1,2,GSE224584;GSE224584
Neisseria meningitidis,Subunit,5,1,2,GSE131914;GSE132199;GSE132199;GSE104337;GSE104337
Neisseria meningitidis,Viral vector,2,1,2,GSE139529;GSE139529
None,Adjuvant,1,1,2,GSE112920
None,mRNA,1,1,2,GSE267045
Norovirus,VLP,2,1,2,GSE279372;GSE279372
Plasmodium chabaudi (blood-stage),Infection,1,1,2,GSE111110
Pneumococcal,No information,1,1,2,GSE173361
RSV,Subunit,2,1,2,GSE143617;GSE272499
Rabies virus,Attenuated,1,1,2,GSE122637
SARS-CoV-2,Attenuated,1,1,2,GSE179131
SARS-CoV-2,DNA,2,1,2,GSE217200;GSE217200
SARS-CoV-2,Subunit,1,1,2,GSE261311
SARS-CoV-2,Viral vector,12,1,2,GSE282488;GSE282488;GSE173567;GSE223476;GSE223476;GSE223476;GSE223476;GSE227647;GSE223476;GSE223476;GSE223476;GSE223476
SARS-CoV-2,mRNA,8,1,2,GSE167521;GSE292262;GSE282488;GSE260817;GSE155536;GSE150847;GSE201266;GSE201266
Schistosome,Attenuated,5,1,2,GSE222444;GSE164094;GSE164094;GSE164094;GSE164094
Sindbis virus,Subunit,1,1,2,GSE176203
Smallpox,Attenuated,1,1,2,GSE225180
Staphylococcus aureus,Subunit,12,1,2,GSE193543;GSE193543;GSE193543;GSE193543;GSE193543;GSE193543;GSE193543;GSE193543;GSE193543;GSE193543;GSE193543;GSE193543
Tetanus,Toxoid,1,1,2,GSE268421
Tuberculosis,Attenuated,10,1,2,GSE244126;GSE261448;GSE212202;GSE212203;GSE213340;GSE213342;GSE212204;GSE261448;GSE139948;GSE139948
Tuberculosis,Attenuated//Inactivated,3,1,2,GSE135592;GSE135592;GSE135592
Tuberculosis,Infection,1,1,2,GSE164590
Tuberculosis,Subunit,1,1,2,GSE226075
Tuberculosis,Viral vector,5,1,2,GSE100288;GSE100288;GSE264141;GSE264141;GSE264141
Vaccinia,Attenuated,4,1,2,GSE165227;GSE165227;GSE165227;GSE165227
Yellow fever,Attenuated,2,1,2,GSE179131;GSE180384
Adjuvant,Adjuvant,3,2,3,GSE112920;GSE180384;GSE189000
Attenuated,BCG,9,2,3,GSE261448;GSE212202;GSE212203;GSE213340;GSE213342;GSE212204;GSE261448;GSE139948;GSE139948
Attenuated,Brucella abortus S19∆per mutan,1,2,3,GSE121040
Attenuated,"Cercarial, Whole",1,2,3,GSE222444
Attenuated,GP120 and GagPol,4,2,3,GSE165227;GSE165227;GSE165227;GSE165227
Attenuated,Listeria expressing OVA,1,2,3,GSE112741
Attenuated,NYVAC,4,2,3,GSE165227;GSE165227;GSE165227;GSE165227
Attenuated,P. chabaudi blood-stage,1,2,3,GSE129133
Attenuated,Spike,1,2,3,GSE179131
Attenuated,Whole,12,2,3,GSE186408;GSE225180;GSE271485;GSE244126;GSE122637;GSE164094;GSE164094;GSE164094;GSE164094;GSE179131;GSE180384;GSE254248
Attenuated,Whole (FluMist),1,2,3,GSE101696
Attenuated//Inactivated,BCG Copenhagen (SSI),1,2,3,GSE135592
Attenuated//Inactivated,BCG Pasteur (PAS),1,2,3,GSE135592
Attenuated//Inactivated,heat killed BCG SSI (HK),1,2,3,GSE135592
DNA,Influenza H5N1,1,2,3,GSE101747
DNA,Spike,2,2,3,GSE217200;GSE217200
Inactivated,"Agrippal (H3N2, H1N1 and influenza B)",1,2,3,GSE120661
Inactivated,Cal/09 (split),2,2,3,GSE182858;GSE182858
Inactivated,"Fluad (Trivalent flu subunits – H3N2, H1N1 and influenza B MF59)",1,2,3,GSE120661
Inactivated,Heat-killed,4,2,3,GSE178385;GSE178385;GSE157382;GSE157382
Inactivated,Influenza A H1N1,2,2,3,GSE205839;GSE205839
Inactivated,Influenza A H5N8,2,2,3,GSE205839;GSE205839
Inactivated,Influenza A H7N9,2,2,3,GSE205839;GSE205839
Inactivated,Influenza Cal/09 (split),2,2,3,GSE182858;GSE182858
Inactivated,Influenza Quadrivalent 2019-2020 (split),2,2,3,GSE182858;GSE182858
Inactivated,Pandemrix,3,2,3,GSE195600;GSE195600;GSE195600
Inactivated,Quadrivalent 2019-2020 (split),2,2,3,GSE182858;GSE182858
Inactivated,Whole,5,2,3,GSE134647;GSE134647;GSE134647;GSE134647;GSE141729
Infection,Influenza A PR/8,1,2,3,GSE289606
Infection,Whole,3,2,3,GSE154371;GSE164590;GSE111110
Multiple,"Boostrix (diphteria toxoid, tetanus toxoid, inactivated polio, 3 bordetella pertussis)",1,2,3,GSE144218
Multiple,"Pentavac (Diphtheria, tetanus, pertussis (whole cell)",1,2,3,GSE120661
Multiple,haemophilus type b conjugate vaccine),1,2,3,GSE120661
Multiple,hepatitis B (rDNA),1,2,3,GSE120661
NA,Whole,2,2,3,GSE160294;GSE161356
Nanovaccine,CPA162-189-loaded p8-PLGA nanoparticles,2,2,3,GSE134661;GSE134661
No information,NA,1,2,3,GSE173361
Polysaccharide,ACWY,2,2,3,GSE224584;GSE224584
Subunit,Bl-Eng2,2,2,3,GSE198466;GSE198466
Subunit,ED3,1,2,3,GSE154371
Subunit,Env trimer,4,2,3,GSE288450;GSE288450;GSE288450;GSE288450
Subunit,F protein,1,2,3,GSE143617
Subunit,G protein,1,2,3,GSE272499
Subunit,GCP-rCpa1,1,2,3,GSE133140
Subunit,"Menincococcal B (4CMenB (Bexsero®, GlaxoSmithKline)",3,2,3,GSE131914;GSE132199;GSE132199
Subunit,Mycolic acid,1,2,3,GSE226075
Subunit,NIP-OVA,1,2,3,GSE188659
Subunit,Neuraminidase,1,2,3,GSE160010
Subunit,OVA,1,2,3,GSE104337
Subunit,Omp,1,2,3,GSE174849
Subunit,Peptide,1,2,3,GSE198952
Subunit,PorB,1,2,3,GSE104337
Subunit,RBD,1,2,3,GSE261311
Subunit,Spike,1,2,3,GSE176203
Subunit,lsdB,12,2,3,GSE193543;GSE193543;GSE193543;GSE193543;GSE193543;GSE193543;GSE193543;GSE193543;GSE193543;GSE193543;GSE193543;GSE193543
Subunit,rMDH protein,1,2,3,GSE125765
Toxoid,Tetanus toxin,1,2,3,GSE268421
VLP,Engerix (HBsAg),1,2,3,GSE120661
VLP,GI.1/GII.4,2,2,3,GSE279372;GSE279372
Viral vector,Ag85A,2,2,3,GSE100288;GSE100288
Viral vector,Ag85B-ESAT6-MPT64-Rv2660c,3,2,3,GSE264141;GSE264141;GSE264141
Viral vector,GP,1,2,3,GSE107116
Viral vector,Influenza A/Puerto Rico/8/34 nucleoprotein,4,2,3,GSE198980;GSE198980;GSE198980;GSE198980
Viral vector,MVA,1,2,3,GSE207389
Viral vector,RBD,4,2,3,GSE223476;GSE223476;GSE223476;GSE223476
Viral vector,Spike,7,2,3,GSE282488;GSE282488;GSE173567;GSE223476;GSE223476;GSE223476;GSE223476
Viral vector,Whole,5,2,3,GSE264344;GSE264344;GSE264344;GSE264344;GSE207389
Viral vector,dNS1-RBD,1,2,3,GSE227647
Viral vector,fHbp,2,2,3,GSE139529;GSE139529
mRNA,H5N1,2,2,3,GSE279743;GSE279744
mRNA,LNP,1,2,3,GSE167521
mRNA,M segment,2,2,3,GSE240062;GSE240062
mRNA,OVA,1,2,3,GSE267045
mRNA,Spike,3,2,3,GSE292262;GSE282488;GSE260817
mRNA,Spike + nano STING,1,2,3,GSE155536
mRNA,Spike Omicron,1,2,3,GSE201266
mRNA,Spike Wuhan,1,2,3,GSE201266
mRNA,"Structural proteins, VRPs from VEEV",1,2,3,GSE150847
