gse_id,title,pubmedids,pathogen_type,target_pathogen,target_antigen,vaccine_type,adjuvanted,adjuvant,administration_route,main_sample_source,specific_sample_source,sequencing
GSE141729,Transcriptome response of lung in response to vaccination of inactivated whole cells of A. baumannii,34544549,Bacteria,A. baumannii,Whole,IN,NA,NA,IN,Lung,NA,Bulk
GSE264344,Early spatiotemporal evolution of the immune response elicited by adenovirus vector vaccination,39464013; 40162786,Virus,Ad26,Whole,VV,NA,NA,IM,Blood,NA,Bulk
GSE264344,Early spatiotemporal evolution of the immune response elicited by adenovirus vector vaccination,39464013; 40162786,Virus,Ad26,Whole,VV,NA,NA,IM,Muscle,NA,Bulk
GSE264344,Early spatiotemporal evolution of the immune response elicited by adenovirus vector vaccination,39464013; 40162786,Virus,Ad26,Whole,VV,NA,NA,IM,Lymph node,NA,Bulk
GSE120661,Identification of Biomarkers of Vaccine Reactogenicity,31084714,Adjuvant,Adjuvant,Adjuvant,ADJ,Yes,IPA,IM,Blood,PBMCs,Microarray
GSE120661,Identification of Biomarkers of Vaccine Reactogenicity,31084714,Adjuvant,Adjuvant,Adjuvant,ADJ,Yes,LPS,IM,Blood,PBMCs,Microarray
GSE120661,Identification of Biomarkers of Vaccine Reactogenicity,31084714,Adjuvant,Adjuvant,Adjuvant,ADJ,Yes,Poly I:C,IM,Blood,PBMCs,Microarray
GSE180384,Single Cell RNA-seq of the draining lymph nodes of mice treated with either 3M052 or Yellow Fever Vaccine (YF),35087093,Adjuvant,Adjuvant,Adjuvant,ADJ,Yes,3M052-Alum,SC,Lymph node,NA,scRNAseq
GSE189000,Dithranol as novel co-adjuvant for non-invasive dermal vaccination,36153349,Adjuvant,Adjuvant,Adjuvant,ADJ,Yes,IMI-Sol,TransC,Skin,NA,Bulk
GSE240062,Andes virus mRNA vaccines: comparison of unmodified and modified mRNA platforms [scRNA-seq],39080316,Virus,Andes virus,M segment,RNA,NA,NA,ID,Lymph node,GC B cells,scRNA
GSE240062,Andes virus mRNA vaccines: comparison of unmodified and modified mRNA platforms [scRNA-seq],39080316,Virus,Andes virus,M segment,RNA,NA,NA,ID,Lymph node,GC B cells,VDJseq
GSE198466,Single cell analysis uncovers novel populations of CD4+ T cells associated with antifungal vaccine efficacy,36060075,Fungi,B. dermatitidis,Bl-Eng2,SU,NA,NA,IN,Lung,TCD4,scRNAseq
GSE198466,Single cell analysis uncovers novel populations of CD4+ T cells associated with antifungal vaccine efficacy,36060075,Fungi,B. dermatitidis,Bl-Eng2,SU,NA,NA,SC,Lung,TCD4,scRNAseq
GSE125765,RNA-sequencing of NALT from mouse after intranasal immunization with B. abortus rMDH loaded chitosan nanoparticles (CNs),32027689,Bacteria,Bovine crucellosis,rMDH protein,SU,NA,NA,IN,Nasal-associated lymphoid tissue,NALT,Bulk
GSE121040,Transcriptome analysis of Brucella abortus S19∆per (a perosaminesynthetase gene mutant of strain S19)  immunized mice spleen revealed activation of MHC-I and MHC-II pathways,33062939,Bacteria,Brucella,S19∆per mutant,AT,NA,NA,IPeri,Spleen,NA,Bulk
GSE254248,Transcriptional profiling of spleens from mice challenged with Brucella melitensis with or without prior vaccination.,38586904,Bacteria,Brucella,Whole,AT,NA,NA,SC,Spleen,NA,Bulk
GSE271485,Innate cells and STAT1-dependent signals orchestrate vaccine-induced protection against invasive Cryptococcus infection,39324785,Fungi,C. neoformans,Whole,AT,NA,NA,IPeri,Lung,NA,Bulk
GSE133140,CARD9-associated Dectin-1 and Dectin-2 are Required for Protective Immunity of a Multivalent Vaccine Against Coccidioides posadasii Infection,32358020,Fungi,C. posadasii,GCP-rCpa1,SU,NA,NA,SC,Bone marrow,macrophages,Bulk
GSE268421,Immunization Induces Inflammation in the Mouse Heart during Spaceflight,40065216,Bacteria,C. tetani,Tetanus toxin,TX,Yes,CpG,IPeri,Heart,NA,Bulk
GSE207389,Splenic memory CD8 T cell signature of enhanced responsiveness to vaccine boost,36865556,Virus,ChAd,Whole,VV,NA,NA,IM,Spleen,NA,Bulk
GSE154371,Dengue specific immunoglobulin repertoires comparison between the repeated and epitope-decreased immunizations,33101316,Virus,Dengue virus,ED3,SU,NA,NA,IM,Spleen,B cells,Bulk
GSE154371,Dengue specific immunoglobulin repertoires comparison between the repeated and epitope-decreased immunizations,33101316,Virus,Dengue virus,Whole,INF,NA,NA,IM,Spleen,B cells,Bulk
GSE144218,Transcriptional responses in muscle of pregnant mouse upon immunization,32219001,Bacteria,DTP,Boostrix,Multiple,NA,NA,IM,Muscle,NA,Microarray
GSE120661,Identification of Biomarkers of Vaccine Reactogenicity,31084714,Bacteria,DTP-IPV-HBV,Pentavac,Multiple,NA,NA,IM,Blood,PBMCs,Microarray
GSE186408,Novel transcriptional and translational biomarkers of tularemia vaccine efficacy in a mouse inhalation model: proof of concept,NA,Bacteria,F. tularensis,Whole,AT,NA,NA,ID,Spleen,NA,Bulk
GSE120661,Identification of Biomarkers of Vaccine Reactogenicity,31084714,Bacteria,H. influenzae,PRP,PS,NA,NA,IM,Blood,PBMCs,Microarray
GSE120661,Identification of Biomarkers of Vaccine Reactogenicity,31084714,Virus,HBV,Engerix,SU,Yes,Alum,IM,Blood,PBMCs,Microarray
GSE198952,Differential gene expression in W614A-3S peptide-specific B cell populations following W614A-3S peptide-KLH vaccination using Squalene emulsion and Alum formulation,35464449,Virus,HIV,Peptide,SU,Yes,Alum,IM,Lymph node,B cells,RT-PCR
GSE288450,Vaccines combining slow release and follicle targeting of antigens increase germinal center B cell clonal diversity and clonal expansion,40531969,Virus,HIV,Env trimer,SU,Yes,Alum,No info,Lymph node,GC B cells,scRNA
GSE288450,Vaccines combining slow release and follicle targeting of antigens increase germinal center B cell clonal diversity and clonal expansion,40531969,Virus,HIV,Env trimer,SU,Yes,Alum,No info,Lymph node,GC B cells,scBCR
GSE288450,Vaccines combining slow release and follicle targeting of antigens increase germinal center B cell clonal diversity and clonal expansion,40531969,Virus,HIV,Env trimer,SU,Yes,Saponin,No info,Lymph node,GC B cells,scRNA
GSE288450,Vaccines combining slow release and follicle targeting of antigens increase germinal center B cell clonal diversity and clonal expansion,40531969,Virus,HIV,Env trimer,SU,Yes,Saponin,No info,Lymph node,GC B cells,scBCR
GSE165227,Neutrophil Subtypes Shape HIV-specific CD8 T Cell Responses After Vaccinia Virus Infection.,33846352,Virus,HIV,GP120 and GagPol,AT,NA,NA,IM,Spleen,NA,Bulk
GSE165227,Neutrophil Subtypes Shape HIV-specific CD8 T Cell Responses After Vaccinia Virus Infection.,33846352,Virus,Vaccinia,NYVAC,AT,NA,NA,IM,Spleen,NA,Bulk
GSE165227,Neutrophil Subtypes Shape HIV-specific CD8 T Cell Responses After Vaccinia Virus Infection.,33846352,Virus,HIV,GP120 and GagPol,AT,NA,NA,IPeri,Spleen,NA,Bulk
GSE165227,Neutrophil Subtypes Shape HIV-specific CD8 T Cell Responses After Vaccinia Virus Infection.,33846352,Virus,Vaccinia,NYVAC,AT,NA,NA,IPeri,Spleen,NA,Bulk
GSE165227,Neutrophil Subtypes Shape HIV-specific CD8 T Cell Responses After Vaccinia Virus Infection.,33846352,Virus,HIV,GP120 and GagPol,AT,NA,NA,IM,Peritoneum,NA,Bulk
GSE165227,Neutrophil Subtypes Shape HIV-specific CD8 T Cell Responses After Vaccinia Virus Infection.,33846352,Virus,Vaccinia,NYVAC,AT,NA,NA,IM,Peritoneum,NA,Bulk
GSE165227,Neutrophil Subtypes Shape HIV-specific CD8 T Cell Responses After Vaccinia Virus Infection.,33846352,Virus,HIV,GP120 and GagPol,AT,NA,NA,IPeri,Peritoneum,NA,Bulk
GSE165227,Neutrophil Subtypes Shape HIV-specific CD8 T Cell Responses After Vaccinia Virus Infection.,33846352,Virus,Vaccinia,NYVAC,AT,NA,NA,IPeri,Peritoneum,NA,Bulk
GSE101696,Altered infant T cell differentiation in infection or vaccination reduces lung tissue-resident memory generation,28855242,Virus,Influenza,FluMist,AT,NA,NA,IN,Lung,NA,Bulk
GSE101747,Spleen transcriptional profiling of Mus musculus BALB/c strain after DNA vaccination against influenza H5N1,28883819,Virus,Influenza,H5N1,DNA,NA,NA,IM,Spleen,NA,Microarray
GSE120661,Identification of Biomarkers of Vaccine Reactogenicity,31084714,Virus,Influenza,Agrippal,IN,NA,NA,IM,Blood,PBMCs,Microarray
GSE120661,Identification of Biomarkers of Vaccine Reactogenicity,31084714,Virus,Influenza,Fluad,IN,Yes,MF59,IM,Blood,PBMCs,Microarray
GSE134647,Specific targeting of IL-1β activity to CD8+ T cells allows for safe use as a vaccine adjuvant,32714571,Virus,Influenza,Whole,IN,Yes,Addavax,IM,Lung,NA,Bulk
GSE134647,Specific targeting of IL-1β activity to CD8+ T cells allows for safe use as a vaccine adjuvant,32714571,Virus,Influenza,Whole,IN,Yes,Addavax,IV,Lung,NA,Bulk
GSE134647,Specific targeting of IL-1β activity to CD8+ T cells allows for safe use as a vaccine adjuvant,32714571,Virus,Influenza,Whole,IN,Yes,Addavax,IM,Lymph node,NA,Bulk
GSE134647,Specific targeting of IL-1β activity to CD8+ T cells allows for safe use as a vaccine adjuvant,32714571,Virus,Influenza,Whole,IN,Yes,Addavax,IV,Lymph node,NA,Bulk
GSE160010,"The Effect of Calcium on Activity, Immunogenicity and Efficacy of a Recombinant N1/N2 Neuraminidase Vaccine",33824333,Virus,Influenza,Neuraminidase,SU,NA,NA,IM,Lung,NA,Microarray
GSE182858,Dirty mice as an alternative for preclinical vaccine testing,34731647,Virus,Influenza,Quadri 2019-2020,IN,No,No,IN,Blood,PBMCs,Bulk
GSE182858,Dirty mice as an alternative for preclinical vaccine testing,34731647,Virus,Influenza,Quadri 2019-2020,IN,Yes,Addavax,IN,Blood,PBMCs,Bulk
GSE182858,Dirty mice as an alternative for preclinical vaccine testing,34731647,Virus,Influenza,Quadri 2019-2020,IN,No,No,IN,Lung,NA,Bulk
GSE182858,Dirty mice as an alternative for preclinical vaccine testing,34731647,Virus,Influenza,Quadri 2019-2020,IN,Yes,Addavax,IN,Lung,NA,Bulk
GSE195600,Molecular characterization of hypothalamus-infiltrating T cells following Pandemrix® vaccination of Orex-HA mice through bulk RNA sequencing of T cell subsets,35552381,Virus,Influenza,Pandemrix,IN,Yes,AS03,IM,Brain,Hypothalami,Bulk
GSE195600,Molecular characterization of hypothalamus-infiltrating T cells following Pandemrix® vaccination of Orex-HA mice through bulk RNA sequencing of T cell subsets,35552381,Virus,Influenza,Pandemrix,IN,Yes,AS03,IM,Lymph node,NA,Bulk
GSE195600,Molecular characterization of hypothalamus-infiltrating T cells following Pandemrix® vaccination of Orex-HA mice through bulk RNA sequencing of T cell subsets,35552381,Virus,Influenza,Pandemrix,IN,Yes,AS03,IM,Spleen,NA,Bulk
GSE198980,Longitudinal transcriptional profiling of CD8 cells in response to infection and vaccination across tissues,36162870,Virus,Influenza,A/Puerto Rico/8/34 NP,VV,NA,NA,IN,Lung,NA,Bulk
GSE198980,Longitudinal transcriptional profiling of CD8 cells in response to infection and vaccination across tissues,36162870,Virus,Influenza,A/Puerto Rico/8/34 NP,VV,NA,NA,SC,Lung,NA,Bulk
GSE198980,Longitudinal transcriptional profiling of CD8 cells in response to infection and vaccination across tissues,36162870,Virus,Influenza,A/Puerto Rico/8/34 NP,VV,NA,NA,IN,Spleen,NA,Bulk
GSE198980,Longitudinal transcriptional profiling of CD8 cells in response to infection and vaccination across tissues,36162870,Virus,Influenza,A/Puerto Rico/8/34 NP,VV,NA,NA,SC,Spleen,NA,Bulk
GSE205839,An inactivated multivalent influenza A virus vaccine is broadly protective in mice and ferrets [mouse],NA,Virus,Influenza,H1N1,IN,NA,NA,IM,Lung,NA,Microarray
GSE205839,An inactivated multivalent influenza A virus vaccine is broadly protective in mice and ferrets [mouse],NA,Virus,Influenza,H1N1,IN,NA,NA,IN,Lung,NA,Microarray
GSE205839,An inactivated multivalent influenza A virus vaccine is broadly protective in mice and ferrets [mouse],NA,Virus,Influenza,H5N8,IN,NA,NA,IM,Lung,NA,Microarray
GSE205839,An inactivated multivalent influenza A virus vaccine is broadly protective in mice and ferrets [mouse],NA,Virus,Influenza,H5N8,IN,NA,NA,IN,Lung,NA,Microarray
GSE205839,An inactivated multivalent influenza A virus vaccine is broadly protective in mice and ferrets [mouse],NA,Virus,Influenza,H7N9,IN,NA,NA,IM,Lung,NA,Microarray
GSE205839,An inactivated multivalent influenza A virus vaccine is broadly protective in mice and ferrets [mouse],NA,Virus,Influenza,H7N9,IN,NA,NA,IN,Lung,NA,Microarray
GSE279743,Low-inflammatory lipid nanoparticle-based mRNA vaccine elicits protective immunity against H5N1 high-pathogenicity avian influenza virus with reduced adverse reactions (using whole lymph node),39690742,Virus,Influenza,H5N1,RNA,NA,NA,SC or IM,Lymph node,NA,Bulk
GSE279744,Low-inflammatory lipid nanoparticle-based mRNA vaccine elicits protective immunity against H5N1 high-pathogenicity avian influenza virus with reduced adverse reactions (using dendritic cell of lymph node),39690742,Virus,Influenza,H5N1,RNA,NA,NA,SC or IM,Lymph node,dendritic cells,Bulk
GSE289606,Ectopic germinal centers in the nasal turbinates contribute to B cell immunity to intranasal viral infection and vaccination,40112112,Virus,Influenza,Influenza A PR/8,INF,NA,NA,IN,Respiratory secretion,B cells,Bulk
GSE157382,Subunit vaccine elicited lung TRM cells use fibroblast IL-17R signaling to provide serotype independent immunity against hypervirulent K. pneumoniae,NA,Bacteria,Klebsiella,Whole,IN,NA,NA,IPulm,Lung,NA,Bulk
GSE157382,Subunit vaccine elicited lung TRM cells use fibroblast IL-17R signaling to provide serotype independent immunity against hypervirulent K. pneumoniae,NA,Bacteria,Klebsiella,Whole,IN,NA,NA,IPulm,Spleen,NA,Bulk
GSE174849,Vaccine driven lung TRM cells provide immunity against Klebsiella via fibroblast IL-17R signaling,34516780,Bacteria,Klebsiella,Omp,SU,Yes,LTA1,IPulm,Lung,NA,Bulk
GSE178385,Vaccine driven lung TRM cells provide immunity against Klebsiella via fibroblast IL-17R signaling [scRNA-Seq],34516780; 38594380,Bacteria,Klebsiella,Whole,IN,NA,NA,IN,Lung,NA,scRNAseq
GSE178385,Vaccine driven lung TRM cells provide immunity against Klebsiella via fibroblast IL-17R signaling [scRNA-Seq],34516780; 38594380,Bacteria,Klebsiella,Whole,IN,NA,NA,IN,Spleen,NA,scRNAseq
GSE107116,NK cell regulation of T cells following LCMV infection of vaccinated and unvaccinated mice,29514912,Virus,LCMV,GP,VV,NA,NA,IM,Spleen,NA,Microarray
GSE160294,Vaccine-elicited CD4 T cells prevent the deletion of antiviral B cells in chronic infection,34772811,Virus,LCMV,Whole,NA,NA,NA,IV,Spleen,TCD4,Bulk
GSE161356,Vaccine-elicited CD4 T cells prevent the deletion of antiviral B cells in chronic infection,34772811,Virus,LCMV,Whole,NA,NA,NA,IV,Spleen,TCD4,Bulk
GSE134661,Study of visceral leishmaniasis establishment - Gene expression from (un)infected (non-)vaccinated mouse spleen samples,31849951,Protozoa,Leishmania,CPA162-189-loaded p8-PLGA nanoparticles,SU,NA,NA,No info,Spleen,NA,Microarray
GSE112741,Gene expression in Listeria- or vaccine-elicited T cells,NA,Bacteria,Listeria,Listeria expressing OVA,AT,NA,NA,IV,Skin,NA,Microarray
GSE226075,Mycolic acid nanoparticle vaccination leads to lipid antigen persistence and unique differentiation of mycobacterial-specific T cells,36945395; 37877801,Bacteria,M. tuberculosis,Mycolic acid,SU,NA,NA,ITechal,Lymph node,NA,Bulk
GSE207389,Splenic memory CD8 T cell signature of enhanced responsiveness to vaccine boost,36865556,Virus,MVA,MVA,VV,NA,NA,IM,Spleen,NA,Bulk
GSE104337,Modeling of the Response to a Multiple Vaccination Schedule Using the Adjuvant Neisseria meningitidis Porin B,NA,Bacteria,N. meningitidis,OVA,SU,Yes,PorB,SC,Spleen,NA,Microarray
GSE104337,Modeling of the Response to a Multiple Vaccination Schedule Using the Adjuvant Neisseria meningitidis Porin B,NA,Bacteria,N. meningitidis,PorB,SU,Yes,PorB,SC,Spleen,NA,Microarray
GSE131914,"Comparative transcriptomics between species attributes reactogenicity pathways induced by the capsular group B meningococcal vaccine, 4CMenB, to the membrane-bound endotoxin of its outer membrane vesicle component.",31551511,Bacteria,N. meningitidis,Bexsero,SU,NA,NA,IM,Blood,NA,Bulk
GSE132199,Comparative transcriptomics between species to assess the immune mechanisms underlying the increased reactogenicity of the four component meningococcal capsular group B vaccine when given concomitantly with routinely-administered vaccines,31551511,Bacteria,N. meningitidis,Bexsero,SU,NA,NA,IM,Blood,NA,Bulk
GSE132199,Comparative transcriptomics between species to assess the immune mechanisms underlying the increased reactogenicity of the four component meningococcal capsular group B vaccine when given concomitantly with routinely-administered vaccines,31551511,Bacteria,N. meningitidis,Bexsero,SU,NA,NA,IM,Blood,NA,scRNAseq
GSE139529,Comparison of whole blood transcriptional changes induced by menignoccocal capsular group B vaccines in mice,34717548,Bacteria,N. meningitidis,fHbp,VV,NA,NA,IM,Blood,NA,Bulk
GSE224584,mRNA and lncRNA profiling of mice spleens inoculated with group ACYW135 meningococcal polysaccharide vaccine,37631863,Bacteria,N. meningitidis,ACWY,PS,NA,NA,No info,Spleen,NA,Bulk
GSE224584,mRNA and lncRNA profiling of mice spleens inoculated with group ACYW135 meningococcal polysaccharide vaccine,37631863,Bacteria,N. meningitidis,ACWY,PS,NA,NA,No info,Blood,NA,Bulk
GSE112920,IL-27 in vaccine elicited cellular immunity,30194241,Adjuvant,None,Adjuvant,ADJ,Yes,Poly I:C and Anti-CD40,IPeri,Spleen,NA,Bulk
GSE267045,Effect of mRNA vaccine on Epigenetic and Transcriptomic Profiles of Kupffer Cells (RNA-Seq),39774150,NA,None,OVA,RNA,NA,NA,IM,Liver,resident macrophages,Bulk
GSE279372,Lipid nanoparticles as adjuvant of Norovirus VLP vaccine augment cellular and humoral immune responses in a TLR 9- and type I IFN-dependent pathway,39494905,Virus,Norovirus,GI.1-GII.4,SU,Yes,LNP,IM,Spleen,NA,Bulk
GSE279372,Lipid nanoparticles as adjuvant of Norovirus VLP vaccine augment cellular and humoral immune responses in a TLR 9- and type I IFN-dependent pathway,39494905,Virus,Norovirus,GI.1-GII.4,SU,Yes,Alum,IM,Spleen,NA,Bulk
GSE188659,B cell intrinsic TBK1 is essential for germinal center formation during infection and vaccination,34910106,Protozoa,Plasmodium,NIP-OVA,SU,Yes,Alum,ID,Germinal center,B cells,Bulk
GSE111110,Gene expression of liver of vaccination-protected mice in response to early patent infections of Plasmodium chabaudi blood-stage malaria,29843710,Protozoa,Plasmodium,Whole,INF,NA,NA,SC,Liver,NA,Microarray
GSE129133,Vaccination accelerates hepatic erythropoiesis induced by blood-stage malaria,31996238; 33202767; 35214745,Protozoa,Plasmodium,Whole,AT,Yes,Freund,SC,Liver,NA,Microarray
GSE122637,Transcriptome of  draining lymph nodes from the mice immunized with RABV,30906301,Virus,Rabies,Whole,AT,NA,NA,No info,Lymph node,NA,Bulk
GSE143617,Respiratory syncytial virus (RSV) F subunit vaccine with adjuvants affect immunity in BALB/c mice,33013922,Virus,RSV,F protein,SU,Yes,AS02,IM,Blood,NA,Bulk
GSE143617,Respiratory syncytial virus (RSV) F subunit vaccine with adjuvants affect immunity in BALB/c mice,33013922,Virus,RSV,F protein,SU,Yes,AS03,IM,Blood,NA,Bulk
GSE272499,Recombinant RSV G protein vaccine induces enhanced respiratory disease via IL-13 and mucin overproduction,39394212,Virus,RSV,G protein,SU,NA,NA,SC,Lung,NA,Bulk
GSE193543,Non-protective immune imprint underlies failure of S.  aureus IsdB vaccine,35803276,Bacteria,S. aureus,lsdB,SU,NA,NA,SC,Spleen,NA,scRNAseq
GSE193543,Non-protective immune imprint underlies failure of S.  aureus IsdB vaccine,35803276,Bacteria,S. aureus,lsdB,SU,NA,NA,SC,Spleen,NA,BCRseq
GSE193543,Non-protective immune imprint underlies failure of S.  aureus IsdB vaccine,35803276,Bacteria,S. aureus,lsdB,SU,NA,NA,IM,Spleen,NA,scRNAseq
GSE193543,Non-protective immune imprint underlies failure of S.  aureus IsdB vaccine,35803276,Bacteria,S. aureus,lsdB,SU,NA,NA,IM,Spleen,NA,BCRseq
GSE193543,Non-protective immune imprint underlies failure of S.  aureus IsdB vaccine,35803276,Bacteria,S. aureus,lsdB,SU,NA,NA,IV,Spleen,NA,scRNAseq
GSE193543,Non-protective immune imprint underlies failure of S.  aureus IsdB vaccine,35803276,Bacteria,S. aureus,lsdB,SU,NA,NA,IV,Spleen,NA,BCRseq
GSE193543,Non-protective immune imprint underlies failure of S.  aureus IsdB vaccine,35803276,Bacteria,S. aureus,lsdB,SU,NA,NA,SC,Kidney,NA,scRNAseq
GSE193543,Non-protective immune imprint underlies failure of S.  aureus IsdB vaccine,35803276,Bacteria,S. aureus,lsdB,SU,NA,NA,SC,Kidney,NA,BCRseq
GSE193543,Non-protective immune imprint underlies failure of S.  aureus IsdB vaccine,35803276,Bacteria,S. aureus,lsdB,SU,NA,NA,IM,Kidney,NA,scRNAseq
GSE193543,Non-protective immune imprint underlies failure of S.  aureus IsdB vaccine,35803276,Bacteria,S. aureus,lsdB,SU,NA,NA,IM,Kidney,NA,BCRseq
GSE193543,Non-protective immune imprint underlies failure of S.  aureus IsdB vaccine,35803276,Bacteria,S. aureus,lsdB,SU,NA,NA,IV,Kidney,NA,scRNAseq
GSE193543,Non-protective immune imprint underlies failure of S.  aureus IsdB vaccine,35803276,Bacteria,S. aureus,lsdB,SU,NA,NA,IV,Kidney,NA,BCRseq
GSE173361,Gut IgA Enhances Systemic IgG Responses to Pneumococcal Vaccines Through the Commensal Microbiota,NA,Bacteria,S. pneumoniae,NA,No info,NA,NA,No info,Spleen,NA,Bulk
GSE150847,"Generation of a Broadly Useful Model for COVID-19 Pathogenesis, Vaccination, and Treatment",32643603,Virus,SARS-CoV-2,"Structural proteins, VRPs from VEEV",RNA,NA,NA,IN,Lung,NA,Bulk
GSE155536,A single-dose intranasal vaccination elicits systemic and mucosal immunity against SARS-CoV-2,NA,Virus,SARS-CoV-2,Spike + nano STING,RNA,Yes,Liposome,IN,Liver,NA,scRNAseq
GSE167521,The mRNA-LNP platform’s lipid nanoparticle component used in preclinical vaccine studies is highly inflammatory,33688649,Virus,SARS-CoV-2,LNP,RNA,NA,NA,ID,Skin,NA,Bulk
GSE173567,Gene expression on SARS CoV-2 specific CD8 T cells after SARS CoV-2 vaccination,34648369,Virus,SARS-CoV-2,Spike,VV,NA,NA,IM,Spleen,TCD8,scRNAseq
GSE179131,Single cell immune response to the mRNA SARS-CoV-2 vaccine and yellow fever in the lymph nodes of mice,NA,Virus,SARS-CoV-2,Spike,AT,NA,NA,IM,Lymph node,NA,scRNAseq
GSE201266,Variant-specific vaccination induces systems immune responses and potent in vivo protection against SARS-CoV-2 [scRNA-seq],NA,Virus,SARS-CoV-2,Spike Omicron,RNA,NA,NA,No info,Spleen,NA,scRNAseq
GSE201266,Variant-specific vaccination induces systems immune responses and potent in vivo protection against SARS-CoV-2 [scRNA-seq],NA,Virus,SARS-CoV-2,Spike Wuhan,RNA,NA,NA,No info,Spleen,NA,scRNAseq
GSE217200,Adenosine deaminase augments SARS-CoV-2 specific cellular and humoral responses in aged mouse models of immunization and challenge,36999023,Virus,SARS-CoV-2,Spike,DNA,NA,NA,IM,Lymph node,NA,scRNAseq
GSE217200,Adenosine deaminase augments SARS-CoV-2 specific cellular and humoral responses in aged mouse models of immunization and challenge,36999023,Virus,SARS-CoV-2,Spike,DNA,NA,NA,IM,Spleen,NA,scRNAseq
GSE223476,Intranasal administration of adenoviral vaccines expressing SARS-CoV-2 spike protein improves vaccine immunity in mouse models,37085458,Virus,SARS-CoV-2,RBD,VV,NA,NA,IM,Respiratory secretion,NA,Bulk
GSE223476,Intranasal administration of adenoviral vaccines expressing SARS-CoV-2 spike protein improves vaccine immunity in mouse models,37085458,Virus,SARS-CoV-2,RBD,VV,NA,NA,IN,Respiratory secretion,NA,Bulk
GSE223476,Intranasal administration of adenoviral vaccines expressing SARS-CoV-2 spike protein improves vaccine immunity in mouse models,37085458,Virus,SARS-CoV-2,RBD,VV,NA,NA,IN,Blood,NA,scRNAseq
GSE223476,Intranasal administration of adenoviral vaccines expressing SARS-CoV-2 spike protein improves vaccine immunity in mouse models,37085458,Virus,SARS-CoV-2,RBD,VV,NA,NA,IM,Blood,NA,scRNAseq
GSE223476,Intranasal administration of adenoviral vaccines expressing SARS-CoV-2 spike protein improves vaccine immunity in mouse models,37085458,Virus,SARS-CoV-2,Spike,VV,NA,NA,IM,Respiratory secretion,NA,Bulk
GSE223476,Intranasal administration of adenoviral vaccines expressing SARS-CoV-2 spike protein improves vaccine immunity in mouse models,37085458,Virus,SARS-CoV-2,Spike,VV,NA,NA,IN,Respiratory secretion,NA,Bulk
GSE223476,Intranasal administration of adenoviral vaccines expressing SARS-CoV-2 spike protein improves vaccine immunity in mouse models,37085458,Virus,SARS-CoV-2,Spike,VV,NA,NA,IN,Blood,NA,scRNAseq
GSE223476,Intranasal administration of adenoviral vaccines expressing SARS-CoV-2 spike protein improves vaccine immunity in mouse models,37085458,Virus,SARS-CoV-2,Spike,VV,NA,NA,IM,Blood,NA,scRNAseq
GSE227647,Intranasal delivery of NS1-deleted influenza virus vectored COVID-19 vaccine restrains the SARS-CoV-2 inflammatory response (Mouse Lung RNA-seq Data),37433761,Virus,SARS-CoV-2,dNS1-RBD,VV,NA,NA,IN,Lung,NA,Bulk
GSE260817,Time-dependent enhancement of mRNA vaccines by 4-1BB costimulatory antibodies,39432667,Virus,SARS-CoV-2,Spike,RNA,NA,NA,IM,Spleen,TCD8,Bulk
GSE261311,Vaccine based on immune evasion mutations integrated RBD protein have broad protection against SARS-CoV-2 [mRNA-seq],NA,Virus,SARS-CoV-2,RBD,SU,Yes,Vac-AS03-10,No info,Blood,NA,Bulk
GSE282488,Heterologous immunization combining vector- and mRNA-based vaccine elicits both robust innate and adaptive immune responses,40503231,Virus,SARS-CoV-2,Spike,RNA,NA,NA,IM,Lymph node,NA,scRNAseq
GSE282488,Heterologous immunization combining vector- and mRNA-based vaccine elicits both robust innate and adaptive immune responses,40503231,Virus,SARS-CoV-2,Spike,VV,NA,NA,IM,Lymph node,NA,scRNAseq
GSE292262,Bulk RNA sequencing data of femur bone marrow tissue derived from mice intramuscularly injected with a SARS-CoV2 mRNA vaccine,NA,Virus,SARS-CoV-2,Spike,RNA,NA,NA,IM,Bone marrow,NA,Bulk
GSE164094,Gene expression signatures to the radiation attenuated Schistosome Vaccine,33777004,Protozoa,Schistosome,Whole,AT,NA,NA,PerC,Blood,PBMCs,Microarray
GSE164094,Gene expression signatures to the radiation attenuated Schistosome Vaccine,33777004,Protozoa,Schistosome,Whole,AT,NA,NA,PerC,Skin,NA,Microarray
GSE222444,Gene expression signatures to the radiation attenuated Schistosome Vaccine,NA,Protozoa,Schistosome,Whole,AT,NA,NA,PerC,Blood,PBMCs,Microarray
GSE176203,Transcriptome analysis of T cells from mice immunized with Sindbis Virus Spike and/or aOX40,34394127,Virus,Sindbis virus,Spike,SU,NA,NA,IPeri,Spleen,T cells,Bulk
GSE225180,Natural killer cell transcriptomics following vaccinia virus infection of mice,36911702,Virus,Smallpox,Whole,AT,NA,NA,IN,Spleen,NK cells,Bulk
GSE100288,CXCR3 signaling is required for restricted homing of parenteral TB vaccine-induced T cells to both the lung parenchyma and airway,28827285,Bacteria,Tuberculosis,Ag85A,VV,NA,NA,IN,Lung,TCD8,Microarray
GSE100288,CXCR3 signaling is required for restricted homing of parenteral TB vaccine-induced T cells to both the lung parenchyma and airway,28827285,Bacteria,Tuberculosis,Ag85A,VV,NA,NA,Parenteral,Lung,TCD8,Microarray
GSE135592,Whole genome profiling of murine lymphocytes and statistical validation of a panel of immune molecules to predict vaccine efficacy against Mycobacterium tuberculosis,32090856,Bacteria,Tuberculosis,BCG,AT,NA,NA,SC,Spleen,NA,Microarray
GSE135592,Whole genome profiling of murine lymphocytes and statistical validation of a panel of immune molecules to predict vaccine efficacy against Mycobacterium tuberculosis,32090856,Bacteria,Tuberculosis,BCG,IN,NA,NA,SC,Spleen,NA,Microarray
GSE139948,Impact of metformin treatment on CD8 in non and BCG-vaccinated mice,33067434,Bacteria,Tuberculosis,BCG,AT,NA,NA,SC,Spleen,TCD8+,Bulk
GSE164590,Single cell transcriptional analysis reveals the effects of mucosal vaccination on mouse lung CD4 T cell compartments,NA,Bacteria,Tuberculosis,Whole,INF,NA,NA,IN,Lung,NA,scRNAseq
GSE212202,Gene expression analysis of mouse alveolar macrophages infected with Mycobacterium tuberculosis isolated from BCG-vaccinated mice [balRNAseq],38236787,Bacteria,Tuberculosis,BCG,AT,NA,NA,SC,Lung,"BAL, macrophages",Bulk
GSE212203,Gene expression analysis of alveolar macrophages from BCG-vaccinated and CoMtb mice stimulated ex vivo [exvivoRNAseq],38236787,Bacteria,Tuberculosis,BCG,AT,NA,NA,SC,Lung,BAL,Bulk
GSE212204,Single-cell gene expression analysis of pulmonary immune cells from BCG-vaccinated and CoMtb mice [scRNAseq],38236787,Bacteria,Tuberculosis,BCG,AT,NA,NA,SC,Lung,BAL,scRNAseq
GSE213340,Parenteral BCG vaccine induces respiratory mucosal-resident memory macrophages and trained innate immunity via the gut-lung axis I,36456739,Bacteria,Tuberculosis,BCG,AT,NA,NA,SC,Lung,BAL,Bulk
GSE213342,Parenteral BCG vaccine induces respiratory mucosal-resident memory macrophages and trained innate immunity via the gut-lung axis II,36456739,Bacteria,Tuberculosis,BCG,AT,NA,NA,SC,Lung,BAL,Bulk
GSE244126,BCG vaccination stimulates Integrated Organ Immunity by feedback of the adaptive immune response to imprint prolonged innate antiviral resistance,38036767,Bacteria,Tuberculosis,Whole,AT,NA,NA,No info,Lung,NA,scRNAseq
GSE261448,Early transcriptomic response of innate immune cells  to subcutaneous BCG vaccination of mice,39252057; 39768135,Bacteria,Tuberculosis,BCG,AT,NA,NA,SC,Bone marrow,"monocytes, NK cells, neutrophils",Bulk
GSE261448,Early transcriptomic response of innate immune cells  to subcutaneous BCG vaccination of mice,39252057; 39768135,Bacteria,Tuberculosis,BCG,AT,NA,NA,SC,Spleen,NK cells,Bulk
GSE264141,RNA signatures followed by immunization of multiantigenic adenovirus-based vaccine candidate against mycobacterium tuberculosis,39927262,Bacteria,Tuberculosis,Ag85B,VV,NA,NA,SC,Blood,NA,Bulk
GSE264141,RNA signatures followed by immunization of multiantigenic adenovirus-based vaccine candidate against mycobacterium tuberculosis,39927262,Bacteria,Tuberculosis,Ag85B,VV,NA,NA,IM,Blood,NA,Bulk
GSE264141,RNA signatures followed by immunization of multiantigenic adenovirus-based vaccine candidate against mycobacterium tuberculosis,39927262,Bacteria,Tuberculosis,Ag85B,VV,NA,NA,IV,Blood,NA,Bulk
GSE179131,Single cell immune response to the mRNA SARS-CoV-2 vaccine and yellow fever in the lymph nodes of mice,NA,Virus,YFV,Whole,AT,NA,NA,SC,Lymph node,NA,scRNAseq
GSE180384,Single Cell RNA-seq of the draining lymph nodes of mice treated with either 3M052 or Yellow Fever Vaccine (YF),35087093,Virus,YFV,Whole,AT,NA,NA,SC,Lymph node,NA,scRNAseq
