title,organism,bio_project_accession,id
Bulk RNA sequencing data of femur bone marrow tissue derived from mice intramuscularly injected with a SARS-CoV2 mRNA vaccine,Mus musculus (10090),PRJNA1237780,1237780
Ectopic germinal centers in the nasal turbinates contribute to B cell immunity to intranasal viral infection and vaccination,Mus musculus (10090),PRJNA1223792,1223792
Identification of two transitional stem-like memory CD8+ T cell states during viral infection and vaccination,Mus musculus (10090),PRJNA1221968,1221968
Vaccines combining slow release and follicle targeting of antigens increase germinal center B cell clonal diversity and clonal expansion,Mus musculus (10090),PRJNA1217578,1217578
Heterologous immunization combining vector- and mRNA-based vaccine elicits both robust innate and adaptive immune responses,Mus musculus (10090),PRJNA1189001,1189001
Differential gene expression of BCG-vaccinated mice with M. tuberculosis infection upon adoptive transfer of M. tuberculosis-Ag-treated dendritic cells,Mus musculus (10090),PRJNA1187852,1187852
Transcriptional analysis of blood-borne immune cells induced by VSV-based vaccines: A comparison before and after immunization,Mus musculus (10090),PRJNA1179920,1179920
Low-inflammatory lipid nanoparticle-based mRNA vaccine elicits protective immunity against H5N1 high-pathogenicity avian influenza virus with reduced adverse reactions (using whole lymph node),Mus musculus (10090),PRJNA1174196,1174196
Low-inflammatory lipid nanoparticle-based mRNA vaccine elicits protective immunity against H5N1 high-pathogenicity avian influenza virus with reduced adverse reactions (using dendritic cell of lymph node),Mus musculus (10090),PRJNA1174191,1174191
Lipid nanoparticles as adjuvant of Norovirus VLP vaccine augment cellular and humoral immune responses in a TLR 9- and type I IFN-dependent pathway,Mus musculus (10090),PRJNA1172312,1172312
Recombinant RSV G protein vaccine induces enhanced respiratory disease via IL-13 and mucin overproduction,Mus musculus (10090),PRJNA1136980,1136980
Innate cells and STAT1-dependent signals orchestrate vaccine-induced protection against invasive Cryptococcus infection,Mus musculus (10090),PRJNA1131807,1131807
Personalized dendritic cell vaccine facilitates the preparation of neoantigen-reactive T cells for adoptive transfer (scRNA-Seq),Mus musculus (10090),PRJNA1129585,1129585
RNA sequencing of lymph nodes in CXCL13-immunized versus non-Immunized mice,Mus musculus (10090),PRJNA1118020,1118020
Immunization Induces Inflammation in the Mouse Heart during Spaceflight,Mus musculus (10090),PRJNA1117072,1117072
Towards melanoma in situ vaccination with multiple ultra-narrow X-ray beams,Mus musculus (10090),PRJNA1116151,1116151
Gene expresion profile of different clusters of antigen specific CD4+ T cells induced by vaccines containing high doses of MHC-II restricted neoantigens,Mus musculus (10090),PRJNA1116135,1116135
Effect of mRNA vaccine on Epigenetic and Transcriptomic Profiles of Kupffer Cells (RNA-Seq),Mus musculus (10090),PRJNA1109402,1109402
Early spatiotemporal evolution of the immune response elicited by adenovirus vector vaccination,Mus musculus (10090),PRJNA1102021,1102021
RNA signatures followed by immunization of multiantigenic adenovirus-based vaccine candidate against mycobacterium tuberculosis,Mus musculus (10090),PRJNA1101044,1101044
Early transcriptomic response of innate immune cells  to subcutaneous BCG vaccination of mice,Mus musculus (10090),PRJNA1086964,1086964
Vaccine based on immune evasion mutations integrated RBD protein have broad protection against SARS-CoV-2 [mRNA-seq],Mus musculus (10090),PRJNA1086470,1086470
Time-dependent enhancement of mRNA vaccines by 4-1BB costimulatory antibodies,Mus musculus (10090),PRJNA1083572,1083572
Transcriptomic and V(D)J profiling at the single cell level of plasmablasts from lymph nodes of mice immunized with bMOG protein,Mus musculus (10090),PRJNA1082281,1082281
Transcriptional profiling of spleens from mice challenged with Brucella melitensis with or without prior vaccination.,Mus musculus (10090),PRJNA1069075,1069075
COL6A6 peptide vaccine ameliorates atherosclerosis through inducing immune response and regulating lipid metabolism in ApoE-/- mice,Mus musculus (10090),PRJNA1030016,1030016
The XX sex chromosome complement provides enhanced responses to heat-killed Streptococcus pneumoniae immunization in a gut microbiome-dependent manner.,Mus musculus (10090),PRJNA1025029,1025029
BCG vaccination stimulates Integrated Organ Immunity by feedback of the adaptive immune response to imprint prolonged innate antiviral resistance,Mus musculus (10090),PRJNA1021327,1021327
"F2833 scRNA-seq data for manuscript ""Therapeutic vaccine containing a novel liposomal adjuvant shifts pathogenic Th17 cells into a Tr1-like phenotype""",Mus musculus (10090),PRJNA1005277,1005277
"F2702 bulk RNA-seq data for manuscript ""Therapeutic vaccine containing a novel liposomal adjuvant shifts pathogenic Th17 cells into a Tr1-like phenotype""",Mus musculus (10090),PRJNA1005270,1005270
Andes virus mRNA vaccines: comparison of unmodified and modified mRNA platforms [scRNA-seq],Mus musculus (10090),PRJNA1002186,1002186
RNA-seq analysis of myeloid cells in dLNs post-administration of mRNA vaccine,Mus musculus (10090),PRJNA1001335,1001335
Micronanoparticled risedronate exhibits potent vaccine adjuvant effects [scRNA-Seq],Mus musculus (10090),PRJNA1000479,1000479
Micronanoparticled risedronate exhibits potent vaccine adjuvant effects [RNA-Seq],Mus musculus (10090),PRJNA1000477,1000477
Transcriptome atlas of injection site response reveals initial mechanisms of mRNA vaccine immunity,Mus musculus (10090),PRJNA999716,999716
Analysis of mouse antigen specific germinal centre B cell subset gene signatures in presence and absence of kidney disease during T dependent immunization,Mus musculus (10090),PRJNA994959,994959
"Single-cell comparison of day 7 vaccine, listeria and vaccinia virus elicited CD8 T cells",Mus musculus (10090),PRJNA994916,994916
Vaccine Infection T cell Comparison,Mus musculus (10090),PRJNA994915,994915
Effect of a dendritic cells derived extracellular vesicle as therapeutic vaccine platform to induce neuroprotective immunity for spinal cord injury,Mus musculus (10090),PRJNA986559,986559
An mRNA-based universal vaccine candidate confers improved cross-protection against heterosubtypic influenza viruses in mice,Mus musculus (10090),PRJNA982857,982857
BCG vaccination reprograms the function of myeloid cells and aggravates necrotizing enterocolitis in neonates,Mus musculus (10090),PRJNA980208,980208
Bulk neocortical RNA sequencing of rNLS8 mice (on mixed C57BL/6J × C3H/HeJ background ) +/- active immunization with C-terminal hTDP-43 antigens,Mus musculus (10090),PRJNA977561,977561
Mouse ear tissue at 7 days post immunization,Mus musculus (10090),PRJNA962929,962929
Mouse ear tissue at 21 days post immunization,Mus musculus (10090),PRJNA962928,962928
Mouse ear tissue at 2 days post immunization,Mus musculus (10090),PRJNA962919,962919
Therapeutic vaccine induced plasma cell differentiation is defective upon persistent HBsAg stimulation [scRNA],Mus musculus (10090),PRJNA962880,962880
Therapeutic vaccine induced plasma cell differentiation is defective upon persistent HBsAg stimulation [bulkRNA],Mus musculus (10090),PRJNA962879,962879
Effect of intranasal vaccination on transcriptome of mouse lung immune cells,Mus musculus (10090),PRJNA955185,955185
Low protease activity in B cell follicles promotes retention of intact antigens after immunization,Mus musculus (10090),PRJNA951674,951674
Intranasal delivery of NS1-deleted influenza virus vectored COVID-19 vaccine restrains the SARS-CoV-2 inflammatory response (Mouse Lung scRNA-seq Data),Mus musculus (10090),PRJNA950408,950408
Intranasal delivery of NS1-deleted influenza virus vectored COVID-19 vaccine restrains the SARS-CoV-2 inflammatory response (Mouse Lung RNA-seq Data),Mus musculus (10090),PRJNA946278,946278
Mycolic acid nanoparticle vaccination leads to lipid antigen persistence and unique differentiation of mycobacterial-specific T cells,Mus musculus (10090),PRJNA938471,938471
Synthetic self-adjuvanted lipopeptide vaccines conferred protection against Helicobacter pylori infection,Mus musculus (10090),PRJNA938108,938108
Polyvalent mRNA vaccination elicited potent immune response to monkeypox surface antigens,Mus musculus (10090),PRJNA934311,934311
Natural killer cell transcriptomics following vaccinia virus infection of mice,Mus musculus (10090),PRJNA934308,934308
mRNA and lncRNA profiling of mice spleens inoculated with group ACYW135 meningococcal polysaccharide vaccine,Mus musculus (10090),PRJNA931916,931916
Intranasal administration of adenoviral vaccines expressing SARS-CoV-2 spike protein improves vaccine immunity in mouse models,Mus musculus (10090),PRJNA926503,926503
Gene expression signatures to the radiation attenuated Schistosome Vaccine,Mus musculus (10090),PRJNA922116,922116
Single-cell transcriptomes and T Cell receptors of vaccine-expanded Apolipoprotein B-specific T cells,Mus musculus (10090),PRJNA913827,913827
Intrinsic innate immunostimulation by small circRNA vaccines [BMDCs],Mus musculus (10090),PRJNA912723,912723
Adenosine deaminase augments SARS-CoV-2 specific cellular and humoral responses in aged mouse models of immunization and challenge,Mus musculus (10090),PRJNA897899,897899
Transcriptomic profiling of mouse spleen mascrophages following adjuvant vaccination,Mus musculus (10090),PRJNA891883,891883
Development of next-generation therapeutic antibodies using rapid mRNA immunization of humanized mice,Mus musculus (10090),PRJNA890315,890315
Interventional hydrogel microsphere vaccine as an immune amplifier for activated antitumour immunity after ablation therapy,Mus musculus (10090),PRJNA890235,890235
Parenteral BCG vaccine induces respiratory mucosal-resident memory macrophages and trained innate immunity via the gut-lung axis II,Mus musculus (10090),PRJNA880578,880578
Parenteral BCG vaccine induces respiratory mucosal-resident memory macrophages and trained innate immunity via the gut-lung axis I,Mus musculus (10090),PRJNA880577,880577
BCG vaccination of mice elicits transcriptional changes in blood that predict protection against M.tb. challenge,Mus musculus (10090),PRJNA876124,876124
Single-cell gene expression analysis of pulmonary immune cells from BCG-vaccinated and CoMtb mice [scRNAseq],Mus musculus (10090),PRJNA874454,874454
Gene expression analysis of mouse alveolar macrophages infected with Mycobacterium tuberculosis isolated from BCG-vaccinated mice [balRNAseq],Mus musculus (10090),PRJNA874453,874453
Gene expression analysis of alveolar macrophages from BCG-vaccinated and CoMtb mice stimulated ex vivo [exvivoRNAseq],Mus musculus (10090),PRJNA874452,874452
Splenic memory CD8 T cell signature of enhanced responsiveness to vaccine boost,Mus musculus (10090),PRJNA854971,854971
An inactivated multivalent influenza A virus vaccine is broadly protective in mice and ferrets [mouse],Mus musculus (10090),PRJNA847932,847932
Gene expression profile at single cell level of splenic antigen specific memory B-cells after immunization with the Fentanyl-VAST vaccine platform,Mus musculus (10090),PRJNA834835,834835
Variant-specific vaccination induces systems immune responses and potent in vivo protection against SARS-CoV-2 [scRNA-seq],Mus musculus (10090),PRJNA830587,830587
Longitudinal transcriptional profiling of CD8 cells in response to infection and vaccination across tissues,Mus musculus (10090),PRJNA817611,817611
Differential gene expression in W614A-3S peptide-specific B cell populations following W614A-3S peptide-KLH vaccination using Squalene emulsion and Alum formulation,Mus musculus (10090),PRJNA817566,817566
Single cell analysis uncovers novel populations of CD4+ T cells associated with antifungal vaccine efficacy,Mus musculus (10090),PRJNA815340,815340
Molecular characterization of hypothalamus-infiltrating T cells following Pandemrix® vaccination of Orex-HA mice through bulk RNA sequencing of T cell subsets,Mus musculus (10090),PRJNA801465,801465
Non-protective immune imprint underlies failure of S.  aureus IsdB vaccine,Mus musculus (10090),PRJNA796575,796575
Dithranol as novel co-adjuvant for non-invasive dermal vaccination,Mus musculus (10090),PRJNA781116,781116
B cell intrinsic TBK1 is essential for germinal center formation during infection and vaccination,Mus musculus (10090),PRJNA779866,779866
Novel transcriptional and translational biomarkers of tularemia vaccine efficacy in a mouse inhalation model: proof of concept,Mus musculus (10090),PRJNA773752,773752
RNA-seq profiles of germinal center B cells from spleens of wild-type and Il21r-deficient mice after immunization with NP-KLH,Mus musculus (10090),PRJNA764732,764732
Dirty mice as an alternative for preclinical vaccine testing,Mus musculus (10090),PRJNA758072,758072
"Expression data from germinal center (GC) B cells of Tnfrsf13B wild type, knockout and A144E mutant mice 10 days post immunization with allogenic cells",Mus musculus (10090),PRJNA757685,757685
Transcriptomic analysis of ChAdOx/MVA P1A vaccine-induced P1A-35-43-specific CD8+ T-cells by single-cell RNA-sequencing,Mus musculus (10090),PRJNA751026,751026
Transcriptomic analysis of 15V4T3 tumours from ChAd/MVA vaccine + anti-PD-1 treated mice by RNA-sequencing,Mus musculus (10090),PRJNA750730,750730
Single Cell RNA-seq of the draining lymph nodes of mice treated with either 3M052 or Yellow Fever Vaccine (YF),Mus musculus (10090),PRJNA748035,748035
Single cell immune response to the mRNA SARS-CoV-2 vaccine and yellow fever in the lymph nodes of mice,Mus musculus (10090),PRJNA742383,742383
Transcriptome analysis of BMDCs treated with nanovesicle vaccines,Mus musculus (10090),PRJNA741932,741932
Vaccine driven lung TRM cells provide immunity against Klebsiella via fibroblast IL-17R signaling [scRNA-Seq],Mus musculus (10090),PRJNA738836,738836
Transcriptome analysis of T cells from mice immunized with Sindbis Virus Spike and/or aOX40,Mus musculus (10090),PRJNA735259,735259
Vaccine driven lung TRM cells provide immunity against Klebsiella via fibroblast IL-17R signaling,Mus musculus (10090),PRJNA731906,731906
Gene expression on SARS CoV-2 specific CD8 T cells after SARS CoV-2 vaccination,Mus musculus (10090),PRJNA726170,726170
Gut IgA Enhances Systemic IgG Responses to Pneumococcal Vaccines Through the Commensal Microbiota,Mus musculus (10090),PRJNA725246,725246
Effect of T-bet on the transcriptome of CD4+ T cells after CII immunization,Mus musculus (10090),PRJDB11459,719319
The mRNA-LNP platform’s lipid nanoparticle component used in preclinical vaccine studies is highly inflammatory,Mus musculus (10090),PRJNA704856,704856
Neutrophil Subtypes Shape HIV-specific CD8 T Cell Responses After Vaccinia Virus Infection.,Mus musculus (10090),PRJNA693704,693704
Single cell transcriptional analysis reveals the effects of mucosal vaccination on mouse lung CD4 T cell compartments,Mus musculus (10090),PRJNA691282,691282
Gene expression signatures to the radiation attenuated Schistosome Vaccine,Mus musculus (10090),PRJNA688890,688890
Vaccine-elicited CD4 T cells prevent the deletion of antiviral B cells in chronic infection,Mus musculus (10090),PRJNA677948,677948
Vaccine-elicited CD4 T cells prevent the deletion of antiviral B cells in chronic infection,Mus musculus (10090),PRJNA672903,672903
"The Effect of Calcium on Activity, Immunogenicity and Efficacy of a Recombinant N1/N2 Neuraminidase Vaccine",Mus musculus (10090),PRJNA671601,671601
Engineered Antibody Cytokine Chimera Synergizes with DNA-Launched Nanoparticle Vaccines to Potentiate Suppression of Melanoma Proliferation in vivo,Mus musculus (10090),PRJNA669688,669688
Subunit vaccine elicited lung TRM cells use fibroblast IL-17R signaling to provide serotype independent immunity against hypervirulent K. pneumoniae,Mus musculus (10090),PRJNA661089,661089
Mechanisms of interleukin 4 mediated increase in efficacy of vaccines against opioid use disorders.,Mus musculus (10090),PRJNA660259,660259
gene expression of aorta of ApoE KO mice after Gpnmb vaccine treatment,Mus musculus (10090),PRJNA650406,650406
A single-dose intranasal vaccination elicits systemic and mucosal immunity against SARS-CoV-2,Mus musculus (10090),PRJNA650199,650199
Dengue specific immunoglobulin repertoires comparison between the repeated and epitope-decreased immunizations,Mus musculus (10090),PRJNA645965,645965
scRNA-seq of murine effector CD8 T cells in response to local vaccination,Mus musculus (10090),PRJNA638892,638892
"Generation of a Broadly Useful Model for COVID-19 Pathogenesis, Vaccination, and Treatment",Mus musculus (10090),PRJNA633852,633852
Transcriptome analysis of synovial osteoprogenitor populations in mice with antigen-induced arthritis and non-immunized mice,Mus musculus (10090),PRJNA623319,623319
Tcf1 and Lef1 regulate follicular helper T cell function eliciated by vaccination [RNA-Seq],Mus musculus (10090),PRJNA610569,610569
Transcriptional responses in muscle of pregnant mouse upon immunization,Mus musculus (10090),PRJNA603074,603074
Respiratory syncytial virus (RSV) F subunit vaccine with adjuvants affect immunity in BALB/c mice,Mus musculus (10090),PRJNA601122,601122
Transcriptome response of lung in response to vaccination of inactivated whole cells of A. baumannii,Mus musculus (10090),PRJNA594534,594534
Transcriptomic analysis of naïve B cells and antigen-specific activated B cells and plasma cells from 4dpi NP-LPS immunized mice [NPLPS_PC],Mus musculus (10090),PRJNA593427,593427
Impact of metformin treatment on CD8 in non and BCG-vaccinated mice,Mus musculus (10090),PRJNA587714,587714
Preventative and therapeutic effect of ∆pep27 intranasal vaccine in DSS-induced colitis,Mus musculus (10090),PRJNA587617,587617
Comparison of whole blood transcriptional changes induced by menignoccocal capsular group B vaccines in mice,Mus musculus (10090),PRJNA580190,580190
Comparative genome-wide analysis of whole skin from mice vaccinated with E7SH/ISG15-ΔGG versus E7SH/EV,Mus musculus (10090),PRJNA579926,579926
Transcriptome analysis on OVA-GA(10) immunized GA-CFP mice,Mus musculus (10090),PRJNA575764,575764
RNA-seq of CD4+ T cell subsets in KLH-gp61 immunization,Mus musculus (10090),PRJNA564588,564588
Germline-Encoded Affinity for Cognate Antigen Enables Vaccine Amplification of a Human Broadly Neutralizing Response Against Influenza Virus,Mus musculus (10090),PRJNA559930,559930
Whole genome profiling of murine lymphocytes and statistical validation of a panel of immune molecules to predict vaccine efficacy against Mycobacterium tuberculosis,Mus musculus (10090),PRJNA559380,559380
Study of visceral leishmaniasis establishment - Gene expression from (un)infected (non-)vaccinated mouse spleen samples,Mus musculus (10090),PRJNA556008,556008
Specific targeting of IL-1β activity to CD8+ T cells allows for safe use as a vaccine adjuvant,Mus musculus (10090),PRJNA555995,555995
Cytokine and receptor expression in skin draining lymph nodes after skin immunization,Mus musculus (10090),PRJNA551459,551459
CARD9-associated Dectin-1 and Dectin-2 are Required for Protective Immunity of a Multivalent Vaccine Against Coccidioides posadasii Infection,Mus musculus (10090),PRJNA550079,550079
Comparative transcriptomics between species to assess the immune mechanisms underlying the increased reactogenicity of the four component meningococcal capsular group B vaccine when given concomitantly with routinely-administered vaccines,Mus musculus (10090),PRJNA546495,546495
"Comparative transcriptomics between species attributes reactogenicity pathways induced by the capsular group B meningococcal vaccine, 4CMenB, to the membrane-bound endotoxin of its outer membrane vesicle component.",Mus musculus (10090),PRJNA545310,545310
Gene expression comparison of splenic virus-specific CD8 T cells after immunization with LCMV vector and treatment with IgG or aIFNAR1,Mus musculus (10090),PRJNA532908,532908
Vaccination accelerates hepatic erythropoiesis induced by blood-stage malaria,Mus musculus (10090),PRJNA530224,530224
Intranasal immunization with CpG-B Oligodeoxynucleotides protects CBA mice from lethal equine herpesvirus 1 challenge,Mus musculus (10090),PRJNA523387,523387
Analysis of murine neonatal Germinal Center (GC) B cells transcriptome (RNA-Seq) following HA/CAF01 immunization in the presence or absence of maternal antibodies,Mus musculus (10090),PRJNA518898,518898
RNA-sequencing of NALT from mouse after intranasal immunization with B. abortus rMDH loaded chitosan nanoparticles (CNs),Mus musculus (10090),PRJNA517469,517469
"Whole-transcriptome profiling of LCMV.GP66-77 specific CD4 T cells isolated from bone marrow (BM) and spleen, 60 days after last immunization [RNA-seq]",Mus musculus (10090),PRJNA513500,513500
"IL-12 From Endogenous cDC1, and Not Vaccine DC, Is Required for Th1 Induction",Mus musculus (10090),PRJNA513047,513047
Transcriptome of  draining lymph nodes from the mice immunized with RABV,Mus musculus (10090),PRJNA505824,505824
Transcriptome analysis of Brucella abortus S19∆per (a perosaminesynthetase gene mutant of strain S19)  immunized mice spleen revealed activation of MHC-I and MHC-II pathways,Mus musculus (10090),PRJNA495392,495392
Identification of Biomarkers of Vaccine Reactogenicity,Mus musculus (10090),PRJNA494386,494386
Trancriptional profile of WT and Notch2 cDC2s after immunization with SRBC,Mus musculus (10090),PRJNA488601,488601
IL-27 in vaccine elicited cellular immunity,Mus musculus (10090),PRJNA449508,449508
Gene expression in Listeria- or vaccine-elicited T cells,Mus musculus (10090),PRJNA448893,448893
Gene expression of liver of vaccination-protected mice in response to early patent infections of Plasmodium chabaudi blood-stage malaria,Mus musculus (10090),PRJNA435948,435948
"Transcription profiles of fate mapped IL17aiCre+flox/stop/flox-YFP+ TH17 cells, CD44intCD27+ TH17 cells and CD44hiCD27- TH17 cells from WT or Raptor-ko (flox/flox) mice after immunization with Myelin Oligodendrocyte Glycoprotein (MOG)",Mus musculus (10090),PRJNA420445,420445
NK cell regulation of T cells following LCMV infection of vaccinated and unvaccinated mice,Mus musculus (10090),PRJNA419062,419062
Comparative transcriptome analysis of murine macrophages infected with Brucella suis vaccine strain S2 and the virulent Brucella suis strain 1330,Mus musculus (10090),PRJNA415479,415479
Modeling of the Response to a Multiple Vaccination Schedule Using the Adjuvant Neisseria meningitidis Porin B,Mus musculus (10090),PRJNA412385,412385
Spleen transcriptional profiling of Mus musculus BALB/c strain after DNA vaccination against influenza H5N1,Mus musculus (10090),PRJNA395345,395345
Altered infant T cell differentiation in infection or vaccination reduces lung tissue-resident memory generation,Mus musculus (10090),PRJNA395219,395219
Characterizing the innate and adaptive responses of immunized mice to Bordetella pertussis infection using in vivo imaging and transcriptomics analyses,Mus musculus (10090),PRJNA394758,394758
CXCR3 signaling is required for restricted homing of parenteral TB vaccine-induced T cells to both the lung parenchyma and airway,Mus musculus (10090),PRJNA391259,391259
Expression data from draining lymph node of mice immunized with AS01 or its components,Mus musculus (10090),PRJNA384711,384711
Effect of immunization co-stimuli on transcriptome of mouse splenic IgM− B220lo CD138+ plasma cells,Mus musculus (10090),PRJNA381006,381006
Gene expression analysis in naïve and vaccine (peptide vs. DC) primed pmel-1 CD8 Tcells,Mus musculus (10090),PRJNA371429,371429
High-throughput sequencing after immunization with pep27 mutant,Mus musculus (10090),PRJNA362195,362195
Expression data from bone marrow derived DCs stimulated with different peptide-based nanovaccine formulations against L. infantum infection,Mus musculus (10090),PRJNA358682,358682
Gene expression in the brains of different strains of laboratory mice upon intranasal infection with vaccine strain (TC83) of Venezuelan equine encephalitis virus,Mus musculus (10090),PRJNA356823,356823
Microarray analysis of innate immune response induced by immunization with the adjuvant QS-21 in lymph node and muscle in mice.,Mus musculus (10090),PRJNA356243,356243
Organism-level analysis of vaccination reveals networks of protection across tissues,Mus musculus (10090),PRJNA355404,355404
Effect of immunization co-stimuli on transcriptome of mouse splenic IgG1+ germinal center B cells,Mus musculus (10090),PRJNA352913,352913
"Advax, a delta inulin microparticle, potentiates in-built adjuvant property of co-administered vaccines",Mus musculus (10090),PRJNA350829,350829
Organism-level analysis of vaccination reveals networks of protection across tissues,Mus musculus (10090),PRJNA345545,345545
Transcriptomic profiling of mice receiving immunoprophylactic and immunotherapeutic hypoallergen-encoding DNA vaccine,Mus musculus (10090),PRJNA342672,342672
Molecular signatures of clinically tested vaccine adjuvants,Mus musculus (10090),PRJNA338195,338195
rSm-p80 Mice Vaccination Time Points,Mus musculus (10090),PRJNA331192,331192
rSm-p80 Vaccination Time Points,Mus musculus (10090),PRJNA328505,328505
Effect of vaccine administration routes on responses to a Bordetella pertussis outer membrane vesicle vaccine - lymph nodes,Mus musculus (10090),PRJNA326478,326478
Effect of vaccine administration routes on responses to a Bordetella pertussis outer membrane vesicle vaccine - lung,Mus musculus (10090),PRJNA326474,326474
Immunization with Attenuated Equine Herpesvirus 1 Strain KyA Induces Innate Immune Responses that Protect Mice from Lethal Challenge,Mus musculus (10090),PRJNA320903,320903
Gene expression data from OVA-immunized WT and Rptor-/- follicular regulatory T cells,Mus musculus (10090),PRJNA312896,312896
Expression data from CD8 memory T cells after IN immunization compared to IM immunization,Mus musculus (10090),PRJNA310146,310146
Deletion of nuoG in recombinant BCG vaccine against TB,Mus musculus (10090),PRJNA299622,299622
Gene expression in brain tissue from MOG-immunized wild-type or C57BL/6Je/e mice at disease maximum.,Mus musculus (10090),PRJNA297368,297368
Adenoviral vector vaccination induces a conserved program of CD8+ T cell memory differentiation in mouse and man,Mus musculus (10090),PRJNA296685,296685
Immediate dysfunction of vaccine-elicited CD8+ T cells primed in the absence of CD4+ T cells,Mus musculus (10090),PRJNA295965,295965
Transcriptional dysregulation of inflammatory/immune pathways after active vaccination against Huntington’s disease,Mus musculus (10090),PRJNA292125,292125
Splenic gene expression profile of mice immunized with an anti-Fasciola hepatica vaccine candidate: insights into the immunological mechanisms leading to protection,Mus musculus (10090),PRJNA285982,285982
Ten day time course of effect of influenza vaccination on gene expression profiles of PBMC and circulating B cells in mice,Mus musculus (10090),PRJNA283896,283896
Ten day time course of effect of influenza vaccination on gene expression profiles of lymph node cells (unselected cells and B cells) in mice,Mus musculus (10090),PRJNA283895,283895
Ten day time course of effect of influenza vaccination on gene expression profiles of spleen cells (unselected cells and B cells) in mice,Mus musculus (10090),PRJNA283894,283894
Early dendritic cell molecular signature modelling predicts late vaccine-induced adaptive T-cell responses (Codelink),Mus musculus (10090),PRJNA278649,278649
Early dendritic cell molecular signature modelling predicts late vaccine-induced adaptive T-cell responses (Illumina),Mus musculus (10090),PRJNA278648,278648
"Effect of Antigen, Type I IFN and STING Signaling on CD8 T Cell Immunity With Adenoviral Vaccines",Mus musculus (10090),PRJNA271285,271285
Rescue of CD8+ T cell vaccine memory in mice following sublethal g radiation exposure,Mus musculus (10090),PRJNA271035,271035
Vaccine-Elicited CD4 T Cells Induce Immunopathology Following Chronic LCMV Infection,Mus musculus (10090),PRJNA269164,269164
Mechanisms of protection of a novel murine cytomegalovirus vaccine vector against Mycobacterium tuberculosis,Mus musculus (10090),PRJNA246717,246717
mRNA expression profiles of antigen-specific CD8+ T cells induced by DNA prime-DNA boost and DNA prime-VACV boost immunization regimen,Mus musculus (10090),PRJNA225605,225605
Gene Expression Analysis of Host Immune Responses in the UV inactivated SARS-CoV-immunized mice following Lethal SARS-CoV Infection,Mus musculus (10090),PRJNA189277,189277
"Studies in a murine B16 melanoma model show that persistent antigen at vaccination sites induces CD8+ T cell sequestration, dysfunction and deletion",Mus musculus (10090),PRJNA188175,188175
Expression of genes in the spleen of WT and MUC1.Tg mice immunized with dendritic cells loaded with MUC1 peptide,Mus musculus (10090),PRJNA186608,186608
MOG-encoding DNA vaccines ameliorate EAE and display neuroprotective effects in treated mice summary,Mus musculus (10090),PRJNA143471,143471
Genome-wide analysis of gene expression in lymph nodes and vaccination site in mice vaccinated with adenovirus and MVA mixed formulations,Mus musculus (10090),PRJNA143357,143357
Expression data from DC-induced Hopx-deficient and sufficient regulatory T cells after immunization,Mus musculus (10090),PRJNA131557,131557
To compare the expression profile of CD8 T cells from mice vaccinated with Ad85A via the intranasal (IN) or intradermal (ID) routes isolated from lungs or spleen.,Mus musculus (10090),PRJNA130877,130877
Mycobacterium bovis-BCG vaccination induces a specific pulmonary transcriptome biosignature in mice,Mus musculus (10090),PRJNA126627,126627
"Skin Electrovaccination: Effects on Transgene Expression, DNA Persistence and Local Tissue Environment",Mus musculus (10090),PRJNA119287,119287
Expression data from spleens of mice immunized using LPS vs MPL as adjuvant.,Mus musculus (10090),PRJNA99785,99785
Expression data from immunized B10.BR mice,Mus musculus (10090),PRJNA99381,99381
Gene expression profiles in gastric mucosa from a transgenic mice infected with H. pylori and immunized with BabA,Mus musculus (10090),PRJNA96295,96295
