"","Module title","ID","Composite name","Module size...4","Module category","Annotation level","Web link","Top matched pathway in KEGG, PID and BIOCARTA","Jaccard Index...10","Enrichment p value...11","Pathway size","Overlap size...13","Top matched Chaussabel module","Jaccard Index...15","Enrichment p value...16","Module size...17","Overlap size...18","Top matched Transcription Factor","Jaccard Index...20","Enrichment p value...21","Gene set size","Overlap size...23","Top matched Gene Ontology terms (number of matched genes)","btm","group","subgroup","SetSize","Genes"
"1","B cell development","M9","B cell development (M9)",11,"immune","partial","http://www.interactivefigures.com/meni/btm416_annotation/btmdata/M9.htm",NA,NA,NA,NA,NA,NA,NA,NA,NA,NA,"PU1_Q6",0.03,1.55e-08,182,5,"protein binding (8), immune response (6), signal transduction (5)","M9","B CELLS","B CELLS",11,"TNFSF13, LIF, HHEX, CEBPE, CBFA2T3, LTA, SPI1, TLR4, CCR7, LYN, TNF"
"2","B cell development/activation","M58","B cell development/activation (M58)",11,"immune","partial","http://www.interactivefigures.com/meni/btm416_annotation/btmdata/M58.htm","KEGG_B_CELL_RECEPTOR_SIGNALING_PATHWAY",0.05,3.88e-08,75,4,NA,NA,NA,NA,NA,"OCT1_Q6",0.05,4.14e-23,210,11,"protein binding (10), cytoplasm (8), plasma membrane (7)","M58","B CELLS","B CELLS",11,"TCF4, JAM3, NEDD4, GAB2, PIK3CD, SPIB, BCL2, LYN, DUSP6, BTK, BLNK"
"3","B cell surface signature","S2","B cell surface signature (S2)",169,"immune","complete","http://www.interactivefigures.com/meni/btm416_annotation/btmdata/S2.htm",NA,NA,NA,NA,NA,NA,NA,NA,NA,NA,NA,NA,NA,NA,NA,"integral to membrane (140), plasma membrane (123), protein binding (93)","S2","B CELLS","B CELLS",169,"SSPN, AVPR1A, KCNE4, TSPAN13, CD37, HEPACAM2, GYPA, SEMA4B, EGF, GPR37, MS4A1, C11orf87, USH2A, PPP1R3A, OR12D3, POPDC3, DCC, SLC12A1, GP5, CDH5, SLITRK6, HLA-DPB1, PCDHA3, TRHDE, FAIM3, CD22, GHR, LY9, TAS2R13, FLRT2, TPTE, TMEM100, GYPE, PLD4, ADAM7, KCNMB3, FCRL3, GPR6, CSPG4, SYT2, ROBO2, NRXN3, FREM2, TRPC1, GPR116, TMEM47, SCN3A, NPY1R, LPPR4, NOX4, PDZK1IP1, CCR9, CD200, GABBR1, EDNRB, GJC1, LHCGR, PCDHB8, NT5E, PDPN, PCDHB4, CLDN8, LRRTM4, HRH4, NMBR, NCAM2, GRM5, TM4SF20, IL5RA, JAM2, JAM3, IL28RA, MC3R, F2RL3, ASTN1, MOGAT2, SLC26A7, SLC24A1, TACR3, CR2, IL13RA2, IMPG2, LRRC19, TMEFF2, ITM2C, PCDH10, BTC, GPR98, AGTR1, CD19, TMEM133, CD72, UGT2A3, OR11A1, TLR10, CSMD1, TRPC7, CCR6, GABRA5, PLP1, CD79B, CLCA4, CD79A, CNR1, EPHA3, SLC30A10, SGCE, BTLA, CHRNB4, PCDHB10, PCDHB16, PCDHB15, PCDHB14, CADM2, GPR85, SLC6A15, GPR87, NLGN1, SLC13A1, CELSR1, OR1E1, GABRB1, CD180, ADAM28, CXADR, TAAR2, HHLA2, SLC17A6, CNTNAP3, SLC6A16, HLA-DOA, HLA-DOB, HLA-DPA1, ABCA8, CD52, OR2J2, CHL1, TMEM156, SLC5A7, P2RX5, OR2W1, LPHN3, LPHN2, HLA-DRA, LRP1B, CXCR5, ABCB4, FCRL1, FCRL2, PCDH20, FCRL5, KCND2, SLC44A5, ITGB6, NLGN4Y, FCGR2B, CHRM2, PTH2R, HEPH, CD24, PCDH9, BAI3, PTPRR, SELE, FAM26F, SCN1A, HTR1E, PTPRK, HLA-DMA"
"4","BCR signaling","M54","BCR signaling (M54)",12,"immune","complete","http://www.interactivefigures.com/meni/btm416_annotation/btmdata/M54.htm","KEGG_B_CELL_RECEPTOR_SIGNALING_PATHWAY",0.16,8.69e-31,75,12,NA,NA,NA,NA,NA,"OCT1_Q6",0.02,3.62e-06,210,4,"protein binding (11), plasma membrane (9), cytosol (9)","M54","B CELLS","B CELLS",12,"INPP5D, SYK, PIK3CD, VAV1, PLCG2, PIK3R5, PIK3R3, RAC2, LYN, PTPN6, BTK, BLNK"
"5","CCR1, 7 and cell signaling","M59","CCR1, 7 and cell signaling (M59)",10,"immune","partial","http://www.interactivefigures.com/meni/btm416_annotation/btmdata/M59.htm",NA,NA,NA,NA,NA,"[Chaussabel.v2]M3.2",0.02,2.73e-05,138,3,"HSF1_01",0.02,1.44e-08,202,5,"protein binding (9), nucleus (4), cytoplasm (4)","M59","SIGNAL TRANSDUCTION","SIGNAL TRANSDUCTION",10,"DUSP6, ZNF423, TIMP2, SOCS2, MAPK14, CCR1, CISH, CCR7, BCL6, TRIB1"
"6","CD1 and other DC receptors","M50","CD1 and other DC receptors (M50)",10,"immune","complete","http://www.interactivefigures.com/meni/btm416_annotation/btmdata/M50.htm","KEGG_HEMATOPOIETIC_CELL_LINEAGE",0.11,5.61e-25,88,10,NA,NA,NA,NA,NA,NA,NA,NA,NA,NA,"protein binding (9), plasma membrane (9), integral to plasma membrane (8)","M50","INNATE RESPONSE","INFLAMMATORY/TLR/CHEMOKINES",10,"CD1E, CD1B, CD1C, CD1A, CSF1R, IL1R2, CSF2RA, ANPEP, CD9, IL1R1"
"7","CD4 T cell surface signature Th1-stimulated","S6","CD4 T cell surface signature Th1-stimulated (S6)",9,"immune","complete","http://www.interactivefigures.com/meni/btm416_annotation/btmdata/S6.htm",NA,NA,NA,NA,NA,NA,NA,NA,NA,NA,NA,NA,NA,NA,NA,"integral to membrane (9), membrane (7), protein binding (4)","S6","T CELLS","T CELLS",9,"F2R, TMEM200A, C6orf129, GPR19, LAG3, NDFIP2, TSPAN5, SV2A, GPR114"
"8","CD4 T cell surface signature Th2-stimulated","S7","CD4 T cell surface signature Th2-stimulated (S7)",13,"immune","complete","http://www.interactivefigures.com/meni/btm416_annotation/btmdata/S7.htm",NA,NA,NA,NA,NA,NA,NA,NA,NA,NA,NA,NA,NA,NA,NA,"membrane (9), integral to membrane (8), plasma membrane (7)","S7","T CELLS","T CELLS",13,"SLC37A3, GPR15, CD28, CLDND1, TMEM200A, SLC4A7, IL17RB, ITM2A, GPR171, SIT1, C6orf129, MAL, CD3G"
"9","DC surface signature","S5","DC surface signature (S5)",82,"immune","complete","http://www.interactivefigures.com/meni/btm416_annotation/btmdata/S5.htm",NA,NA,NA,NA,NA,NA,NA,NA,NA,NA,NA,NA,NA,NA,NA,"integral to membrane (68), plasma membrane (53), membrane (52)","S5","INNATE RESPONSE","INFLAMMATORY/TLR/CHEMOKINES",82,"CSF2RB, TM2D2, CD1E, CD1B, PPAP2B, SLC7A8, CD1A, KMO, CD58, LRFN4, CCRL2, SIGLEC1, CD151, ADAM12, TM7SF4, SLC36A1, PDCD1LG2, PSEN2, GPR137B, C19orf28, TMEM158, PTGFRN, IL1R1, SLC6A6, SPINT2, LRP11, FZD5, TSPAN33, DIRC2, ALCAM, CD83, GJB2, GPNMB, ABHD12, CD9, EMP1, TFRC, HLA-DQB1, LHFPL2, TACSTD2, COLEC12, JAG1, SUCNR1, TMEM51, TGFA, SLC38A6, ITPRIPL2, CALCRL, CLDN23, ATP1B2, GRINA, FPR3, RAMP1, ATP1B1, TREM2, SRD5A3, SLC41A2, FAM70A, LAMP2, ABCC3, DENND1B, P2RY6, NRP1, NRP2, CXCL16, PRRG4, CRIM1, GPR157, OLR1, CD274, SDC2, SLCO2B1, SLC7A11, ADAM9, ABCA6, MSR1, ACE, AGPAT3, SLAMF8, SLC1A3, HLA-DQA1, TNFRSF11A"
"10","DNA repair","M76","DNA repair (M76)",22,"biological process","complete","http://www.interactivefigures.com/meni/btm416_annotation/btmdata/M76.htm","KEGG_DNA_REPLICATION",0.26,2.66e-29,36,12,NA,NA,NA,NA,NA,"E2F4DP1_01",0.04,3.14e-10,180,7,"nucleoplasm (22), DNA repair (22), nucleus (21)","M76","CELL CYCLE","CELL CYCLE",22,"PCNA, RFC5, RFC4, RFC3, RFC2, FEN1, FANCD2, RPA1, MRE11A, FANCG, POLD1, POLD3, LIG1, FANCI, BRCA1, BRCA2, GTF2H1, H2AFX, RPA3, POLE2, RAD51, RAD50"
"11","E2F transcription factor network","M8","E2F transcription factor network (M8)",18,"TF targets","partial","http://www.interactivefigures.com/meni/btm416_annotation/btmdata/M8.htm","[PID]E2F transcription factor network",0.09,3.15e-12,55,6,"[Chaussabel.v2]M3.3",0.12,5.07e-15,49,7,"E2F_Q6_01",0.03,3.16e-09,170,6,"protein binding (12), nucleus (11), cytoplasm (10)","M8","CELL CYCLE","CELL CYCLE",18,"BRCA1, CCNA2, E2F2, E2F1, MELK, ORC1L, ZWINT, CDC25A, ERCC6L, ORC6L, C12orf48, KIAA1524, RAD54L, CDCA5, UBE2C, KIAA0101, FAM54A, CDC6"
"12","G protein coupled receptors cluster","M155","G protein coupled receptors cluster (M155)",10,"molecular function","partial","http://www.interactivefigures.com/meni/btm416_annotation/btmdata/M155.htm",NA,NA,NA,NA,NA,NA,NA,NA,NA,NA,NA,NA,NA,NA,NA,"plasma membrane (10), integral to membrane (10), G-protein coupled receptor protein signaling pathway (10)","M155","SIGNAL TRANSDUCTION","SIGNAL TRANSDUCTION",10,"S1PR3, C3AR1, FPR2, PTH2R, PTGER2, LTB4R, PTAFR, FPR1, P2RY2, PTGDR"
"13","G protein mediated calcium signaling","M159","G protein mediated calcium signaling (M159)",10,"signaling","partial","http://www.interactivefigures.com/meni/btm416_annotation/btmdata/M159.htm","KEGG_CALCIUM_SIGNALING_PATHWAY",0.03,4.97e-11,178,6,NA,NA,NA,NA,NA,"RREB1_01",0.02,4.48e-05,163,3,"signal transduction (8), plasma membrane (7), nucleotide binding (7)","M159","SIGNAL TRANSDUCTION","SIGNAL TRANSDUCTION",10,"PLCB1, GNAQ, CAMK4, GNAZ, ADCY9, GNA15, GNG11, PRKAR2B, CALM3, GNAI1"
"14","Hox cluster V","M96","Hox cluster V (M96)",10,"molecular function","complete","http://www.interactivefigures.com/meni/btm416_annotation/btmdata/M96.htm",NA,NA,NA,NA,NA,NA,NA,NA,NA,NA,"HP1SITEFACTOR_Q6",0.03,7.62e-09,178,5,"protein binding (10), sequence-specific DNA binding (9), nucleus (9)","M96","SIGNAL TRANSDUCTION","SIGNAL TRANSDUCTION",10,"PRDM16, CPNE8, HOXB2, HOXB3, HOXB7, HOXA11, HOXA4, HOXA2, NKX2-3, HOXA9"
"15","Hox cluster VI","M107","Hox cluster VI (M107)",11,"molecular function","complete","http://www.interactivefigures.com/meni/btm416_annotation/btmdata/M107.htm",NA,NA,NA,NA,NA,NA,NA,NA,NA,NA,"PIT1_Q6",0.04,7.95e-13,185,7,"nucleus (11), sequence-specific DNA binding transcription factor activity (10), sequence-specific DNA binding (10)","M107","SIGNAL TRANSDUCTION","SIGNAL TRANSDUCTION",11,"HOXB9, HOXB2, HOXB3, HOXB6, HOXA10, HOXA6, HOXA4, HOXA3, HOXA2, C10orf140, HOXA9"
"16","IL2, IL7, TCR network","M65","IL2, IL7, TCR network (M65)",12,"immune","partial","http://www.interactivefigures.com/meni/btm416_annotation/btmdata/M65.htm","BIOCARTA_IL7_PATHWAY",0.21,1.08e-13,17,5,"[Chaussabel.v2]M4.1",0.04,3.65e-06,58,3,NA,NA,NA,NA,NA,"protein binding (7), plasma membrane (6), signal transduction (4)","M65","SIGNAL TRANSDUCTION","SIGNAL TRANSDUCTION",12,"IL7R, PTPRCAP, ITK, TRAC, IL2RG, LTB, TRA@ /// TRAC /// TRAJ17 /// TRAV20, TRBC1, JAK3, CCR7, LCK, BCL2"
"17","MAPK, RAS signaling","M100","MAPK, RAS signaling (M100)",10,"signaling","partial","http://www.interactivefigures.com/meni/btm416_annotation/btmdata/M100.htm","[PID]TCR signaling in na&#xef;ve CD4+ T cells",0.08,3.06e-09,45,4,NA,NA,NA,NA,NA,"MZF1_02",0.02,5.73e-05,177,3,"protein binding (8), cytoplasm (8), platelet activation (6)","M100","SIGNAL TRANSDUCTION","SIGNAL TRANSDUCTION",10,"MAP4K1, RASGRP2, RAC2, RASGRP4, AKT1, TGFB1, MAP2K2, MAP3K11, ARRB2, FLNA"
"18","MHC-TLR7-TLR8 cluster","M146","MHC-TLR7-TLR8 cluster (M146)",17,"immune","complete","http://www.interactivefigures.com/meni/btm416_annotation/btmdata/M146.htm","KEGG_ANTIGEN_PROCESSING_AND_PRESENTATION",0.16,4.28e-35,89,15,NA,NA,NA,NA,NA,NA,NA,NA,NA,NA,"protein binding (17), plasma membrane (16), membrane (15)","M146","INNATE RESPONSE","INFLAMMATORY/TLR/CHEMOKINES",17,"CD74, HLA-DPB1, HLA-DRA, HLA-C, HLA-B, HLA-A, HLA-DRB1, HLA-G, HLA-F, HLA-DRB4, CD4, HLA-DQB1, HLA-E, HLA-DPA1, TLR8, HLA-DQA1, TLR7"
"19","NK cell surface signature","S1","NK cell surface signature (S1)",48,"immune","complete","http://www.interactivefigures.com/meni/btm416_annotation/btmdata/S1.htm","KEGG_NATURAL_KILLER_CELL_MEDIATED_CYTOTOXICITY",0.08,1.67e-18,137,13,NA,NA,NA,NA,NA,NA,NA,NA,NA,NA,"integral to membrane (33), plasma membrane (30), protein binding (26)","S1","NK CELLS","NK CELLS",48,"PDGFRB, TNFSF11, IL12RB2, TNFSF14, SLC7A5, ADRB2, S1PR5, ATP9A, TIE1, PTGDR, NCAM1, KLRF1, ELOVL6, IL18RAP, KIR2DS4, KIR2DS5, KIR2DS2, KIR2DS3, PTGER2, KIR2DS1, SLCO4C1, GPR82, TGFBR3, KLRC3, ENPP5, IL18R1, NCR1, DLL1, FASLG, KIR3DL1, KIR2DL5A, KIR3DL3, IL2RB, TMEM64, CX3CR1, KLRK1, CD97, SYNGR3, RARRES3, KIT, KIR2DL3, KIR2DL2, KIR2DL1, ATP8B4, SLAMF7, PVRIG, GPR114, HAVCR2"
"20","PLK1 signaling events","M4.2","PLK1 signaling events (M4.2)",34,"signaling","complete","http://www.interactivefigures.com/meni/btm416_annotation/btmdata/M4.2.htm","[PID]PLK1 signaling events",0.36,1.7e-40,27,16,"[Chaussabel.v2]M3.3",0.15,4.95e-22,49,11,NA,NA,NA,NA,NA,"protein binding (31), nucleus (27), cytoplasm (21)","M4.2","SIGNAL TRANSDUCTION","SIGNAL TRANSDUCTION",34,"BUB1B, PLK1, CEP55, KIF14, FBXO5, PRC1, MYBL2, NDC80, TPX2, HJURP, ECT2, ASPM, ERCC6L, RAD51AP1, ESPL1, AURKA, WEE1, CLSPN, ASF1B, BUB1, CDC25C, CENPE, SGOL1, NUSAP1, TRIP13, GINS2, KIF23, CDC20, TUBG1, NCAPG, MLF1IP, CKAP2L, SPC25, KIF20A"
"21","RA, WNT, CSF receptors network (monocyte)","M23","RA, WNT, CSF receptors network (monocyte) (M23)",12,"immune","partial","http://www.interactivefigures.com/meni/btm416_annotation/btmdata/M23.htm","[PID]Calcineurin-regulated NFAT-dependent transcription in lymphocytes",0.06,1.37e-06,42,3,"[Chaussabel.v2]M4.13",0.03,9.31e-06,79,3,NA,NA,NA,NA,NA,"protein binding (12), positive regulation of transcription, DNA-dependent (7), nucleus (6)","M23","MONOCYTES","MONOCYTES",12,"RARA, FZD1, CEBPA, CSF2RA, FOS, CSF1R, FZD2, RXRA, SPI1, PTGS2, CSF3R, IL8"
"22","RIG-1 like receptor signaling","M68","RIG-1 like receptor signaling (M68)",10,"immune","partial","http://www.interactivefigures.com/meni/btm416_annotation/btmdata/M68.htm","KEGG_RIG_I_LIKE_RECEPTOR_SIGNALING_PATHWAY",0.14,5.74e-26,71,10,"[Chaussabel.v2]M3.4",0.07,6e-09,53,4,NA,NA,NA,NA,NA,"protein binding (9), cytoplasm (7), innate immune response (6)","M68","INNATE RESPONSE","INTERFERON/ANTIVIRAL SENSING",10,"DDX58, IRF7, DHX58, TRIM25, NFKBIA, IFIH1, TNF, ISG15, CXCL10, IL8"
"23","Ran mediated mitosis","M15","Ran mediated mitosis (M15)",13,"signaling","partial","http://www.interactivefigures.com/meni/btm416_annotation/btmdata/M15.htm","BIOCARTA_RANMS_PATHWAY",0.35,2.16e-18,10,6,NA,NA,NA,NA,NA,NA,NA,NA,NA,NA,"protein binding (11), nucleus (11), cytoplasm (11)","M15","CELL CYCLE","CELL CYCLE",13,"TPX2, BUB1B, PLK1, H2AFX, KIF15, RAN, ESPL1, AURKA, AURKB, UBE2S, RANBP1, KIF2C, KPNA2"
"24","Rho GTPase cycle","M4.14","Rho GTPase cycle (M4.14)",10,"signaling","complete","http://www.interactivefigures.com/meni/btm416_annotation/btmdata/M4.14.htm",NA,NA,NA,NA,NA,NA,NA,NA,NA,NA,NA,NA,NA,NA,NA,"signal transduction (6), nucleus (6), intracellular (6)","M4.14","SIGNAL TRANSDUCTION","SIGNAL TRANSDUCTION",10,"E2F2, ECT2, RACGAP1, CEP55, DEPDC1, ARHGAP11A, DEPDC1B, PRC1, C11orf82, ARHGAP19"
"25","T cell activation (I)","M7.1","T cell activation (I) (M7.1)",50,"immune","partial","http://www.interactivefigures.com/meni/btm416_annotation/btmdata/M7.1.htm","KEGG_T_CELL_RECEPTOR_SIGNALING_PATHWAY",0.09,1.23e-19,108,13,NA,NA,NA,NA,NA,NA,NA,NA,NA,NA,"protein binding (41), plasma membrane (31), cytoplasm (19)","M7.1","T CELLS","T CELLS",50,"IL7R, RASGRP1, THEMIS, CCL5, TCF7, BCL11B, CD5, TIGIT, CD7, CD2, CCR7, CD247, MS4A1, PTPN22, TXK, TRBC1, IL12RB1, IKZF1, SLA2, CAMK4, RORA, EOMES, PRKCQ, ZAP70, SIT1, NLRC3, DPP4, SIRPG, PRKCH, ICOS, CD28, CD27, RHOH, CD8A, ITPR3, LEF1, CD8B, GATA3, CRTAM, ITK, TRAC, KLRK1, IL21R, LCK, CORO1A, SLAMF7, CD3D, CD3E, SLAMF1, CD3G"
"26","T cell activation (II)","M7.3","T cell activation (II) (M7.3)",31,"immune","partial","http://www.interactivefigures.com/meni/btm416_annotation/btmdata/M7.3.htm","BIOCARTA_IL12_PATHWAY",0.26,6.98e-27,23,11,NA,NA,NA,NA,NA,NA,NA,NA,NA,NA,"protein binding (22), plasma membrane (21), integral to membrane (14)","M7.3","T CELLS","T CELLS",31,"CCL5, SP140, TIGIT, CD247, CCR5, NLRC3, PTPRCAP, STAT4, IL12RB1, TRAT1, SLA2, CXCR3, ZAP70, NKG7, SIRPG, ICOS, IFNG, IL18R1, SLAMF7, PTPN7, ITK, CRTAM, GZMA, CD3E, GPR171, TRA@, TARP, CD3D, LCK, SLAMF1, CD3G"
"27","T cell activation (III)","M7.4","T cell activation (III) (M7.4)",14,"immune","partial","http://www.interactivefigures.com/meni/btm416_annotation/btmdata/M7.4.htm",NA,NA,NA,NA,NA,"[Chaussabel.v2]M4.15",0.1,3.73e-11,42,5,"ZIC1_01",0.02,1.14e-07,203,5,"protein binding (11), nucleus (8), cytoplasm (6)","M7.4","T CELLS","T CELLS",14,"KLF12, RASGRP1, THEMIS, NELL2, CD96, CAMK4, RORA, LCK, ATP8B2, ETS1, ZMYND11, PRKCQ, LEF1, GLYR1 /// SEPT6"
"28","T cell activation (IV)","M52","T cell activation (IV) (M52)",13,"immune","partial","http://www.interactivefigures.com/meni/btm416_annotation/btmdata/M52.htm",NA,NA,NA,NA,NA,NA,NA,NA,NA,NA,"PEA3_Q6",0.07,4.85e-28,182,13,"protein binding (9), plasma membrane (5), membrane (5)","M52","T CELLS","T CELLS",13,"SELL, SPI1, GFI1, LPXN, XCL1, GATA3, LAG3, CD5, PTPN6, PTPRC, UNC93B1, LCK, CD3E"
"29","T cell activation and signaling","M5.1","T cell activation and signaling (M5.1)",25,"immune","complete","http://www.interactivefigures.com/meni/btm416_annotation/btmdata/M5.1.htm","BIOCARTA_CSK_PATHWAY",0.36,2.51e-34,24,13,NA,NA,NA,NA,NA,NA,NA,NA,NA,NA,"protein binding (16), plasma membrane (16), T cell receptor signaling pathway (12)","M5.1","T CELLS","T CELLS",25,"CD52, CD4, CD247, CD2, CCR7, BIN2, HLA-DRA, IL12RB1, TRAT1, ZAP70, TRAF3IP3, HLA-DRB1, PRKAR1B, GIMAP6, TRA@, ITK, IL2RG, TRA@ /// TRAC, CD3E, TRA@ /// TRAC /// TRAJ17 /// TRAV20, PTPRC, PRKACB, CD3D, LCK, CD3G"
"30","T cell differentiation","M14","T cell differentiation (M14)",12,"immune","partial","http://www.interactivefigures.com/meni/btm416_annotation/btmdata/M14.htm","KEGG_T_CELL_RECEPTOR_SIGNALING_PATHWAY",0.03,2.38e-05,108,3,"[Chaussabel.v2]M4.1",0.11,4.45e-16,58,7,"ER_Q6_01",0.02,3.16e-06,203,4,"protein binding (11), plasma membrane (4), cytosol (4)","M14","T CELLS","T CELLS",12,"UBASH3A, TCF7, CD28, TXK, ITK, NOG, LRRN3, BCL11B, RASGRP1, SPOCK2, SH2D1A, MAL"
"31","T cell differentiation (Th2)","M19","T cell differentiation (Th2) (M19)",17,"immune","partial","http://www.interactivefigures.com/meni/btm416_annotation/btmdata/M19.htm","KEGG_T_CELL_RECEPTOR_SIGNALING_PATHWAY",0.04,1.46e-08,108,5,NA,NA,NA,NA,NA,NA,NA,NA,NA,NA,"protein binding (10), plasma membrane (8), membrane raft (5)","M19","T CELLS","T CELLS",17,"UBASH3A, CD28, LCK, TRAT1, PKIA, HNRPLL, GZMK, LAT, ITM2A, GRAP2, IL32, GPR171, SIT1, DPP4, GATA3, MAL, CD3G"
"32","T cell differentiation via ITK and PKC","M18","T cell differentiation via ITK and PKC (M18)",11,"immune","complete","http://www.interactivefigures.com/meni/btm416_annotation/btmdata/M18.htm","BIOCARTA_KERATINOCYTE_PATHWAY",0.1,1.39e-11,46,5,"[Chaussabel.v2]M4.15",0.13,1.44e-14,42,6,"AP4_Q6",0.02,7.31e-05,173,3,"protein binding (11), plasma membrane (5), cytoplasm (5)","M18","T CELLS","T CELLS",11,"SIRPG, PRKCH, ITK, SH2D1A, ITM2A, ETS1, FASLG, SPOCK2, PRKCQ, ABLIM1, BCL2"
"33","T cell signaling and costimulation","M44","T cell signaling and costimulation (M44)",10,"immune","partial","http://www.interactivefigures.com/meni/btm416_annotation/btmdata/M44.htm","BIOCARTA_IL7_PATHWAY",0.13,4.45e-08,17,3,NA,NA,NA,NA,NA,"ELK1_01",0.05,1.74e-21,191,10,"protein binding (8), plasma membrane (5), cytosol (5)","M44","T CELLS","T CELLS",10,"IL7R, TCF7, IL23A, FYN, IFI30, CD37, MAPK14, ARHGDIB, LCP1, LCK"
"34","T cell surface signature","S0","T cell surface signature (S0)",27,"immune","complete","http://www.interactivefigures.com/meni/btm416_annotation/btmdata/S0.htm",NA,NA,NA,NA,NA,NA,NA,NA,NA,NA,NA,NA,NA,NA,NA,"integral to membrane (20), membrane (16), plasma membrane (15)","S0","T CELLS","T CELLS",27,"NPDC1, ANKH, LAG3, CD6, CD2, CD320, SLC37A3, C6orf129, NDFIP2, CXCR6, SIT1, SIRPG, ICOS, CD28, SLC38A1, TMEM106C, PTPRCAP, FLT3LG, C12orf23, GIMAP2, LRRN3, CLEC2D, CD3E, ITM2A, GPR171, MAL, CD3G"
"35","T cell surface, activation","M36","T cell surface, activation (M36)",12,"immune","complete","http://www.interactivefigures.com/meni/btm416_annotation/btmdata/M36.htm","KEGG_PRIMARY_IMMUNODEFICIENCY",0.09,2.53e-09,35,4,NA,NA,NA,NA,NA,NA,NA,NA,NA,NA,"protein binding (12), plasma membrane (11), regulation of immune response (10)","M36","T CELLS","T CELLS",12,"CXADR, LILRB4, CD40LG, LILRB2, LILRB1, TYROBP, ITGA4, VCAM1, CD8A, LILRB3, CD3D, CD3E"
"36","TLR and inflammatory signaling","M16","TLR and inflammatory signaling (M16)",45,"immune","complete","http://www.interactivefigures.com/meni/btm416_annotation/btmdata/M16.htm",NA,NA,NA,NA,NA,"[Chaussabel.v2]M3.2",0.07,4.9e-17,138,12,NA,NA,NA,NA,NA,"protein binding (29), plasma membrane (29), receptor activity (20)","M16","INNATE RESPONSE","INFLAMMATORY/TLR/CHEMOKINES",45,"FCGR1A /// FCGR1C, HSPA6, NCF4, TLR6, C5AR1, FCGR1B, APOB48R, LILRB3, KCNJ15, LILRB1, PILRA, TYROBP, MGAM, FGR, P2RY13, CXCR2, NFE2, IRAK3, MYD88, FPR2, SIGLEC9, FCAR, DYSF, NPL, FPR1, ALOX5, FCGR2C, AQP9, FES, CSF3R, TLR7, LY96, LILRB2, ITGAX, KCNJ2, WDFY3, TLR2, TLR1, BST1, ANPEP, TLR4, TLR5, LILRA6, TLR8, PADI4"
"37","TLR8-BAFF network","M25","TLR8-BAFF network (M25)",10,"immune","partial","http://www.interactivefigures.com/meni/btm416_annotation/btmdata/M25.htm",NA,NA,NA,NA,NA,NA,NA,NA,NA,NA,"CEBP_Q2_01",0.05,4.82e-21,211,10,"protein binding (7), membrane (6), integral to membrane (6)","M25","INNATE RESPONSE","INFLAMMATORY/TLR/CHEMOKINES",10,"SLC40A1, TNFSF13B, ASGR1, ASGR2, PCTP, AP1S2, TLR8, BCL6, IL1R2, TBXAS1"
"38","Wnt signaling pathway","M206","Wnt signaling pathway (M206)",14,"signaling","partial","http://www.interactivefigures.com/meni/btm416_annotation/btmdata/M206.htm",NA,NA,NA,NA,NA,NA,NA,NA,NA,NA,NA,NA,NA,NA,NA,"protein binding (11), extracellular region (8), plasma membrane (6)","M206","SIGNAL TRANSDUCTION","SIGNAL TRANSDUCTION",14,"LOXL2, LAMC1, ANTXR1, SFRP4, FRZB, MAP1B, YAP1, CHL1, PMP22, KITLG, CXCL12, NRP1, SOX4, PDZRN3"
"39","activated dendritic cells","M67","activated dendritic cells (M67)",12,"immune","partial","http://www.interactivefigures.com/meni/btm416_annotation/btmdata/M67.htm","KEGG_COMPLEMENT_AND_COAGULATION_CASCADES",0.04,6.18e-06,69,3,"[Chaussabel.v2]M3.4",0.07,1.41e-08,53,4,NA,NA,NA,NA,NA,"protein binding (9), innate immune response (7), nucleus (4)","M67","INNATE RESPONSE","DC ACTIVATION",12,"CD38, DDX58, IRF7, PLSCR1, BIRC3, C1QC, IFIH1, SERPING1, DDX60, C2, IGKC, RSAD2"
"40","adhesion and migration, chemotaxis","M91","adhesion and migration, chemotaxis (M91)",13,"biological process","complete","http://www.interactivefigures.com/meni/btm416_annotation/btmdata/M91.htm","KEGG_CHEMOKINE_SIGNALING_PATHWAY",0.05,1.4e-16,190,9,NA,NA,NA,NA,NA,NA,NA,NA,NA,NA,"inflammatory response (9), extracellular region (8), chemotaxis (8)","M91","ECM AND MIGRATION","ECM AND MIGRATION",13,"ANXA1, CX3CR1, CCL5, CCL19, PROK2, F2R, CXCR2, ADRB2, CCR5, CCR7, CCL21, CXCL13, PF4"
"41","amino acid metabolism and transport","M154.0","amino acid metabolishm and transport (M154.0)",33,"molecular function","complete","http://www.interactivefigures.com/meni/btm416_annotation/btmdata/M154.0.htm",NA,NA,NA,NA,NA,NA,NA,NA,NA,NA,NA,NA,NA,NA,NA,"integral to membrane (10), transmembrane transport (9), metal ion binding (9)","M154.0","ENERGY METABOLISM","ENERGY METABOLISM",33,"FXYD2, BBOX1, NAT8 /// NAT8B, AGXT2, BHMT2, DMGDH, GAL3ST1, BHMT, SLC7A9, ACSM5, ACSM2A /// ACSM2B /// LOC100291873, DPYS, LOC100130232, NR1H4, SLC6A12, GBA3, PDZK1, NAT8, SLCO4C1, ACSM2A, SLC6A13, RBP5, AGMAT, ACMSD, ACSM2A /// ACSM2B, SLC3A1, TMEM27, SLC17A1, LOC100422737, SLC17A3, C14orf105, GLYAT, SLC22A2"
"42","antigen presentation (lipids and proteins)","M28","antigen presentation (lipids and proteins) (M28)",11,"immune","complete","http://www.interactivefigures.com/meni/btm416_annotation/btmdata/M28.htm","KEGG_HEMATOPOIETIC_CELL_LINEAGE",0.11,6.15e-24,88,10,NA,NA,NA,NA,NA,NA,NA,NA,NA,NA,"plasma membrane (10), protein binding (9), immune response (9)","M28","INNATE RESPONSE","ANTIGEN PRESENTATION",11,"CD1D, CD1E, CD1B, CD1C, CD1A, HLA-DRB1, HLA-DRA, CD36, HLA-DRB4, CCR7, CD8A"
"43","antigen processing and presentation","M200","antigen processing and presentation (M200)",11,"immune","complete","http://www.interactivefigures.com/meni/btm416_annotation/btmdata/M200.htm","KEGG_ASTHMA",0.14,1.45e-12,30,5,"[Chaussabel.v2]M8.83",0.16,1.49e-08,11,3,NA,NA,NA,NA,NA,"protein binding (7), membrane (7), plasma membrane (6)","M200","INNATE RESPONSE","ANTIGEN PRESENTATION",11,"HLA-DPB1, CD1D, LOC100294224, WDFY4, LOC100294318, HLA-DPA1, LOC100294317, HLA-DMB, METTL7A, HLA-DQA2, HLA-DMA"
"44","antiviral IFN signature","M75","antiviral IFN signature (M75)",22,"immune","complete","http://www.interactivefigures.com/meni/btm416_annotation/btmdata/M75.htm",NA,NA,NA,NA,NA,"[Chaussabel.v2]M1.2",0.17,2.83e-16,27,7,NA,NA,NA,NA,NA,"protein binding (15), cytoplasm (13), innate immune response (7)","M75","IFN","INTERFERON/ANTIVIRAL SENSING",22,"IFIH1, ELANE, SERPING1, IL1B, RSAD2, IFIT1, RARA, DDX58, FCER1A, DHX58, PTX3, CARD9, OAS1, OAS3, PML, ANXA3, HERC5, DDX60, CXCL10, IRF7, C1QB, BCL3"
"45","cell adhesion","M51","cell adhesion (M51)",38,"molecular function","complete","http://www.interactivefigures.com/meni/btm416_annotation/btmdata/M51.htm","KEGG_ECM_RECEPTOR_INTERACTION",0.15,7.97e-30,84,16,NA,NA,NA,NA,NA,NA,NA,NA,NA,NA,"protein binding (29), cell adhesion (26), extracellular region (20)","M51","ECM AND MIGRATION","ECM AND MIGRATION",38,"CDH11, THBS2, LAMB1, ALOX12, COL3A1, CHL1, LAMA4, ARHGAP6, IL1B, ITGA2B, MMRN1, JAM3, GP1BA, TPM1, THBS1, NID2, GP9, PARVB, ITGB3, ITGB5, ENG, POSTN, COL5A1, VCAM1, TNC, SNAI2, CXCL12, SLAMF7, FN1, CCDC80, SRPX, MGP, ESAM, COL1A1, COL6A1, VWF, SELP, IL8"
"46","cell adhesion (GO)","M117","cell adhesion (GO) (M117)",21,"molecular function","partial","http://www.interactivefigures.com/meni/btm416_annotation/btmdata/M117.htm",NA,NA,NA,NA,NA,NA,NA,NA,NA,NA,NA,NA,NA,NA,NA,"protein binding (19), cytoplasm (11), cell adhesion (11)","M117","ECM AND MIGRATION","ECM AND MIGRATION",21,"PPP2R1A, CD40LG, NELL2, CD96, NINJ1, PSTPIP1, LY9, ADAM9, CXCR3, CD6, CORO1A, PTPRC, ZAP70, SPOCK2, PRKCQ, SELPLG, CYTIP, CD300A, PLEK, LEF1, BCL2"
"47","cell adhesion (lymphocyte homing)","M21","cell adhesion (lymphocyte homing) (M21)",10,"molecular function","partial","http://www.interactivefigures.com/meni/btm416_annotation/btmdata/M21.htm","KEGG_CHEMOKINE_SIGNALING_PATHWAY",0.02,1.05e-06,190,4,NA,NA,NA,NA,NA,NA,NA,NA,NA,NA,"protein binding (6), plasma membrane (6), cell adhesion (5)","M21","ECM AND MIGRATION","ECM AND MIGRATION",10,"SELL, SDK2, PTK2, CD72, MLLT4, CD24, VAV1, IL32, CCR7, CXCL13"
"48","cell adhesion, membrane","M133.0","cell adhesion, membrane (M133.0)",14,"molecular function","complete","http://www.interactivefigures.com/meni/btm416_annotation/btmdata/M133.0.htm","KEGG_CELL_ADHESION_MOLECULES_CAMS",0.03,1.42e-08,134,5,NA,NA,NA,NA,NA,"AREB6_01",0.02,6.19e-06,202,4,"protein binding (13), plasma membrane (8), membrane (7)","M133.0","ECM AND MIGRATION","ECM AND MIGRATION",14,"SFN, SPINT1, BIK, EHF, JUP, LSR, EPS8L1, CDH1, EPCAM, CDH3, CLDN3, CLDN4, KRT19, CLDN7"
"49","cell cell adhesion","M133.1","cell cell adhesion (M133.1)",11,"molecular function","complete","http://www.interactivefigures.com/meni/btm416_annotation/btmdata/M133.1.htm","KEGG_ECM_RECEPTOR_INTERACTION",0.06,3.11e-10,84,5,NA,NA,NA,NA,NA,"AREB6_01",0.02,2.08e-06,202,4,"protein binding (10), membrane (9), plasma membrane (8)","M133.1","ECM AND MIGRATION","ECM AND MIGRATION",11,"LAMA3, ITGB4, ITGB6, LAMC2, JUP, CDH1, CDH3, CLDN3, CLDN4, LAMB3, CLDN7"
"50","cell cycle (I)","M4.1","cell cycle (I) (M4.1)",145,"biological process","complete","http://www.interactivefigures.com/meni/btm416_annotation/btmdata/M4.1.htm",NA,NA,NA,NA,NA,NA,NA,NA,NA,NA,NA,NA,NA,NA,NA,"protein binding (117), nucleus (114), cytoplasm (80)","M4.1","CELL CYCLE","CELL CYCLE",145,"BUB1B, PLK1, PLK4, KIF2C, SKA1, TPX2, CCDC99, ESPL1, DLGAP5, BRCA1, CENPN, CENPM, CENPK, OIP5, CENPI, CENPH, CENPF, CENPE, SPAG5, MYBL2, CENPA, CENPW, KIFC1, H2AFX, KIF23, CCNF, NCAPH, NCAPG, TOP2A, SPC24, SPC25, KIF11, NCAPG2, STMN1, DTL, ZWINT, FEN1, NEK2, CCNE2, EXO1, TIMELESS, TTK, TYMS, CHEK1, SUV39H2, BUB1, CDC25C, CDC25A, SGOL2, NCAPD3, ZWILCH, PBK, GINS2, GINS1, GINS4, GPSM2, UBE2C, CDC20, MELK, DTYMK, POLE2, UBE2S, DSCC1, SMC2, POLA2, RFC5, CDT1, RFC3, SMC4, KIF15, PRKAR2B, FOXM1, FBXO5, FANCD2, GMNN, BRIP1, NDC80, CDC6, CDC7, NUSAP1, RACGAP1, ASPM, ERCC6L, KNTC1, CKS1B, PRIM1, RANBP1, FANCI, HELLS, CKS2, PTTG1, UHRF1, C11orf82, TACC3, CDK1, RAD51, CDC45, KIF20B, KIF20A, MKI67, POLA1, MAD2L1, DHFR, BIRC5, CEP55, RRM2, CHAF1B, PRC1, APITD1, FAM83D, DNA2, CCNA2, ECT2, TIPIN, CDKN3, NUF2, CDCA2, CDCA3, SKA3, AURKA, AURKB, CDCA5, CDCA8, PCNA, MCM10, MND1, ANLN, KIF18A, KIF18B, MCM6, MCM5, MCM4, MCM2, CASC5, HJURP, TRIP13, E2F7, CCNB2, CCNB1, E2F2, RFC4, E2F8, TUBG1, RAD54L, MLF1IP"
"51","cell cycle (II)","M4.10","cell cycle (II) (M4.10)",14,"biological process","complete","http://www.interactivefigures.com/meni/btm416_annotation/btmdata/M4.10.htm","KEGG_P53_SIGNALING_PATHWAY",0.12,3.09e-20,69,9,"[Chaussabel.v2]M3.3",0.11,2.48e-13,49,6,NA,NA,NA,NA,NA,"protein binding (12), nucleus (11), cytoplasm (10)","M4.10","CELL CYCLE","CELL CYCLE",14,"BRCA1, CCNB2, CCNB1, DTL, CCNE2, CDC25A, CCNE1, GINS2, CDK1, PERP, MELK, RRM2, STEAP3, CHEK1"
"52","cell cycle (III)","M103","cell cycle (III) (M103)",51,"biological process","complete","http://www.interactivefigures.com/meni/btm416_annotation/btmdata/M103.htm","KEGG_CELL_CYCLE",0.4,5.89e-120,128,51,NA,NA,NA,NA,NA,"E2F_Q6_01",0.06,7.17e-17,170,13,"protein binding (49), nucleus (45), mitotic cell cycle (43)","M103","CELL CYCLE","CELL CYCLE",51,"SMC1A, HDAC2, BUB1B, PLK1, CDKN1B, CDKN1A, PKMYT1, MAD2L1, ATR, CDC6, CDC7, CCNA2, CCNE2, SMC3, CCNE1, ANAPC10, TTK, ESPL1, DBF4, WEE1, CHEK2, CHEK1, PCNA, CDKN2C, CDKN2A, BUB1, RBL1, RBL2, RAD21, CDC25C, CDC25A, E2F5, MCM7, MCM6, MCM5, MCM4, MCM3, MCM2, PTTG1, SKP2, CCNB2, CCNB1, E2F2, E2F1, CDC23, CDC20, CDK1, CDK2, CDK4, CDC45, TFDP1"
"53","cell cycle and growth arrest","M31","cell cycle and growth arrest (M31)",12,"biological process","partial","http://www.interactivefigures.com/meni/btm416_annotation/btmdata/M31.htm","BIOCARTA_NTHI_PATHWAY",0.09,2.42e-07,24,3,NA,NA,NA,NA,NA,"SRF_C",0.02,1e-04,175,3,"protein binding (11), apoptosis (7), nucleus (5)","M31","CELL CYCLE","CELL CYCLE",12,"RARA, SIK1, GADD45B, JUNB, TNFAIP3, THBS1, PPP1R15A, OSM, IL1A, IL1B, DUSP1, IL8"
"54","cell cycle and transcription","M4.0","cell cycle and transcription (M4.0)",335,"biological process","complete","http://www.interactivefigures.com/meni/btm416_annotation/btmdata/M4.0.htm",NA,NA,NA,NA,NA,NA,NA,NA,NA,NA,NA,NA,NA,NA,NA,"protein binding (217), nucleus (160), cytoplasm (122)","M4.0","CELL CYCLE","CELL CYCLE",335,"FXYD6, FAM198B, HSPA6, BUB1B, PLK1, NUF2, CD33, TIMP2, PLK4, CD36, C5AR1, FCGR1B, FCGR1A, S100A11, SEMA4A, MAFB, S100A12, KIF2C, CPPED1, SKA1, TPX2, CCDC99, NUSAP1, TYROBP, UBE2T, FGR, MARCKS, ESPL1, C15orf42, DLGAP5, IRAK3, SIRPA, CDCA7, BRCA1, CENPN, CENPM, CENPK, OIP5, CENPI, CENPH, CENPF, ALOX5, NOD2, MYBL2, ITGAX, CENPA, CLEC4E, SPAG5, ZWINT, CSF3R, CENPW, SLC15A3, DEPDC1B, KIFC1, HPSE, KCTD12, TNFAIP2, LST1, CD300LF, ORC1L, WHSC1, RBM47, H2AFX, SECTM1, KIF23, RAB31, TLR2, CD163, CCNF, DAPK1, TLR4, GLT1D1, CHAC2, PTAFR, TLR8, TOP2A, TCF19, SPC24, SPC25, CDC20, TNFSF13, C16orf75, CD1D, CSF2RA, STMN1, IGSF6, DTL, PTTG3P, EMR2, RASSF4, TROAP, SLC31A2, FEN1, FAM64A, TMEM106C, FGL2, RIN2, POLA2, LY86, PLXNB2, STIL, LILRB3, LILRB2, LILRB1, CLEC7A, CCNE2, EXO1, TIMELESS, RNF130, PAICS, TNS3, CEACAM8, NEK2, DONSON, HNMT, WDFY3, CHEK1, GCA, FCN1, SUV39H2, BUB1, TFEC, CDC25C, CDC25A, NCAPH, SGOL2, RTN1, NCAPG, NCF1C, PGLYRP1, GRN, HCK, KIF18B, KIF15, PBK, LOC100288693, GINS2, IL1RN, IL13RA1, GINS1, RNASEH2A, GINS4, NPL, TIPIN, KIF20B, UBE2C, HMOX1, CD93, APITD1, MELK, CD14, DEPDC1, SIRPB2, POLE2, FPR1, KNTC1, SORT1, UBE2S, KIF20A, AIF1, MCM2, NCF2, NCF1, SMC2, POLQ, MKI67, RFC5, CSF1R, TK1, TMPO, RFC3, KIF14, CCR1, C21orf45, CD302, FOXM1, FBXO5, FANCD2, ZWILCH, GMNN, BRIP1, KIAA0101, WDHD1, NDC80, CDC6, CDC7, SCPEP1, FCER1G, SPI1, CYP1B1, RACGAP1, ASPM, FAM54A, ERCC6L, CDT1, CKS1B, MCM4, CD86, PRIM1, RAD51AP1, S100A9, SLC7A7, CST3, GGH, FANCI, E2F7, EPB41L3, MTMR11, LMNB2, CKS2, WDR76, CSTA, HMMR, RXRA, CCDC34, ASGR1, ASGR2, LMNB1, KIF11, FES, PTTG1, LGALS2, PADI4, UHRF1, C11orf82, KIAA1598, SHCBP1, LMO2, TACC3, APOBEC3A, LRRC25, ALDH2, APOBEC3B, CDK1, FAM72A, ARHGAP11A, RAD51, CDC45, PILRA, GPSM2, CKAP2L, DSCC1, TYMS, CTSH, POLA1, MAD2L1, STAB1, HELLS, DHFR, PLAUR, BIRC5, CEP55, VCAN, KIAA1524, EZH2, RRM2, RRM1, NLRP12, SYK, PRC1, ATAD2, ZNF367, MYOF, FAM83D, SERPINA1, CEBPA, DNA2, CCNA2, PLBD1, ECT2, CEBPD, CDKN3, TBXAS1, DIAPH3, TTK, TNFSF12-TNFSF13, KIF4A, RMI1, CDCA2, CDCA3, SKA3, KLF4, AURKA, AURKB, CDCA5, MNDA, POC1A, CDCA8, FCGRT, CENPE, ASF1B, PCNA, C1orf112, MCM10, MS4A6A, NEIL3, MND1, MPEG1, ANLN, KIF18A, PRKCD, FCGR2A, CYBB, MCM6, MCM5, KYNU, NCAPG2, IFI30, CASC5, TGFBI, HJURP, TRIP13, PPIL5, CPVL, DMXL2, CCNB2, CCNB1, AOAH, CHST15, E2F2, C12orf48, CFD, SLC11A1, RFC4, CLEC4A, E2F8, RAD54L, TYMP, LILRA6, MLF1IP, SEPX1, SIGLEC7, LILRA2, CFP, LILRA1"
"55","cell cycle, mitotic phase","M230","cell cycle, mitotic phase (M230)",12,"biological process","partial","http://www.interactivefigures.com/meni/btm416_annotation/btmdata/M230.htm",NA,NA,NA,NA,NA,NA,NA,NA,NA,NA,NA,NA,NA,NA,NA,"protein binding (10), cytoplasm (8), nucleus (7)","M230","CELL CYCLE","CELL CYCLE",12,"HACE1, AHCTF1, SMC3, TP53BP2, CENPC1, CD28, JMY, NAE1, MIS12, TTC19, TUBE1, RANBP2"
"56","cell division","M37.3","cell division (M37.3)",10,"biological process","partial","http://www.interactivefigures.com/meni/btm416_annotation/btmdata/M37.3.htm",NA,NA,NA,NA,NA,NA,NA,NA,NA,NA,NA,NA,NA,NA,NA,"protein binding (9), nucleus (8), cytoplasm (7)","M37.3","CELL CYCLE","CELL CYCLE",10,"SAC3D1, RBBP8, RUVBL1, CCNE1, NUP37, NCAPD3, BLM, NCAPD2, CKAP2, VRK1"
"57","cell division - E2F transcription network","M4.8","cell division - E2F transcription network (M4.8)",19,"biological process","complete","http://www.interactivefigures.com/meni/btm416_annotation/btmdata/M4.8.htm","KEGG_DNA_REPLICATION",0.12,3.12e-13,36,6,NA,NA,NA,NA,NA,"E2F_01",0.21,9.88e-31,56,13,"nucleus (18), protein binding (17), DNA binding (11)","M4.8","CELL CYCLE","CELL CYCLE",19,"E2F7, PCNA, NASP, MAD2L1, CASP2, TOPBP1, RFC5, TIMELESS, DNMT1, H2AFX, KIF4A, PRKDC, MCM4, DTYMK, MCM2, ZWINT, RNASEH2A, MCM3, RANBP1"
"58","cell division in stimulated CD4 T cells","M4.6","cell division in stimulated CD4 T cells (M4.6)",20,"biological process","partial","http://www.interactivefigures.com/meni/btm416_annotation/btmdata/M4.6.htm",NA,NA,NA,NA,NA,"[Chaussabel.v2]M3.3",0.1,3.17e-12,49,6,NA,NA,NA,NA,NA,"nucleus (14), protein binding (11), nucleoplasm (10)","M4.6","CELL CYCLE","CELL CYCLE",20,"BRCA1, GINS2, CENPM, BRCA2, CDKN3, ANLN, CEP55, HMMR, POLE2, CDCA2, GINS1, NCAPG2, CDCA7, FANCD2, UBE2T, DEPDC1B, FANCL, FAM72A /// FAM72B /// FAM72C /// FAM72D, FANCI, DSCC1"
"59","cell movement, Adhesion & Platelet activation","M30","cell movement, Adhesion & Platelet activation (M30)",20,"biological process","complete","http://www.interactivefigures.com/meni/btm416_annotation/btmdata/M30.htm",NA,NA,NA,NA,NA,"[Chaussabel.v2]M1.1",0.05,1.14e-08,86,5,NA,NA,NA,NA,NA,"protein binding (15), plasma membrane (9), cytoplasm (8)","M30","ECM AND MIGRATION","ECM AND MIGRATION",20,"PDGFA, ITGB3, PTK2, TNS1, SELP, MPP1, PROS1, KIF26A, TPM1, GAB1, NAV1, HBEGF, CTGF, COL5A1, ALOX12, ESAM, GP6, CALD1, CD9, SEMA6A"
"60","chemokine cluster (I)","M27.0","chemokine cluster (I) (M27.0)",26,"immune","complete","http://www.interactivefigures.com/meni/btm416_annotation/btmdata/M27.0.htm","KEGG_CHEMOKINE_SIGNALING_PATHWAY",0.13,1.01e-51,190,25,NA,NA,NA,NA,NA,"NFKAPPAB_01",0.03,1.99e-09,194,7,"immune response (26), extracellular space (26), extracellular region (26)","M27.0","INNATE RESPONSE","INFLAMMATORY/TLR/CHEMOKINES",26,"CCL2, CCL1, CCL7, CCL4, CCL5, CCL8, PF4, XCL1, PPBP, CCL20, CCL23, IFNG, CXCL2, CXCL11, CXCL10, CXCL13, CXCL12, CXCL1, CXCL3, CCL13, CXCL5, CXCL6, CCL18, CCL19, CXCL9, IL8"
"61","chemokine cluster (II)","M27.1","chemokine cluster (II) (M27.1)",15,"immune","complete","http://www.interactivefigures.com/meni/btm416_annotation/btmdata/M27.1.htm","KEGG_CHEMOKINE_SIGNALING_PATHWAY",0.07,1.03e-28,190,14,NA,NA,NA,NA,NA,"NFKAPPAB_01",0.03,1.92e-09,194,6,"immune response (14), chemotaxis (14), extracellular space (13)","M27.1","INNATE RESPONSE","INFLAMMATORY/TLR/CHEMOKINES",15,"ANXA1, CCL2, CXCL5, CCL7, CCL4, CCL5, CXCL9, CXCL6, CCR1, XCL1, CCR5, CXCL10, CXCL11, CCL20, CXCL13"
"62","chemokines and inflammatory molecules in myeloid cells","M86.0","chemokines and inflammatory molecules in myeloid cells (M86.0)",19,"immune","complete","http://www.interactivefigures.com/meni/btm416_annotation/btmdata/M86.0.htm","KEGG_NOD_LIKE_RECEPTOR_SIGNALING_PATHWAY",0.09,4.56e-14,62,7,NA,NA,NA,NA,NA,NA,NA,NA,NA,NA,"protein binding (11), signal transduction (9), inflammatory response (8)","M86.0","INNATE RESPONSE","DC ACTIVATION",19,"CXCL1, TRAF1, ADORA2A /// CYTSA, CXCL2, NFKBIA, CCL4, BCL2A1, GCH1, G0S2, TNFAIP3, TNFAIP6, TNF, HS3ST3B1, NFKB1, SLAMF7, CCL20, IL1B, DUSP1, PDE4B"
"63","complement and other receptors in DCs","M40","complement and other receptors in DCs (M40)",13,"immune","complete","http://www.interactivefigures.com/meni/btm416_annotation/btmdata/M40.htm","KEGG_SYSTEMIC_LUPUS_ERYTHEMATOSUS",0.04,9.31e-11,140,6,NA,NA,NA,NA,NA,NA,NA,NA,NA,NA,"protein binding (12), plasma membrane (9), membrane (5)","M40","INNATE RESPONSE","DC ACTIVATION",13,"ITGAX, SIRPA, OLR1, TYROBP, CD58, C1QC, C1QB, C1QA, CD86, HLA-DQB1, LY96, TLR8, HLA-DQA1"
"64","cytokines - recepters cluster","M115","cytokines - recepters cluster (M115)",11,"immune","complete","http://www.interactivefigures.com/meni/btm416_annotation/btmdata/M115.htm","KEGG_JAK_STAT_SIGNALING_PATHWAY",0.07,1.33e-24,155,11,NA,NA,NA,NA,NA,"AML_Q6",0.02,1.92e-06,198,4,"immune response (10), extracellular region (10), extracellular space (8)","M115","INNATE RESPONSE","INFLAMMATORY/TLR/CHEMOKINES",11,"IL7R, IL2RA, LIF, IL23A, IFNG, IL15, CSF2, CSF3, IL6, IL10, IL15RA"
"65","cytoskeletal remodeling","M32.8","cytoskeletal remodeling (M32.8)",10,"biological process","partial","http://www.interactivefigures.com/meni/btm416_annotation/btmdata/M32.8.htm","KEGG_FOCAL_ADHESION",0.02,1.31e-06,201,4,NA,NA,NA,NA,NA,"CRGAARNNNNCGA_UNKNOWN",0.07,4.65e-07,36,3,"protein binding (9), cytoplasm (8), nucleus (6)","M32.8","ECM AND MIGRATION","ECM AND MIGRATION",10,"TGFB1, ATP2A3, SPTAN1, ACIN1, TLN1, AP2M1, AKT1, MAP7D1, FLNA, ZYX"
"66","cytoskeletal remodeling (enriched for SRF targets)","M34","cytoskeletal remodeling (enriched for SRF targets) (M34)",10,"biological process","partial","http://www.interactivefigures.com/meni/btm416_annotation/btmdata/M34.htm","KEGG_FOCAL_ADHESION",0.02,1.31e-06,201,4,NA,NA,NA,NA,NA,"SRF_Q4",0.05,1.74e-21,191,10,"protein binding (8), cytosol (7), muscle contraction (5)","M34","ECM AND MIGRATION","ECM AND MIGRATION",10,"ACTN1, PPAP2B, VCL, MYLK, TPM1, NR2F2, CTGF, THBS1, CALD1, TPM2"
"67","cytoskeleton/actin (SRF transcription targets)","M145.0","cytoskeleton/actin (SRF transcription targets) (M145.0)",16,"molecular function","complete","http://www.interactivefigures.com/meni/btm416_annotation/btmdata/M145.0.htm","KEGG_VASCULAR_SMOOTH_MUSCLE_CONTRACTION",0.05,1.29e-10,115,6,NA,NA,NA,NA,NA,"SRF_Q4",0.14,1.11e-24,74,11,"cytoplasm (11), protein binding (9), cytosol (9)","M145.0","ECM AND MIGRATION","ECM AND MIGRATION",30,"ACTA2, MYH11, MRVI1, SDPR, SVIL, ACTG2, CALD1, MYLK, MRGPRF, TPM2, PALLD, TPM1, EPS8, PLN, CAV2, TAGLN, ACTA2, MYH11, ACTG2, LMOD1, CALD1, MYLK, TPM1, TPM2, SYNPO2, SORBS1, TNS1, CAV2, VCL, MYL9"
"68","cytoskeleton/actin (SRF transcription targets)","M145.1","cytoskeleton/actin (SRF transcription targets) (M145.1)",14,"molecular function","complete","http://www.interactivefigures.com/meni/btm416_annotation/btmdata/M145.1.htm","KEGG_VASCULAR_SMOOTH_MUSCLE_CONTRACTION",0.05,4.9e-11,115,6,NA,NA,NA,NA,NA,"SRF_Q4",0.04,7.41e-14,191,8,"cytosol (12), muscle contraction (11), cytoplasm (11)","M145.1","ECM AND MIGRATION","ECM AND MIGRATION",30,"ACTA2, MYH11, MRVI1, SDPR, SVIL, ACTG2, CALD1, MYLK, MRGPRF, TPM2, PALLD, TPM1, EPS8, PLN, CAV2, TAGLN, ACTA2, MYH11, ACTG2, LMOD1, CALD1, MYLK, TPM1, TPM2, SYNPO2, SORBS1, TNS1, CAV2, VCL, MYL9"
"69","enriched for SMAD2/3 signaling","M97","enriched for SMAD2/3 signaling (M97)",10,"signaling","partial","http://www.interactivefigures.com/meni/btm416_annotation/btmdata/M97.htm","[PID]Regulation of nuclear SMAD2/3 signaling",0.09,1.52e-09,38,4,NA,NA,NA,NA,NA,NA,NA,NA,NA,NA,"protein binding (7), nucleus (5), transcription, DNA-dependent (3)","M97","SIGNAL TRANSDUCTION","SIGNAL TRANSDUCTION",10,"P4HA2, TCL1A, RGL1, RUNX2, MEF2C, MME, BIVM, LAMC1, VPREB1, GATA3"
"70","enriched for cell migration","M122","enriched for cell migration (M122)",11,"biological process","partial","http://www.interactivefigures.com/meni/btm416_annotation/btmdata/M122.htm",NA,NA,NA,NA,NA,NA,NA,NA,NA,NA,"SRF_Q6",0.02,2.48e-06,211,4,"protein binding (9), extracellular region (9), signal transduction (6)","M122","ECM AND MIGRATION","ECM AND MIGRATION",11,"CCL2, PODN, TGFB2, IGF1, LAMA4, NBL1, MYLK, NR2F2, IGFBP5, CXCL12, NRP1"
"71","enriched in B cell differentiation","M123","enriched in B cell differentiation (M123)",13,"immune","partial","http://www.interactivefigures.com/meni/btm416_annotation/btmdata/M123.htm",NA,NA,NA,NA,NA,NA,NA,NA,NA,NA,"PAX3_B",0.05,4.68e-08,65,4,"protein binding (9), signal transduction (4), regulation of transcription, DNA-dependent (4)","M123","B CELLS","PLASMA CELLS",13,"ICOSLG, HBEGF, LOC144481, NR4A1, GAB1, DLL1, LOC100288911, NR4A3, EBF1, FAM150B, BCL11B, VPREB1, VPREB3"
"72","enriched in B cells (I)","M47.0","enriched in B cells (I) (M47.0)",53,"immune","complete","http://www.interactivefigures.com/meni/btm416_annotation/btmdata/M47.0.htm",NA,NA,NA,NA,NA,"[Chaussabel.v2]M4.10",0.37,4.81e-56,32,23,NA,NA,NA,NA,NA,"protein binding (32), plasma membrane (21), integral to membrane (15)","M47.0","B CELLS","B CELLS",53,"STAP1, BLK, CD72, TSPAN13, BCL11A, C13orf18, KIAA0125, CD200, CD79B, VPREB3, CD79A, P2RX5, BTLA, AFF3, PPAPDC1B, IGHM, LOC90925, FCRLA, SPIB, FAM129C, ABCB4, LOC100130458, FCRL1, BANK1, MS4A1, FCRL5, TCF4, KLHL14, CXCR5, PCDH9, RALGPS2, CD22, TCL1A, CD24, IGH@, IGKV3-20, IGHD, MACROD2, EBF1, PNOC, ADAM28, LOC283663, CR2, PAX5, E2F5, PLEKHG1, FCER2, PKIG, FCRL2, IGLJ3, HLA-DOB, PTPRK, CD19"
"73","enriched in B cells (II)","M47.1","enriched in B cells (II) (M47.1)",43,"immune","complete","http://www.interactivefigures.com/meni/btm416_annotation/btmdata/M47.1.htm",NA,NA,NA,NA,NA,"[Chaussabel.v2]M4.10",0.21,2.42e-28,32,13,NA,NA,NA,NA,NA,"protein binding (28), plasma membrane (17), integral to membrane (12)","M47.1","B CELLS","B CELLS",43,"LOC90925, IGHA1, BCL11A, LOC642838, KIAA0125, LOC642424, IGK@, CD79B, CD79A, TPD52, CDK14, CXCR5, BANK1, MS4A1, FCRL5, BLNK, TCF4, SP140, KLHL14, RALGPS2, FCRLA, FCGR2B, TCL1A, CELSR1, CD24, IGH@, DENND5B, EBF1, PNOC, PAWR, CD180, IGHM, CR2, PAX5, LOC100130100, PLEKHG1, POU2AF1, PKIG, FAM30A, HLA-DOB, KLF8, PTPRK, CD19"
"74","enriched in B cells (III)","M47.2","enriched in B cells (III) (M47.2)",37,"immune","complete","http://www.interactivefigures.com/meni/btm416_annotation/btmdata/M47.2.htm",NA,NA,NA,NA,NA,NA,NA,NA,NA,NA,NA,NA,NA,NA,NA,"protein binding (21), plasma membrane (10), integral to membrane (8)","M47.2","B CELLS","B CELLS",37,"LOC90925, LOC652493, IGHA1, LOC642838, KIAA0125, LOC642424, IGK@, IGKC, VPREB3, MEF2C, TPD52, LOC284749, CDK14, FCRL3, FCRL5, HHEX, TBC1D9, FCRLA, ALOX5, FCGR2B, CELSR1, CD24, IGH@, IGHD, CD69, PNOC, PAWR, CD180, FAIM3, LOC100130100, IGLV1-44, FAM30A, IGL@, HLA-DOA, HLA-DQA1, BTK, DENND5B"
"75","enriched in B cells (IV)","M47.3","enriched in B cells (IV) (M47.3)",16,"immune","complete","http://www.interactivefigures.com/meni/btm416_annotation/btmdata/M47.3.htm",NA,NA,NA,NA,NA,NA,NA,NA,NA,NA,NA,NA,NA,NA,NA,"protein binding (13), plasma membrane (7), nucleus (5)","M47.3","B CELLS","B CELLS",16,"FAIM3, LOC284749, CPNE5, TPD52, CIITA, IGHA1, TLR10, IGHG1, CELSR1, FAM30A, CDK14, PAWR, CD180, MEF2C, BTK, HLA-DOA"
"76","enriched in B cells (V)","M47.4","enriched in B cells (V) (M47.4)",11,"immune","complete","http://www.interactivefigures.com/meni/btm416_annotation/btmdata/M47.4.htm",NA,NA,NA,NA,NA,NA,NA,NA,NA,NA,NA,NA,NA,NA,NA,"integral to membrane (10), protein binding (7), plasma membrane (7)","M47.4","B CELLS","B CELLS",11,"GPR18, FAIM3, FCRL3, FCGR2B, LY9, CELSR1, CD37, TLR10, CD69, CD180, FCRL5"
"77","enriched in B cells (VI)","M69","enriched in B cells (VI) (M69)",20,"immune","complete","http://www.interactivefigures.com/meni/btm416_annotation/btmdata/M69.htm","KEGG_B_CELL_RECEPTOR_SIGNALING_PATHWAY",0.07,4.51e-11,75,6,"[Chaussabel.v2]M4.10",0.21,1.29e-21,32,9,NA,NA,NA,NA,NA,"plasma membrane (17), protein binding (14), integral to membrane (13)","M69","B CELLS","B CELLS",20,"CR2, PCDH9, TSPAN13, HLA-DOB, CD72, PTPRK, CD22, P2RX5, BTLA, MS4A1, PPAPDC1B, CXCR5, ABCB4, CD200, FCRL1, FCRL2, CD79A, CD79B, ADAM28, CD19"
"78","enriched in G-protein coupled receptors","M130","enriched in G-protein coupled receptors (M130)",10,"molecular function","complete","http://www.interactivefigures.com/meni/btm416_annotation/btmdata/M130.htm","KEGG_CALCIUM_SIGNALING_PATHWAY",0.02,5.82e-05,178,3,NA,NA,NA,NA,NA,"CEBPB_02",0.01,9.25e-05,208,3,"G-protein coupled receptor protein signaling pathway (7), receptor activity (6), plasma membrane (6)","M130","SIGNAL TRANSDUCTION","SIGNAL TRANSDUCTION",10,"CCL5, XCL1, PTGER2, GPR18, F2R, ADRB2, S1PR5, PTGDR, ITPR3, PDE4D"
"79","enriched in NK cells (I)","M7.2","enriched in NK cells (I) (M7.2)",49,"immune","complete","http://www.interactivefigures.com/meni/btm416_annotation/btmdata/M7.2.htm",NA,NA,NA,NA,NA,"[Chaussabel.v2]M3.6",0.28,1.29e-45,47,21,NA,NA,NA,NA,NA,"protein binding (27), plasma membrane (21), cytoplasm (15)","M7.2","NK CELLS","NK CELLS",49,"TGFBR3, KLRB1, KLRD1, CCL5, TBX21, FCGR3B, PTGDR, CD247, NLRC3, GPR56, MYBL1, ARL4C, KLRF1, STAT4, PLEKHF1, IL18RAP, RORA, EOMES, XCL2, XCL1, FGFBP2, SAMD3, CTSW, CST7, ZAP70, KLRC1, PRKCH, S1PR5, CLIC3, TRD@, GNLY, SH2D2A, FASLG, PRF1, PRKCQ, GIMAP7, GZMA, IL2RB, HOPX, ITK, GZMB, NKG7, CD96, GZMM, GZMH, KLRK1, SLAMF7, TRA@, TARP"
"80","enriched in NK cells (II)","M61.0","enriched in NK cells (II) (M61.0)",24,"immune","complete","http://www.interactivefigures.com/meni/btm416_annotation/btmdata/M61.0.htm","KEGG_NATURAL_KILLER_CELL_MEDIATED_CYTOTOXICITY",0.07,7.6e-19,137,11,"[Chaussabel.v2]M3.6",0.11,4e-14,47,7,NA,NA,NA,NA,NA,"plasma membrane (16), integral to membrane (13), integral to plasma membrane (12)","M61.0","NK CELLS","NK CELLS",24,"KLRB1, CD7, GPR56, NKG7, KIR2DL2, KIR2DS4, KIR2DS5, KIR2DS2, KIR2DS3, S1PR5, KIR2DS1, KLRF1, TGFBR3, KIR3DL1, KIR2DL5A, KIR3DL3, IL2RB, KLRK1, KIR2DL3, CD96, KIR2DL1, CD247, PVRIG, TARP"
"81","enriched in NK cells (III)","M157","enriched in NK cells (III) (M157)",14,"immune","complete","http://www.interactivefigures.com/meni/btm416_annotation/btmdata/M157.htm",NA,NA,NA,NA,NA,NA,NA,NA,NA,NA,NA,NA,NA,NA,NA,"protein binding (8), plasma membrane (7), integral to membrane (6)","M157","NK CELLS","NK CELLS",14,"KLRC3, PPP1R16B, RASGRP1, CCL4, CX3CR1, GPR18, TIGIT, CD7, C1orf21, PVRIG, GIMAP6, TRGC2, MATK, PTPN4"
"82","enriched in NK cells (KIR cluster)","M61.1","enriched in NK cells (KIR cluster) (M61.1)",13,"immune","complete","http://www.interactivefigures.com/meni/btm416_annotation/btmdata/M61.1.htm","KEGG_ANTIGEN_PROCESSING_AND_PRESENTATION",0.12,1.74e-25,89,11,"[Chaussabel.v2]M8.46",0.21,1.24e-13,16,5,NA,NA,NA,NA,NA,"plasma membrane (8), regulation of immune response (7), receptor activity (7)","M61.1","NK CELLS","NK CELLS",13,"KIR2DS4, KIR2DS5, KIR2DS2, KIR2DS3, KIR2DS1, KIR2DL3, KIR2DL2, KIR2DL1, KIR2DL4, KIR3DS1, KIR3DL1, KIR2DL5A, KIR3DL3"
"83","enriched in NK cells (receptor activation)","M61.2","enriched in NK cells (receptor activation) (M61.2)",16,"immune","complete","http://www.interactivefigures.com/meni/btm416_annotation/btmdata/M61.2.htm","KEGG_NATURAL_KILLER_CELL_MEDIATED_CYTOTOXICITY",0.08,1.39e-21,137,11,"[Chaussabel.v2]M4.15",0.09,8.12e-11,42,5,NA,NA,NA,NA,NA,"plasma membrane (14), protein binding (12), regulation of immune response (10)","M61.2","NK CELLS","NK CELLS",16,"KIR2DL3, ITK, CD96, CARD11, KIR2DS2, KIR2DS1, CD244, KIR2DL2, KIR2DL1, CD247, KLRK1, ZAP70, KIR2DL4, PRKCQ, KIR3DL1, KLRD1"
"84","enriched in T cells (I)","M7.0","enriched in T cells (I) (M7.0)",62,"immune","complete","http://www.interactivefigures.com/meni/btm416_annotation/btmdata/M7.0.htm",NA,NA,NA,NA,NA,"[Chaussabel.v2]M4.15",0.18,2.59e-31,42,16,NA,NA,NA,NA,NA,"protein binding (36), plasma membrane (28), integral to membrane (15)","M7.0","T CELLS","T CELLS",62,"IL7R, KLRB1, CCL5, RASGRP1, TRA@, SH2D1A, TRAV20, BCL11B, CD6, CD7, TRBC1, CD2, LEF1, NKG7, UBASH3A, PTPRCAP, TRAC, TRD@, TRAT1, SLA2, RORA, MAL, EOMES, XCL2, XCL1, ETS1, ZAP70, SAMD3, SIT1, NLRC3, SIRPG, PRKCH, ICOS, CD28, TRAJ17, NELL2, GNLY, CD27, LAT, FLT3LG, PRF1, PRKCQ, GIMAP6, GIMAP7, GATA3, ITK, LCK, GZMA, GZMB, CD96, GZMM, GZMH, TIGIT, GZMK, ITM2A, CD247, GPR171, IL32, TARP, CD3D, CD3E, CD3G"
"85","enriched in T cells (II)","M223","enriched in T cells (II) (M223)",13,"immune","complete","http://www.interactivefigures.com/meni/btm416_annotation/btmdata/M223.htm",NA,NA,NA,NA,NA,NA,NA,NA,NA,NA,NA,NA,NA,NA,NA,"protein binding (7), plasma membrane (5), nucleus (4)","M223","T CELLS","T CELLS",13,"SLC38A1, HOPX, CD40LG, DENND2D, TC2N, PLEKHF1, LRRN3, CLEC2D, FGFBP2, LBH, TRGC2, DPP4, LOC439949"
"86","enriched in activated dendritic cells (I)","M119","enriched in activated dendritic cells (I) (M119)",11,"immune","partial","http://www.interactivefigures.com/meni/btm416_annotation/btmdata/M119.htm",NA,NA,NA,NA,NA,NA,NA,NA,NA,NA,"NFKB_Q6",0.05,2.52e-23,201,11,"protein binding (8), plasma membrane (5), signal transduction (4)","M119","INNATE RESPONSE","DC ACTIVATION",11,"IL1RN, CXCL2, RGL1, CD83, PRKCD, CD86, RIN2, SLAMF8, IL4I1, ATP1B1, PLXDC2"
"87","enriched in activated dendritic cells (II)","M165","enriched in activated dendritic cells (II) (M165)",35,"immune","complete","http://www.interactivefigures.com/meni/btm416_annotation/btmdata/M165.htm",NA,NA,NA,NA,NA,NA,NA,NA,NA,NA,NA,NA,NA,NA,NA,"protein binding (21), extracellular region (11), cytoplasm (10)","M165","INNATE RESPONSE","DC ACTIVATION",35,"CSF2RB, IFIH1, CSF2RA, TNFAIP6, HESX1, CCL8, MX2, DOCK4, PDGFRL, MGST1, IFNGR2, IFIT3, IFIT2, IFIT1, HLX, SERPING1, RSAD2, CCL20, ST3GAL6, RBM47, IFI27, DAPK1, PRRG4, PDGFC, PARP9, LAMP3, CXCL11, DSE, IL18, BCL2A1, FAM20C, PRKAR2B, HERC5, SIGLEC1, ATF3"
"88","enriched in activated dendritic cells/monocytes","M64","enriched in activated dendritic cells/monocytes (M64)",17,"immune","complete","http://www.interactivefigures.com/meni/btm416_annotation/btmdata/M64.htm",NA,NA,NA,NA,NA,"[Chaussabel.v2]M3.2",0.03,5.01e-08,138,5,NA,NA,NA,NA,NA,"protein binding (7), plasma membrane (7), integral to membrane (6)","M64","INNATE RESPONSE","DC ACTIVATION",17,"CXCL1, DRAM1, G0S2, SOD2, SIRPA, IL1RN, NINJ1, IL13RA1, TNFAIP2, SLC31A2, BASP1, MARCKS, FAM129A, ANPEP, SLC15A3, IL1B, IL8"
"89","enriched in antigen presentation (I)","M71","enriched in antigen presentation (I) (M71)",18,"immune","partial","http://www.interactivefigures.com/meni/btm416_annotation/btmdata/M71.htm","KEGG_ASTHMA",0.17,1.21e-16,30,7,NA,NA,NA,NA,NA,NA,NA,NA,NA,NA,"endoplasmic reticulum membrane (18), endoplasmic reticulum (17), membrane (16)","M71","INNATE RESPONSE","ANTIGEN PRESENTATION",18,"CD74, HLA-DPB1, HLA-DRA, CYP1B1, PLAUR, PTGS2, HMOX1, HLA-DRB1, ASPH, RTN1, HLA-DRB4, HLA-DQB1, FAR2, HLA-DPA1, ITPR3, HLA-DQA1, AGPAT9, SLC27A2"
"90","enriched in antigen presentation (II)","M95.0","enriched in antigen presentation (II) (M95.0)",24,"immune","complete","http://www.interactivefigures.com/meni/btm416_annotation/btmdata/M95.0.htm","KEGG_CELL_ADHESION_MOLECULES_CAMS",0.07,8.27e-17,134,10,NA,NA,NA,NA,NA,NA,NA,NA,NA,NA,"protein binding (17), plasma membrane (14), integral to membrane (10)","M95.0","INNATE RESPONSE","ANTIGEN PRESENTATION",24,"CD53, IL10RA, ITGA4, FYB, HLA-DRA, HLA-DRB1 /// HLA-DRB4, HLA-DRB1 /// HLA-DRB4 /// HLA-DRB5, HLA-DRB1 /// HLA-DRB3 /// HLA-DRB4, HCLS1, PTPRC, HLA-DPB1, ITGB2, HLA-DRB1, GIMAP6, EVI2B, PLEK, SLA, SELL, IRF8, FGL2, ITGAL, ITGAM, AIF1, HLA-DMA"
"91","enriched in antigen presentation (III)","M95.1","enriched in antigen presentation (III) (M95.1)",15,"immune","complete","http://www.interactivefigures.com/meni/btm416_annotation/btmdata/M95.1.htm","BIOCARTA_BLYMPHOCYTE_PATHWAY",0.24,3.07e-14,11,5,"[Chaussabel.v2]M5.1",0.02,1.6e-05,238,4,NA,NA,NA,NA,NA,"protein binding (10), plasma membrane (9), integral to membrane (7)","M95.1","INNATE RESPONSE","ANTIGEN PRESENTATION",15,"FYB, CD53, HLA-DRA, ITGB2, ICAM1, PLEK, HLA-DRB1, LAPTM5, HLA-DRB1 /// HLA-DRB4 /// HLA-DRB5, PTPRC, HLA-DRB1 /// HLA-DRB3 /// HLA-DRB4, EVI2B, HLA-DMB, AIF1, HLA-DMA"
"92","enriched in calcium signaling proteins","M239","enriched in calcium signaling proteins (M239)",15,"signaling","partial","http://www.interactivefigures.com/meni/btm416_annotation/btmdata/M239.htm",NA,NA,NA,NA,NA,NA,NA,NA,NA,NA,"HNF3B_01",0.02,4.75e-06,175,4,"protein binding (7), plasma membrane (5), membrane (5)","M239","SIGNAL TRANSDUCTION","SIGNAL TRANSDUCTION",15,"SLITRK6, FLJ35409, FAM196A, EPHB1, DMD, C1orf114, SPOCK3, GRIA4, TRPC3, LOC441666, CAPS2, LOC642426, MYOZ2, F11, LOC338739"
"93","enriched in cell cycle","M167","enriched in cell cycle (M167)",15,"biological process","partial","http://www.interactivefigures.com/meni/btm416_annotation/btmdata/M167.htm",NA,NA,NA,NA,NA,"[Chaussabel.v2]M3.1",0.04,2.28e-07,82,4,NA,NA,NA,NA,NA,"protein binding (13), nucleus (13), cytoplasm (11)","M167","CELL CYCLE","CELL CYCLE",15,"BCL2L1, PPP2R1A, GSPT1, EHMT2, SESN3, MAD1L1, CDC34, TGFB1, PSMD3, AKT1, DNM2, FLNA, TSC2, RBM38, STRADB"
"94","enriched in dendritic cells","M168","enriched in dendritic cells (M168)",19,"immune","complete","http://www.interactivefigures.com/meni/btm416_annotation/btmdata/M168.htm",NA,NA,NA,NA,NA,NA,NA,NA,NA,NA,NA,NA,NA,NA,NA,"protein binding (11), membrane (8), cytoplasm (7)","M168","INNATE RESPONSE","DC ACTIVATION",19,"CLEC10A, B3GNT5, PGD, JAG1, FCER1A, EMILIN2, CLEC5A, CA2, CTSB, FAM20C, ADAM9, RRAGD, TACSTD2, CTSL1, IL1R1, GGTA1, DAB2, CAPG, AGPAT9"
"95","enriched in extracellular matrix & associated proteins","M202","enriched in extracellular matrix & associated proteins (M202)",12,"location","partial","http://www.interactivefigures.com/meni/btm416_annotation/btmdata/M202.htm",NA,NA,NA,NA,NA,NA,NA,NA,NA,NA,"GATA1_04",0.02,2.7e-06,195,4,"protein binding (8), extracellular region (5), plasma membrane (4)","M202","ECM AND MIGRATION","ECM AND MIGRATION",12,"PDGFRA, SFRP4, TWIST1, CCDC80, PCDH7, PCOLCE, GLT8D2, GAS1, PRRX1, FBLN1, CALD1, LUM"
"96","enriched in monocytes (I)","M4.15","enriched in monocytes (I) (M4.15)",11,"immune","partial","http://www.interactivefigures.com/meni/btm416_annotation/btmdata/M4.15.htm",NA,NA,NA,NA,NA,NA,NA,NA,NA,NA,"GTGGGTGK_UNKNOWN",0.01,0.000159,225,3,"protein binding (9), cytoplasm (5), signal transduction (4)","M4.15","MONOCYTES","MONOCYTES",11,"TNFSF13, MYCL1, EPB41L3, DPYSL2, RTN1, SLC31A2, FES, LGALS3, HCK, APLP2, LGALS1"
"97","enriched in monocytes (II)","M11.0","enriched in monocytes (II) (M11.0)",189,"immune","complete","http://www.interactivefigures.com/meni/btm416_annotation/btmdata/M11.0.htm",NA,NA,NA,NA,NA,NA,NA,NA,NA,NA,NA,NA,NA,NA,NA,"protein binding (104), plasma membrane (72), integral to membrane (62)","M11.0","MONOCYTES","MONOCYTES",189,"FXYD6, KCNE3, FAM198B, HSPA6, LAT2, CD33, TIMP2, CD36, TNFSF12-TNFSF13, C5AR1, MARCH1, FCGR1B, FCGR1A, SLC15A3, S100A11, MS4A7, MAFB, S100A12, CPPED1, TYROBP, FGR, PLA2G7, IRAK3, LYN, PYGL, SIRPA, FCAR, CRISPLD2, RNASE2, TBXAS1, PLBD1, HK3, FPR2, NOD2, IFI30, AQP9, IMPA2, LRP1, TMEM176A, CSF3R, RBP7, CACNA2D3, MS4A4A, HPSE, KCTD12, SMPDL3A, LST1, RBM47, SYK, SECTM1, PLXDC2, TLR2, CD163, BST1, TLR4, GLT1D1, TREM1, TLR8, FBP1, TNFSF13, CD1D, CSF2RA, SLC7A7, EMR2, RASSF4, SLC31A2, MGST1, IFNGR2, RIN2, LY86, PLXNB2, LILRB3, LILRB2, LILRB1, CLEC7A, QPCT, RNF130, PILRA, NFE2, TNS3, HNMT, GCA, FCN1, TFEC, VNN2, VNN3, TLR5, RTN1, NCF1C, GAS2L1, GRN, BLVRB, ITGAX, MS4A6A, IL13RA1, CD93, TNFAIP2, CD14, ITGAM, SIRPB1, SORT1, AIF1, BTK, NCF2, NCF1, MYCL1, CCR1, CD302, PTAFR, HCK, STAB1, P2RY13, FCER1G, SPI1, CYP1B1, NLRP3, CSF1R, CD86, SCPEP1, ADAP2, S100A9, S100A8, CST3, KIAA0513, EPB41L3, MTMR11, CSTA, RXRA, ASGR1, ASGR2, FES, LGALS2, PRAM1, KIAA1598, CDA, SGK1, LMO2, ALDH2, FGL2, CLEC4E, CTSH, CYFIP1, MPEG1, PLAUR, IGSF6, NLRP12, MEGF9, APOB48R, F13A1, ALDH1A1, SERPINA1, CEBPA, KYNU, RAB32, RAB31, CEBPD, SEPX1, SIGLEC7, SULF2, MYOF, KLF4, FPR1, MNDA, FCGRT, ALOX5, ANPEP, PDGFC, NRGN, PRKCD, FCGR2A, CYBB, PADI2, CPVL, DMXL2, AOAH, CHST15, CFD, SLC11A1, CLEC4A, ZNF467, TYMP, SIGLEC9, LILRA6, TGFBI, LILRA5, LILRA2, LILRA3, CFP, LILRA1"
"98","enriched in monocytes (III)","M73","enriched in monocytes (III) (M73)",12,"immune","complete","http://www.interactivefigures.com/meni/btm416_annotation/btmdata/M73.htm",NA,NA,NA,NA,NA,"[Chaussabel.v2]M3.2",0.02,4.95e-05,138,3,"HMGIY_Q6",0.02,2.28e-06,187,4,"protein binding (8), regulation of transcription, DNA-dependent (5), nucleus (5)","M73","MONOCYTES","MONOCYTES",12,"CEBPB, DUSP6, MAML3, TFEC, FOS, IER3, CCR1, RIN2, GPR109B, BCL6, PLXDC2, TIMP2"
"99","enriched in monocytes (IV)","M118.0","enriched in monocytes (IV) (M118.0)",57,"immune","partial","http://www.interactivefigures.com/meni/btm416_annotation/btmdata/M118.0.htm",NA,NA,NA,NA,NA,NA,NA,NA,NA,NA,NA,NA,NA,NA,NA,"protein binding (35), plasma membrane (23), integral to membrane (23)","M118.0","MONOCYTES","MONOCYTES",57,"PTGS2, EMR1, AMICA1, DOCK5, CD4, LY96, ARHGEF10L, TNFSF13B, LTBR, PGD, TNFRSF1B, LRRK2, DPYD, MGAM, PTX3, LYZ, IL1R2, DOK3, CARD9, EVI5, GPR109B, DUSP6, MYO1F, FGD4, HHEX, HAL, ST3GAL6, DYSF, RNASE6, SLC24A4, VNN1, NAIP, RHOU, CD68, CXCR2, NACC2, SMARCD3, PADI4, TMEM176B, LGALS3, SAMHD1, CTSS, EMILIN2, ACPP, F5, STEAP4, C19orf59, ACSL1, PAK1, C1orf162, MOSC1, TLR1, PID1, BCL6, HLA-DMB, MPP1, AGPAT9"
"100","enriched in monocytes (surface)","M118.1","enriched in monocytes (surface) (M118.1)",17,"immune","complete","http://www.interactivefigures.com/meni/btm416_annotation/btmdata/M118.1.htm",NA,NA,NA,NA,NA,NA,NA,NA,NA,NA,NA,NA,NA,NA,NA,"integral to membrane (17), plasma membrane (11), membrane (10)","M118.1","MONOCYTES","MONOCYTES",17,"LTBR, CD4, TNFRSF1B, MCTP1, S1PR3, EMR1, C19orf59, SLC24A4, STEAP4, C1orf162, SLC16A3, NFAM1, TMEM176B, HLA-DMB, IL1R2, AGPAT9, TNFSF13B"
"101","enriched in myeloid cells and monocytes","M81","enriched in myeloid cells and monocytes (M81)",35,"immune","partial","http://www.interactivefigures.com/meni/btm416_annotation/btmdata/M81.htm",NA,NA,NA,NA,NA,NA,NA,NA,NA,NA,NA,NA,NA,NA,NA,"protein binding (26), plasma membrane (18), blood coagulation (15)","M81","MONOCYTES","MONOCYTES",35,"LIN7A, MYH10, PTGS1, EHD3, PCSK6, CCR2, CHI3L1, EGF, CLEC5A, FCER1G, NLRP3, ITGA2B, MMRN1, CSF1R, THBS1, SPARC, MARCKS, SLC8A1, PDGFA, ITGB3, HHEX, PROS1, TF, CLU, CXCL12, PRAM1, ACTN1, F5, CD14, FKBP1B, TLR7, TLR4, SNCA, BCL6, SELP"
"102","enriched in naive and memory B cells","M83","enriched in naive and memory B cells (M83)",10,"immune","complete","http://www.interactivefigures.com/meni/btm416_annotation/btmdata/M83.htm",NA,NA,NA,NA,NA,NA,NA,NA,NA,NA,"IRF1_Q6",0.05,2.93e-21,201,10,"protein binding (6), integral to membrane (5), plasma membrane (4)","M83","B CELLS","B CELLS",10,"NR3C2, PCDH9, NRXN3, PKIG, FCGR2B, CD37, MEF2C, BANK1, MS4A1, LY86"
"103","enriched in neutrophils (I)","M37.1","enriched in neutrophils (I) (M37.1)",52,"immune","complete","http://www.interactivefigures.com/meni/btm416_annotation/btmdata/M37.1.htm",NA,NA,NA,NA,NA,"[Chaussabel.v2]M3.2",0.13,1.13e-35,138,22,NA,NA,NA,NA,NA,"plasma membrane (25), integral to membrane (23), protein binding (19)","M37.1","NEUTROPHILS","NEUTROPHILS",52,"LIN7A, NCF4, EMR3, FCGR3A, S100P, FCGR3B, TNFRSF10C, C5AR1, MGC31957, CHI3L1, NLRP12, CYP4F3, MXD1, SEPX1, MGAM, DGAT2, RGL4, REPS2, VNN2, CXCR1, NFE2, KRT23, GPR109B, PYGL, FPR2, G0S2, KCNJ15, LRRC4, FPR1, CREB5, FCGR2A, CMTM2, MANSC1, CSF3R, FFAR2, RNF24, LRG1, ST6GALNAC2, ORM1, MME, CDA, PROK2, PFKFB4, VNN3, SLC22A4, BASP1, TREM1, GLT1D1, GPR97, PTAFR, STEAP4, ALPL"
"104","enriched in neutrophils (II)","M163","enriched in neutrophils (II) (M163)",14,"immune","complete","http://www.interactivefigures.com/meni/btm416_annotation/btmdata/M163.htm",NA,NA,NA,NA,NA,NA,NA,NA,NA,NA,NA,NA,NA,NA,NA,"protein binding (5), integral to membrane (5), plasma membrane (4)","M163","NEUTROPHILS","NEUTROPHILS",14,"NPL, ARAP3, HSPA6, TYROBP, CFD, IMPA2, DENND3, BTNL8, FRAT2, MBOAT7, TSPAN2, BEST1, FLJ10357, SLC40A1"
"105","extracellular matrix (I)","M2.0","extracellular matrix (I) (M2.0)",30,"location","complete","http://www.interactivefigures.com/meni/btm416_annotation/btmdata/M2.0.htm","KEGG_FOCAL_ADHESION",0.08,9.9e-28,201,17,NA,NA,NA,NA,NA,NA,NA,NA,NA,NA,"protein binding (27), extracellular region (26), extracellular matrix (21)","M2.0","ECM AND MIGRATION","ECM AND MIGRATION",30,"CDH11, PDGFRB, PDGFRA, VCAN, BGN, AEBP1, COL3A1, THBS1, LUM, DCN, THBS2, FSTL1, NID2, NID1, PCOLCE, SPP1, PDGFC, LAMA4, FBN1, COL5A2, COL5A1, COL4A2, COL4A1, MXRA8, COL1A2, COL1A1, COL6A1, COL6A3, COL6A2, MMP2"
"106","extracellular matrix (II)","M2.1","extracellular matrix (II) (M2.1)",45,"location","complete","http://www.interactivefigures.com/meni/btm416_annotation/btmdata/M2.1.htm",NA,NA,NA,NA,NA,NA,NA,NA,NA,NA,NA,NA,NA,NA,NA,"extracellular region (38), extracellular space (31), protein binding (29)","M2.1","ECM AND MIGRATION","ECM AND MIGRATION",45,"TNFSF13, CD40LG, MPO, VCAN, TFF3, AEBP1, OLFM4, COL3A1, LOX, TNFAIP2, HTRA1, LILRB2, PLA2G7, CHIT1, THBS2, RETN, NID2, NID1, CRISP3, CST3, CTSH, LAMA4, ENTPD1, FBN1, COL5A2, POSTN, COL5A1, COL4A2, CEACAM8, GRN, ACHE, LRG1, CTSG, CXCL1, SMPDL3A, ORM1, ARG1, SPARC, FGL2, COL1A2, ANGPTL2, COL1A1, TGFBI, COL6A2, MMP2"
"107","extracellular matrix (III)","M2.2","extracellular matrix (III) (M2.2)",14,"location","complete","http://www.interactivefigures.com/meni/btm416_annotation/btmdata/M2.2.htm","KEGG_ECM_RECEPTOR_INTERACTION",0.05,1.34e-09,84,5,NA,NA,NA,NA,NA,NA,NA,NA,NA,NA,"extracellular region (12), protein binding (11), extracellular matrix (10)","M2.2","ECM AND MIGRATION","ECM AND MIGRATION",14,"CDH11, DCN, LAMA4, VCAN, FBN1, COL5A2, NID2, COL5A1, COL1A2, ANGPTL2, COL3A1, EDNRA, AEBP1, MMP1"
"108","extracellular matrix, collagen","M210","extracellular matrix, collagen (M210)",32,"location","complete","http://www.interactivefigures.com/meni/btm416_annotation/btmdata/M210.htm",NA,NA,NA,NA,NA,NA,NA,NA,NA,NA,NA,NA,NA,NA,NA,"extracellular region (31), protein binding (26), proteinaceous extracellular matrix (20)","M210","ECM AND MIGRATION","ECM AND MIGRATION",32,"COL10A1, TIMP3, COL11A1, TIMP1, SPARCL1, MFAP5, MFAP4, MFAP2, LAMB1, DCN, PODN, ADAMTS1, MGP, TGFB1I1, COL8A2, SERPINA1, EFEMP1, COMP, EFEMP2, COL4A1, TNC, SFRP2, EMILIN1, OMD, COL14A1, C1QA, CTGF, ADAMTS12, PXDN, COL6A3, CTHRC1, COL12A1"
"109","extracellular matrix, complement","M140","extracellular matrix, complement (M140)",14,"location","partial","http://www.interactivefigures.com/meni/btm416_annotation/btmdata/M140.htm",NA,NA,NA,NA,NA,NA,NA,NA,NA,NA,NA,NA,NA,NA,NA,"extracellular region (12), extracellular matrix (9), protein binding (7)","M140","ECM AND MIGRATION","ECM AND MIGRATION",14,"SLPI, CRISPLD2, FCN1, LTBP2, PRTN3, LAMA2, TFF3, FLRT2, IGFBP7, CRISP3, MMP9, MMP8, CFP, TIMP2"
"110","formyl peptide receptor mediated neutrophil response","M11.2","formyl peptide receptor mediated neutrophil response (M11.2)",10,"signaling","partial","http://www.interactivefigures.com/meni/btm416_annotation/btmdata/M11.2.htm","BIOCARTA_FMLP_PATHWAY",0.12,2.42e-12,37,5,NA,NA,NA,NA,NA,NA,NA,NA,NA,NA,"protein binding (6), plasma membrane (6), signal transduction (4)","M11.2","NEUTROPHILS","NEUTROPHILS",10,"NCF2, SLC11A1, CAMK1, FPR1, IGSF6, SECTM1, FCGR2A, PILRA, NCF1C, PAK1"
"111","immune activation - generic cluster","M37.0","immune activation - generic cluster (M37.0)",347,"immune","complete","http://www.interactivefigures.com/meni/btm416_annotation/btmdata/M37.0.htm",NA,NA,NA,NA,NA,NA,NA,NA,NA,NA,NA,NA,NA,NA,NA,"protein binding (183), plasma membrane (99), integral to membrane (99)","M37.0","INNATE RESPONSE","INFLAMMATORY/TLR/CHEMOKINES",347,"ELANE, SAMD13, CAMK4, GPR109B, BANK1, DYSF, MACROD2, MS4A4A, PRRG4, ORM1, C19orf59, ERI2, LAT, PPIL4, CSRP2, MAL, CD1B, RASGRP4, MGST1, PRG2, VPREB1, VPREB3, ENG, GRAP2, NCAPD2, NCAPD3, BLM, TCN1, SLC22A4, ANPEP, SIRPB1, CD19, RETN, MBOAT2, CLEC5A, PLA2G7, CIITA, PTX3, SMC4, P2RY13, S100A8, RNF150, KIAA0513, C10orf10, MANSC1, LTF, PRAM1, SLC27A2, ACPP, F5, HMGB2, CHAF1A, CHAF1B, HLA-DRA, SULF2, CDK14, CXCR2, KLF5, DEFA4, DEFA1, JAG1, FPR2, SLC24A4, CTSG, TCL1A, C3AR1, NUP37, CA4, OGN, CMTM2, LILRA5, LILRA3, LIN7A, HNRPLL, DKFZp451A211, MARCH1, CHI3L2, CHI3L1, CYP4F2, CYP4F3, B3GNT5, ORC6L, ROPN1L, CRISPLD2, CENPL, CRISP3, BARD1, FAM69B, CCDC150, RBBP8, LY96, ACCN2, GH1, AZU1, DBF4, CD300C, LOC90925, EMR1, VANGL1, ARHGEF10L, OSCAR, MGAM, CCNE1, CEACAM1, CEACAM6, TACSTD2, BMX, PLXDC2, G0S2, JAM3, VNN2, VNN1, IGFBP7, BLVRB, GALNT6, STK32B, C15orf23, MEF2C, DTYMK, GPR97, BTK, CD72, CXorf50B, RFC2, PRKAR2B, TREM1, MCTP1, GAS2L1, NLRP3, ADAP2, RANBP1, FGD4, ACPL2, LOC81691, CLC, GXYLT2, UNG, GAB1, TM6SF1, FAM43A, LOC284757, SLC22A15, BASP1, PTK2, SVIL, LCN2, BPI, MSH2, MEGF9, F13A1, VSTM1, IQGAP3, ARAP3, RAD54B, C13orf34, RGL1, CAMP, RGL4, LOC100130458, ST3GAL6, FCGR2C, MGC5566, PADI2, EBF1, DHCR24, CLEC4D, PFKFB4, ZNF467, TUBG1, MOSC1, MMP8, MMP9, SAC3D1, FKBP14, PTGS2, AMICA1, LOC643332, CLEC14A, TXNDC3, FAM46A, PSD3, INHBA, PRTN3, FCAR, BRCA2, HAL, LRRC4, CREB5, AQP9, TMEM176A, TMEM176B, CTSS, CXCL1, PSRC1, SMPDL3A, ADCY9, RUNX2, BST1, PID1, CD3E, CD3G, CSF2RB, MARCH3, DOCK5, LARGE, TSHR, ICOSLG, QPCT, JUP, NFE2, PAX5, CORO2A, CR1, PROK2, PEX5L, PRTFDC1, LOC100289612, SH2D1A, CD177, CD7, CD2, OLFM4, CCR9, CD9, SLC8A1, GPR84, KIF16B, ABCA13, LGALS3, BCL11B, RAD51C, SLPI, LRP1, CDA, SGK1, STX11, HLA-DOA, AGPAT9, CYFIP1, CDKN2C, FCGR3A, S100P, FCGR3B, FOXO1, NLRC4, ALDH1A1, MLLT4, CHIT1, SLCO4C1, LOC728606, LPCAT2, HK3, ITGAM, ANXA3, ANXA5, NRGN, MCM7, MCM3, IL18RAP, UPP1, SAMHD1, CEBPE, OLR1, IMPA2, KCNK5, CKAP2, BCL6, KCNE3, LAT2, PKMYT1, FBP1, MS4A7, MS4A3, GSN, VSIG10, NDST3, LYZ, NAV1, LYN, MYB, PYGL, RNASE3, RNASE2, ENTPD1, RNASE6, CD22, TSPAN2, RBP7, CACNA2D3, ACSL1, TLR1, TLR7, ATP8B4, SLC19A2, GGTA1, CLEC12A, HP, GPBAR1, IL1R2, FLJ10357, BEX1, LRRK2, SCD, PCBP3, SERPINB10, TLR5, RHOU, SLC26A8, ARG1, TNFAIP6, ELOVL4, FAM105A, FAM150B, NCF4, GAS2L3, GNAI1, LGALS12, SLA2, C11orf75, DUSP6, FAM49A, EMILIN2, CTGF, CSE1L, STEAP4, MYCL1, TFF3, APOB48R, UBASH3A, RAB32, ESCO2, TRAT1, DOK3, IL1R1, NACC2, LRP12, PDGFC, KCNJ15, DACH1, LRG1, ACTN1, SLC40A1, SIGLEC9, SIGLEC5, FOLR3, ZNF608, MYO7B"
"112","inflammasome receptors and signaling","M53","inflammasome receptors and signaling (M53)",12,"immune","complete","http://www.interactivefigures.com/meni/btm416_annotation/btmdata/M53.htm","KEGG_NOD_LIKE_RECEPTOR_SIGNALING_PATHWAY",0.14,1.22e-21,62,9,"[Chaussabel.v2]M6.13",0.05,2.05e-06,48,3,NA,NA,NA,NA,NA,"protein binding (12), cytoplasm (11), regulation of apoptosis (6)","M53","INNATE RESPONSE","DC ACTIVATION",12,"NLRP3, NFKBIA, BIRC3, BIRC2, TNFAIP3, RXRA, CARD9, RIPK2, TLR4, NOD2, NLRC4, PAK1"
"113","inflammatory response","M33","inflammatory response (M33)",11,"immune","partial","http://www.interactivefigures.com/meni/btm416_annotation/btmdata/M33.htm",NA,NA,NA,NA,NA,NA,NA,NA,NA,NA,"ELF1_Q6",0.06,8.22e-24,182,11,"protein binding (8), plasma membrane (5), cytoplasm (5)","M33","INNATE RESPONSE","INFLAMMATORY/TLR/CHEMOKINES",11,"TBC1D8, TNFSF13, FCER1G, STAB1, TYROBP, GPX1, CARD9, ARRB2, TLR4, APOB48R, AIF1"
"114","innate activation by cytosolic DNA sensing","M13","innate activation by cytosolic DNA sensing (M13)",11,"immune","partial","http://www.interactivefigures.com/meni/btm416_annotation/btmdata/M13.htm","KEGG_CYTOSOLIC_DNA_SENSING_PATHWAY",0.2,9.16e-30,56,11,"[Chaussabel.v2]M3.4",0.07,9.41e-09,53,4,"IRF1_01",0.02,1.81e-06,195,4,"protein binding (7), cytoplasm (7), inflammatory response (6)","M13","INNATE RESPONSE","INTERFERON/ANTIVIRAL SENSING",11,"DDX58, IRF7, CCL4, CCL5, ZBP1, NFKBIA, AIM2, IL6, PYCARD, CXCL10, IL1B"
"115","innate antiviral response","M150","innate antiviral response (M150)",12,"immune","complete","http://www.interactivefigures.com/meni/btm416_annotation/btmdata/M150.htm",NA,NA,NA,NA,NA,"[Chaussabel.v2]M1.2",0.15,1.41e-12,27,5,NA,NA,NA,NA,NA,"protein binding (8), type I interferon-mediated signaling pathway (6), cytokine-mediated signaling pathway (6)","M150","INNATE RESPONSE","INTERFERON/ANTIVIRAL SENSING",12,"TAP1, IRF7, PLSCR1, EIF2AK2, APOBEC3A, OASL, RXRA, OAS1, OAS3, RSAD2, IFIT1, SP100"
"116","inositol phosphate metabolism","M129","inositol phosphate metabolism (M129)",13,"molecular function","complete","http://www.interactivefigures.com/meni/btm416_annotation/btmdata/M129.htm","KEGG_INOSITOL_PHOSPHATE_METABOLISM",0.08,8.9e-11,54,5,NA,NA,NA,NA,NA,NA,NA,NA,NA,NA,"protein binding (7), nucleotide binding (5), membrane (5)","M129","SIGNAL TRANSDUCTION","SIGNAL TRANSDUCTION",13,"PANK3, AVL9, PIKFYVE, MED23, PLEKHF2, SRP9, IMPA1, PIK3C2A, SYNJ1, CASC4, FNDC3A, PIK3C3, KIAA1109"
"117","integrin cell surface interactions (I)","M1.0","integrin cell surface interactions (I) (M1.0)",29,"molecular function","partial","http://www.interactivefigures.com/meni/btm416_annotation/btmdata/M1.0.htm","KEGG_FOCAL_ADHESION",0.14,6.7e-61,201,29,NA,NA,NA,NA,NA,NA,NA,NA,NA,NA,"protein binding (26), axon guidance (20), extracellular region (16)","M1.0","ECM AND MIGRATION","ECM AND MIGRATION",29,"ITGA9, PDGFRA, PTK2, TNC, PDGFRB, EGFR, ITGA5, LAMB1, COL3A1, LAMB2, CAV2, MYL9, ITGA2B, KDR, ITGB3, COL5A2, COL5A1, COL4A2, COL4A1, LAMC1, FN1, CCND2, ITGAV, MET, COL1A2, COL1A1, COL6A1, COL6A3, COL6A2"
"118","integrin cell surface interactions (II)","M1.1","integrin cell surface interactions (II) (M1.1)",12,"molecular function","partial","http://www.interactivefigures.com/meni/btm416_annotation/btmdata/M1.1.htm","KEGG_ECM_RECEPTOR_INTERACTION",0.12,2.25e-23,84,10,NA,NA,NA,NA,NA,"CP2_01",0.01,0.000145,198,3,"protein binding (12), extracellular region (12), extracellular matrix structural constituent (9)","M1.1","ECM AND MIGRATION","ECM AND MIGRATION",12,"LAMC1, TNC, FN1, FBN1, COL4A5, COL1A2, COL4A2, COL4A1, COL1A1, LAMB1, VWF, LAMB2"
"119","integrin mediated leukocyte migration","M39","integrin mediated leukocyte migration (M39)",10,"biological process","partial","http://www.interactivefigures.com/meni/btm416_annotation/btmdata/M39.htm","KEGG_LEUKOCYTE_TRANSENDOTHELIAL_MIGRATION",0.08,1.21e-23,118,10,NA,NA,NA,NA,NA,"ELF1_Q6",0.02,6.22e-05,182,3,"protein binding (10), plasma membrane (9), blood coagulation (6)","M39","ECM AND MIGRATION","ECM AND MIGRATION",10,"ITGB2, TXK, ITK, VAV1, PIK3CD, PRKCB, ITGA4, PLCG1, ITGAL, VCAM1"
"120","integrins and cell adhesion","M84","integrins and cell adhesion (M84)",10,"molecular function","complete","http://www.interactivefigures.com/meni/btm416_annotation/btmdata/M84.htm","BIOCARTA_LYM_PATHWAY",0.31,2.58e-15,11,5,NA,NA,NA,NA,NA,NA,NA,NA,NA,NA,"regulation of immune response (10), protein binding (10), plasma membrane (10)","M84","ECM AND MIGRATION","ECM AND MIGRATION",10,"SELL, ITGB2, LILRB2, ITGB7, CD96, AMICA1, ITGA4, ICAM3, VCAM1, ITGAL"
"121","interferon alpha response (I)","M158.0","interferon alpha response (I) (M158.0)",16,"immune","partial","http://www.interactivefigures.com/meni/btm416_annotation/btmdata/M158.0.htm","KEGG_REGULATION_OF_AUTOPHAGY",0.11,3.11e-11,35,5,NA,NA,NA,NA,NA,NA,NA,NA,NA,NA,"extracellular region (12), extracellular space (11), protein binding (7)","M158.0","IFN","INTERFERON/ANTIVIRAL SENSING",16,"LHCGR, COL8A1, IMPG2, ITGB4, MMP12, TNR, IFNA7, IFNA4, SFN, LAMC2, ST14, ADAMTS20, FGF5, IFNA10, IFNA16, IFNA14"
"122","interferon alpha response (II)","M158.1","interferon alpha response (II) (M158.1)",13,"immune","complete","http://www.interactivefigures.com/meni/btm416_annotation/btmdata/M158.1.htm","KEGG_REGULATION_OF_AUTOPHAGY",0.23,1.39e-23,35,9,NA,NA,NA,NA,NA,NA,NA,NA,NA,NA,"extracellular space (11), extracellular region (11), type I interferon-mediated signaling pathway (9)","M158.1","IFN","INTERFERON/ANTIVIRAL SENSING",13,"LHCGR, FAM123A, IFNA8, IFNA2, IFNA7, IFNA5, IFNA4, IFNA21, PRL, ADAMTS20, IFNA10, IFNA16, IFNA14"
"123","leukocyte migration","M88.0","leukocyte migration (M88.0)",51,"biological process","partial","http://www.interactivefigures.com/meni/btm416_annotation/btmdata/M88.0.htm",NA,NA,NA,NA,NA,NA,NA,NA,NA,NA,NA,NA,NA,NA,NA,"protein binding (29), membrane (20), integral to membrane (20)","M88.0","ECM AND MIGRATION","ECM AND MIGRATION",51,"C17orf73, HEPH, CDH17, POF1B, CDX1, CDX2, FAM3D, MYO1A, NOX1, PRSS3, C19orf21, FABP1, C2orf89, GPR35, BCL2L14, TMEM45B, MUC3B, PRR15L, TMPRSS2, CEACAM1, VIL1, GMDS, CEACAM5, CLDN3, CLDN4, KRT20, CLDN7, PLS1, XK, GUCY2C, GPX2, EPB41L4B, ATP10B, RNF43, ST14, EPCAM, TSPAN8, EPS8L3, MUC13, LGALS4, PIP5K1B, FA2H, ACSL5, MAPK13, NR1I2, FOXA3, FUT4, FUT3, MYO7B, GPA33, MEP1A"
"124","metabolism in mitochondria, peroxisome","M187","metabolism in mitochondria, peroxisome (M187)",12,"location","partial","http://www.interactivefigures.com/meni/btm416_annotation/btmdata/M187.htm","KEGG_FATTY_ACID_METABOLISM",0.06,1.37e-06,42,3,NA,NA,NA,NA,NA,NA,NA,NA,NA,NA,"membrane (5), mitochondrion (4), plasma membrane (3)","M187","ENERGY METABOLISM","ENERGY METABOLISM",12,"SLC10A2, SLC28A1, CYP4A11, PRODH2, SLC2A2, LOC100422737, AGXT2, LOC100130232, GLYAT, CYP4A22, EHHADH, ACMSD"
"125","metabolism of steroids","M225","metabolism of steroids (M225)",10,"molecular function","complete","http://www.interactivefigures.com/meni/btm416_annotation/btmdata/M225.htm","KEGG_ASCORBATE_AND_ALDARATE_METABOLISM",0.17,2.96e-13,25,5,NA,NA,NA,NA,NA,NA,NA,NA,NA,NA,"membrane (7), integral to membrane (7), transferase activity, transferring hexosyl groups (4)","M225","ENERGY METABOLISM","ENERGY METABOLISM",10,"GALNT14, ALPK2, UGT2A3, LOC100422737, UGT2B15, MIOX, UGT2B17, PKHD1, HAVCR1, UGT2B28"
"126","mismatch repair (I)","M22.0","mismatch repair (I) (M22.0)",27,"biological process","partial","http://www.interactivefigures.com/meni/btm416_annotation/btmdata/M22.0.htm","KEGG_MISMATCH_REPAIR",0.28,1.08e-27,23,11,NA,NA,NA,NA,NA,"E2F_Q6",0.04,1.1e-09,171,7,"nucleus (25), protein binding (24), mitotic cell cycle (15)","M22.0","CELL CYCLE","CELL CYCLE",27,"SMC1A, POLA1, NCAPG2, RFC5, RFC4, MSH2, TMPO, MSH6, RFC2, GMNN, BUB1, RMI1, RACGAP1, EXO1, POLD3, PRIM1, ZWINT, CHEK1, PCNA, CENPK, FIGNL1, MCM6, RFC3, SSBP1, TOPBP1, RPA3, SMC2"
"127","mismatch repair (II)","M22.1","mismatch repair (II) (M22.1)",13,"biological process","partial","http://www.interactivefigures.com/meni/btm416_annotation/btmdata/M22.1.htm","KEGG_MISMATCH_REPAIR",0.57,2.23e-41,23,13,NA,NA,NA,NA,NA,"E2F1DP2_01",0.03,7e-07,127,4,"protein binding (13), nucleus (13), DNA repair (13)","M22.1","CELL CYCLE","CELL CYCLE",13,"PCNA, RFC3, RFC5, RFC4, MSH2, EXO1, RPA1, MSH6, RFC2, POLD1, POLD3, MLH1, RPA3"
"128","mitosis (TF motif CCAATNNSNNNGCG)","M169","mitosis (TF motif CCAATNNSNNNGCG) (M169)",16,"biological process","partial","http://www.interactivefigures.com/meni/btm416_annotation/btmdata/M169.htm","KEGG_CELL_CYCLE",0.03,1.81e-06,128,4,NA,NA,NA,NA,NA,"CCAATNNSNNNGCG_UNKNOWN",0.07,2.63e-08,45,4,"protein binding (10), nucleus (9), cytoplasm (7)","M169","CELL CYCLE","CELL CYCLE",16,"PCNA, SMC1A, TMPO, ORC4L, NOC3L, CASP8AP2, XPO1, CETN3, NUP37, UPF3B, ORC3L, NIF3L1, PMS1, ACTR6, ARMC1, ACTL6A"
"129","mitotic cell cycle","M4.7","mitotic cell cycle (M4.7)",21,"biological process","complete","http://www.interactivefigures.com/meni/btm416_annotation/btmdata/M4.7.htm","KEGG_PROGESTERONE_MEDIATED_OOCYTE_MATURATION",0.08,7.06e-15,86,8,NA,NA,NA,NA,NA,NA,NA,NA,NA,NA,"protein binding (20), mitotic cell cycle (17), nucleus (15)","M4.7","CELL CYCLE","CELL CYCLE",21,"CCNB2, CCNB1, CCNA2, SHCBP1, PLK1, CDC25C, CDC25A, EXO1, CDT1, CEP152, PKMYT1, E2F8, TUBG1, CDK1, CEP76, FOXM1, SGOL2, CEP72, NEK2, PLK4, CKAP5"
"130","mitotic cell cycle - DNA replication","M4.4","mitotic cell cycle - DNA replication (M4.4)",30,"biological process","complete","http://www.interactivefigures.com/meni/btm416_annotation/btmdata/M4.4.htm","KEGG_DNA_REPLICATION",0.25,5.3e-30,36,13,NA,NA,NA,NA,NA,"E2F_Q3",0.06,1.4e-16,166,11,"nucleus (24), protein binding (22), nucleoplasm (20)","M4.4","CELL CYCLE","CELL CYCLE",30,"POLA2, POLA1, PLK4, KIF15, CDC6, CDC7, STIL, EXO1, CDT1, ORC6L, PRIM1, PRIM2, PCNA, C1orf112, MCM10, OIP5, MND1, TPX2, MCM7, MCM6, MCM5, MCM4, MCM3, MCM2, MCM8, C12orf48, RPA2, CDK2, POLE2, CDC45"
"131","mitotic cell cycle in stimulated CD4 T cells","M4.5","mitotic cell cycle in stimulated CD4 T cells (M4.5)",35,"biological process","partial","http://www.interactivefigures.com/meni/btm416_annotation/btmdata/M4.5.htm",NA,NA,NA,NA,NA,"[Chaussabel.v2]M3.3",0.15,7.2e-22,49,11,NA,NA,NA,NA,NA,"protein binding (19), nucleus (16), cytoplasm (16)","M4.5","CELL CYCLE","CELL CYCLE",63,"MAD2L1, CEP55, HNRPLL, LAG3, GPR56, KIAA0101, NDC80, TYMS, FBXO5, MELK, GRAP2, CDCA7, CDCA5, RRM2, CXCR6, MIR155HG, CENPM, CENPK, NUF2, IFNG, ZNF367, MCM6, ENO2, KIF11, DEPDC1B, ZEB1, UHRF1, TACC3, CDC20, CDK1, RNF144A, CHAC2, TOP2A, UBE2T, KIF20A, RBBP8, CCDC99, CENPF, CENPE, MASTL, PLK4, ZNF367, KIF14, EZH2, RAD51, NCAPH, GMNN, TRIP13, RRM1, CDC6, DONSON, CCNA2, CCDC99, MELK, RAD54L, GSG2, SUV39H1, CYB5B, CDCA3, AURKB, TK1, STMN1, RAD51C"
"132","mitotic cell cycle in stimulated CD4 T cells","M4.9","mitotic cell cycle in stimulated CD4 T cells (M4.9)",16,"biological process","partial","http://www.interactivefigures.com/meni/btm416_annotation/btmdata/M4.9.htm",NA,NA,NA,NA,NA,NA,NA,NA,NA,NA,"E2F_Q3",0.03,1.2e-09,166,6,"nucleus (14), protein binding (10), cytoplasm (10)","M4.9","T CELLS","T CELLS",63,"MAD2L1, CEP55, HNRPLL, LAG3, GPR56, KIAA0101, NDC80, TYMS, FBXO5, MELK, GRAP2, CDCA7, CDCA5, RRM2, CXCR6, MIR155HG, CENPM, CENPK, NUF2, IFNG, ZNF367, MCM6, ENO2, KIF11, DEPDC1B, ZEB1, UHRF1, TACC3, CDC20, CDK1, RNF144A, CHAC2, TOP2A, UBE2T, KIF20A, RBBP8, CCDC99, CENPF, CENPE, MASTL, PLK4, ZNF367, KIF14, EZH2, RAD51, NCAPH, GMNN, TRIP13, RRM1, CDC6, DONSON, CCNA2, CCDC99, MELK, RAD54L, GSG2, SUV39H1, CYB5B, CDCA3, AURKB, TK1, STMN1, RAD51C"
"133","mitotic cell cycle in stimulated CD4 T cells","M4.11","mitotic cell cycle in stimulated CD4 T cells (M4.11)",12,"biological process","partial","http://www.interactivefigures.com/meni/btm416_annotation/btmdata/M4.11.htm",NA,NA,NA,NA,NA,"[Chaussabel.v2]M3.3",0.07,1.02e-08,49,4,"MCAATNNNNNGCG_UNKNOWN",0.05,3.45e-08,66,4,"cytoplasm (8), nucleus (7), protein binding (6)","M4.11","CELL CYCLE","CELL CYCLE",63,"MAD2L1, CEP55, HNRPLL, LAG3, GPR56, KIAA0101, NDC80, TYMS, FBXO5, MELK, GRAP2, CDCA7, CDCA5, RRM2, CXCR6, MIR155HG, CENPM, CENPK, NUF2, IFNG, ZNF367, MCM6, ENO2, KIF11, DEPDC1B, ZEB1, UHRF1, TACC3, CDC20, CDK1, RNF144A, CHAC2, TOP2A, UBE2T, KIF20A, RBBP8, CCDC99, CENPF, CENPE, MASTL, PLK4, ZNF367, KIF14, EZH2, RAD51, NCAPH, GMNN, TRIP13, RRM1, CDC6, DONSON, CCNA2, CCDC99, MELK, RAD54L, GSG2, SUV39H1, CYB5B, CDCA3, AURKB, TK1, STMN1, RAD51C"
"134","mitotic cell division","M6","mitotic cell division (M6)",32,"biological process","complete","http://www.interactivefigures.com/meni/btm416_annotation/btmdata/M6.htm",NA,NA,NA,NA,NA,NA,NA,NA,NA,NA,NA,NA,NA,NA,NA,"mitotic prometaphase (31), mitotic cell cycle (31), cytosol (31)","M6","CELL CYCLE","CELL CYCLE",32,"MAD2L1, BUB1B, PLK1, ZWINT, BIRC5, CENPK, CDC20, NDC80, KIF2C, CCDC99, ERCC6L, SKA1, AURKB, CDCA8, CENPO, CENPN, CENPM, BUB1, CENPI, CENPH, CENPF, CENPE, KIF18A, CENPA, SGOL2, CASC5, ZWILCH, NUF2, APITD1, MLF1IP, SPC25, SPC24"
"135","myeloid, dendritic cell activation via NFkB (I)","M43.0","myeloid, dendritic cell activation via NFkB (I) (M43.0)",15,"immune","complete","http://www.interactivefigures.com/meni/btm416_annotation/btmdata/M43.0.htm",NA,NA,NA,NA,NA,NA,NA,NA,NA,NA,"NFKAPPAB_01",0.07,1.39e-28,194,14,"protein binding (13), plasma membrane (6), extracellular space (6)","M43.0","INNATE RESPONSE","DC ACTIVATION",15,"MAP3K8, IL23A, CCL5, CD83, NFKBID, FUT7, CTGF, TNF, VCAM1, ICAM1, SAMSN1, RELB, NFKB2, EBI3, BCL3"
"136","myeloid, dendritic cell activation via NFkB (II)","M43.1","myeloid, dendritic cell activation via NFkB (II) (M43.1)",14,"immune","complete","http://www.interactivefigures.com/meni/btm416_annotation/btmdata/M43.1.htm",NA,NA,NA,NA,NA,NA,NA,NA,NA,NA,"NFKB_Q6_01",0.08,2.27e-30,176,14,"protein binding (11), nucleus (7), cytoplasm (7)","M43.1","INNATE RESPONSE","DC ACTIVATION",14,"IL1RN, IL23A, CCL5, NFKBIA, BIRC3, PRKCD, FUT7, LTB, TNIP3, ICAM1, RELB, NFKB2, EBI3, BCL3"
"137","phosphatidylinositol signaling system","M101","phosphatidylinositol signaling system (M101)",14,"signaling","complete","http://www.interactivefigures.com/meni/btm416_annotation/btmdata/M101.htm","KEGG_INOSITOL_PHOSPHATE_METABOLISM",0.08,1.38e-10,54,5,NA,NA,NA,NA,NA,NA,NA,NA,NA,NA,"protein binding (8), nucleus (6), cytoplasm (6)","M101","SIGNAL TRANSDUCTION","SIGNAL TRANSDUCTION",14,"PHTF2, AGL, C6orf211, PIKFYVE, SP3, IMPA1, PIK3C2A, DEK, SYNJ1, PPP1R12A, CLK1, PIK3C3, EFHA1, SLC35A1"
"138","plasma cells & B cells, immunoglobulins","M156.0","plasma cells & B cells, immunoglobulins (M156.0)",43,"immune","complete","http://www.interactivefigures.com/meni/btm416_annotation/btmdata/M156.0.htm",NA,NA,NA,NA,NA,NA,NA,NA,NA,NA,NA,NA,NA,NA,NA,"protein binding (24), plasma membrane (9), integral to membrane (7)","M156.0","B CELLS","PLASMA CELLS",43,"CD52, IGKV4-1, LOC652493, IGHG1, C13orf18, LOC100287723, LOC100289053, IGKC, IGKV1D-13, VPREB3, ITM2C, LOC96610, IGLV4-60, IGLV3-19, P2RX5, CPNE5, ADAM28, STAP1, ABCB4, FCRL1, FCRL2, PCDH9, CD22, IGL@, LOC91316, SPIB, IGKV3-20, IGHD, BLK, LOC100290557, IGLV2-23, IGJ, OSBPL10, CYAT1, E2F5, LOC100293440, TNFRSF17, IGLV1-44, IGLJ3, GNG7, IGLL3, MGC29506, IGLL5"
"139","plasma cells, immunoglobulins","M156.1","plasma cells, immunoglobulins (M156.1)",36,"immune","complete","http://www.interactivefigures.com/meni/btm416_annotation/btmdata/M156.1.htm",NA,NA,NA,NA,NA,NA,NA,NA,NA,NA,NA,NA,NA,NA,NA,"protein binding (20), extracellular region (9), immune response (8)","M156.1","B CELLS","PLASMA CELLS",36,"IGKV4-1, LOC652493, IGHA1, IGHG1, TNFRSF17, LOC100287723, LOC100289053, IGK@, IGKC, IGKV1D-13, LOC96610, IGLV3-19, TXNDC5, DERL3, LOC100290557, MUTED, CD27, IGL@, LOC91316, IGH@, IGKV3-20, IGHD, IGHV3-48, PNOC, IGLV2-23, IGHM, CYAT1, LOC100130100, IGKV1-5, LOC100293440, POU2AF1, IGLV1-44, IGLJ3, IGLV4-60, MGC29506, IGLL5"
"140","platelet activation & blood coagulation","M199","platelet activation & blood coagulation (M199)",13,"biological process","complete","http://www.interactivefigures.com/meni/btm416_annotation/btmdata/M199.htm","KEGG_ECM_RECEPTOR_INTERACTION",0.05,8.61e-10,84,5,"[Chaussabel.v2]M1.1",0.06,4.73e-12,86,6,NA,NA,NA,NA,NA,"protein binding (9), blood coagulation (8), platelet activation (7)","M199","PLATELETS","PLATELETS",13,"PROS1, LY6G6D /// LY6G6F, GP1BB /// SEPT5, SH3BGRL2, PCSK6, VWF, GP1BA, PRKAR2B, GP9, GP5, GP6, EGF, TTC7B"
"141","platelet activation (I)","M32.0","platelet activation (I) (M32.0)",23,"biological process","partial","http://www.interactivefigures.com/meni/btm416_annotation/btmdata/M32.0.htm","KEGG_FOCAL_ADHESION",0.03,4.52e-08,201,6,NA,NA,NA,NA,NA,NA,NA,NA,NA,NA,"protein binding (17), cytoplasm (17), nucleus (11)","M32.0","PLATELETS","PLATELETS",23,"TGFB1, PPP2R1A, CCDC22, AKT1, CORO1A, GNAI2, ZYX, H1FX, POR, TLN1, APEH, FAM108A1, NR1H2, ACAP1, GNB2, HGS, NUCB1, UBE2M, PPP1CA, ACTN4, PFN1, FLNA, NRBP1"
"142","platelet activation (II)","M32.1","platelet activation (II) (M32.1)",21,"biological process","partial","http://www.interactivefigures.com/meni/btm416_annotation/btmdata/M32.1.htm",NA,NA,NA,NA,NA,NA,NA,NA,NA,NA,NA,NA,NA,NA,NA,"protein binding (19), cytoplasm (15), nucleus (12)","M32.1","PLATELETS","PLATELETS",21,"TGFB1, EHMT2, TLN1, ACTN4, PKN1, SIPA1, ACAP1, GNB2, AP2M1, AKT1, MAP7D1, MLF2, ZYX, NBEAL2, DNM2, FLNA, HGS, PFN1, GNAI2, MAP2K2, PNPLA6"
"143","platelet activation (III)","M42","platelet activation (III) (M42)",10,"biological process","complete","http://www.interactivefigures.com/meni/btm416_annotation/btmdata/M42.htm","KEGG_FC_EPSILON_RI_SIGNALING_PATHWAY",0.09,6.52e-16,79,7,NA,NA,NA,NA,NA,"ETS_Q4",0.02,6.02e-05,180,3,"platelet activation (10), blood coagulation (10), protein binding (8)","M42","PLATELETS","PLATELETS",10,"FCER1G, GNAQ, SYK, VAV1, PLCG2, PIK3R5, GNA15, COL1A1, LCP2, LYN"
"144","platelet activation - actin binding","M196","platelet activation - actin binding (M196)",17,"molecular function","partial","http://www.interactivefigures.com/meni/btm416_annotation/btmdata/M196.htm","KEGG_HYPERTROPHIC_CARDIOMYOPATHY_HCM",0.06,3.14e-11,85,6,"[Chaussabel.v2]M1.1",0.08,8.54e-16,86,8,NA,NA,NA,NA,NA,"protein binding (9), cytoplasm (8), platelet activation (6)","M196","PLATELETS","PLATELETS",17,"ITGB3, ITGB5, WASF3, ITGA2B, MPL, TPM4, PROS1, TGFB2, TPM1, THBS1, ACSBG1, ABLIM3, MFAP3L, ARHGAP6, HSPC159, ASAP2, PDE5A"
"145","platelet activation and degranulation","M85","platelet activation and degranulation (M85)",12,"biological process","complete","http://www.interactivefigures.com/meni/btm416_annotation/btmdata/M85.htm","KEGG_ECM_RECEPTOR_INTERACTION",0.07,2.21e-12,84,6,NA,NA,NA,NA,NA,"STAT6_01",0.01,0.000147,199,3,"protein binding (11), extracellular region (11), blood coagulation (11)","M85","PLATELETS","PLATELETS",12,"SERPINA1, F3, TIMP1, FN1, THBS2, THBS1, SPARC, COL1A2, COL1A1, CLU, VWF, SERPINE1"
"146","proinflammatory cytokines and chemokines","M29","proinflammatory cytokines and chemokines (M29)",10,"immune","complete","http://www.interactivefigures.com/meni/btm416_annotation/btmdata/M29.htm","BIOCARTA_LAIR_PATHWAY",0.23,3.45e-14,17,5,NA,NA,NA,NA,NA,"CEBPB_01",0.01,8.61e-05,203,3,"inflammatory response (9), extracellular region (8), protein binding (7)","M29","INNATE RESPONSE","INFLAMMATORY/TLR/CHEMOKINES",10,"PTX3, CCRL2, IL6, CCL3 /// CCL3L1 /// CCL3L3, TNF, IL1A, C3, CCL20, IL1B, IL8"
"147","proinflammatory dendritic cell, myeloid cell response","M86.1","proinflammatory dendritic cell, myeloid cell response (M86.1)",13,"immune","complete","http://www.interactivefigures.com/meni/btm416_annotation/btmdata/M86.1.htm","[PID]IL27-mediated signaling events",0.15,2.15e-10,18,4,NA,NA,NA,NA,NA,NA,NA,NA,NA,NA,"signal transduction (7), protein binding (7), immune response (6)","M86.1","INNATE RESPONSE","DC ACTIVATION",13,"ADORA2A /// CYTSA, STAT4, CCL4, TNFAIP6, IFNG, CD80, GCH1, SERPINB9, TNF, HS3ST3B1, CCL20, IL1B, PDE4B"
"148","putative targets of PAX3","M89.0","putative targets of PAX3 (M89.0)",16,"TF targets","partial","http://www.interactivefigures.com/meni/btm416_annotation/btmdata/M89.0.htm","[PID]Calcineurin-regulated NFAT-dependent transcription in lymphocytes",0.07,1.98e-08,42,4,NA,NA,NA,NA,NA,"PAX3_B",0.07,1.86e-15,102,8,"protein binding (11), nucleus (9), signal transduction (7)","M89.0","SIGNAL TRANSDUCTION","SIGNAL TRANSDUCTION",26,"PLK2, G0S2, CXCL2, SIK1, EGR2, EGR3, CD83, EGR1, NR4A1, HBEGF, NR4A2, IL8, MAFF, CDKN1A, GEM, DUSP2, EGR2, EGR3, CD83, NR4A1, INHBA, NR4A2, RGS1, DUSP1, ATF3, DUSP2"
"149","putative targets of PAX3","M89.1","putative targets of PAX3 (M89.1)",10,"TF targets","partial","http://www.interactivefigures.com/meni/btm416_annotation/btmdata/M89.1.htm",NA,NA,NA,NA,NA,NA,NA,NA,NA,NA,"HFH8_01",0.03,6.41e-09,172,5,"protein binding (7), nucleus (7), sequence-specific DNA binding transcription factor activity (5)","M89.1","SIGNAL TRANSDUCTION","SIGNAL TRANSDUCTION",26,"PLK2, G0S2, CXCL2, SIK1, EGR2, EGR3, CD83, EGR1, NR4A1, HBEGF, NR4A2, IL8, MAFF, CDKN1A, GEM, DUSP2, EGR2, EGR3, CD83, NR4A1, INHBA, NR4A2, RGS1, DUSP1, ATF3, DUSP2"
"150","receptors, cell migration","M109","receptors, cell migration (M109)",15,"molecular function","partial","http://www.interactivefigures.com/meni/btm416_annotation/btmdata/M109.htm",NA,NA,NA,NA,NA,NA,NA,NA,NA,NA,NA,NA,NA,NA,NA,"plasma membrane (11), protein binding (10), integral to membrane (8)","M109","ECM AND MIGRATION","ECM AND MIGRATION",15,"TGFBR3, NCKAP1L, LRRK2, C3AR1, S1PR1, SYNE2, IL6R, CCR1, CCR2, CORO1A, TRIB1, CCR7, LEF1, GATA3, BCL2"
"151","recruitment of neutrophils","M132","recruitment of neutrophils (M132)",11,"immune","partial","http://www.interactivefigures.com/meni/btm416_annotation/btmdata/M132.htm","KEGG_CHEMOKINE_SIGNALING_PATHWAY",0.02,9.66e-05,190,3,NA,NA,NA,NA,NA,NA,NA,NA,NA,NA,"G-protein coupled receptor protein signaling pathway (11), plasma membrane (9), integral to membrane (9)","M132","NEUTROPHILS","NEUTROPHILS",11,"PROK2, FPR1, FPR2, GNG10, C5AR1, GPR109B, CXCR1, CCR3, PTAFR, FFAR2, F2RL1"
"152","regulation of antigen presentation and immune response","M5.0","regulation of antigen presentation and immune response (M5.0)",81,"immune","complete","http://www.interactivefigures.com/meni/btm416_annotation/btmdata/M5.0.htm","KEGG_T_CELL_RECEPTOR_SIGNALING_PATHWAY",0.14,3.9e-35,108,23,NA,NA,NA,NA,NA,NA,NA,NA,NA,NA,"protein binding (72), plasma membrane (57), T cell receptor signaling pathway (36)","M5.0","INNATE RESPONSE","ANTIGEN PRESENTATION",81,"NCKAP1L, THEMIS, HLA-DPB1, JUN, NFKBIA, PTPN6, TLR5, HLA-DRA, CD4, PRKCQ, PLCG1, CD247, TRBC1, FCGR1B, CCR7, TLR6, TLR10, FYB, TLR2, FCER1G, TRAT1, LILRB2, LILRB1, CLEC7A, BTLA, FYN, FGR, CD86, GRAP2, HLA-DQB1, ZAP70, PAG1, MNDA, IRAK3, LCK, DUSP6, PTPN22, PAK1, CTSH, CTLA4, LCP2, TLR4, CSK, FOS, LAT2, CARD11, HLA-DRB1, CHUK, CD24, UBASH3A, MAP2K6, TLR7, LY96, HCK, VASP, LYN, LIME1, MAPK14, MYD88, INPP5D, ITK, TRAC, SLA2, KLRK1, HLA-DMB, RPS6KA1, HLA-DQA1, MEF2C, SYK, MEF2A, TLR1, PTPRC, HLA-DOA, HLA-DOB, HLA-DMA, HLA-DPA1, CD19, CD3D, CD3E, BTK, CD3G"
"153","regulation of localization (GO)","M63","regulation of localization (GO) (M63)",12,"biological process","partial","http://www.interactivefigures.com/meni/btm416_annotation/btmdata/M63.htm","KEGG_RENAL_CELL_CARCINOMA",0.04,6.46e-06,70,3,"[Chaussabel.v2]M4.16",0.03,1.73e-05,97,3,NA,NA,NA,NA,NA,"protein binding (12), cytoplasm (10), cytosol (9)","M63","ECM AND MIGRATION","ECM AND MIGRATION",12,"SNX17, TGFB1, ARAP1, AKT1, PKN1, MAP2K2, STXBP2, NAPA, ARHGDIA, FLNA, TSC2, NR1H2"
"154","regulation of signal transduction","M3","regulation of signal transduction (M3)",47,"signaling","partial","http://www.interactivefigures.com/meni/btm416_annotation/btmdata/M3.htm",NA,NA,NA,NA,NA,NA,NA,NA,NA,NA,NA,NA,NA,NA,NA,"protein binding (39), plasma membrane (24), cytoplasm (23)","M3","SIGNAL TRANSDUCTION","SIGNAL TRANSDUCTION",47,"PTK2, TIMP2, WLS, KIF26A, ECM1, GAB1, CCR1, FOXO1, C5AR1, APCDD1, S100A12, SOX7, PLXNB2, FZD8, TRAT1, CSF1R, SULF2, CDK14, PSD3, JUP, ADAP2, NOD2, TIAM2, LYN, FGD4, ENG, FPR1, KLF4, PRKCD, UBASH3A, SHANK3, GATA3, GH1, HPSE, IL1RN, LRP1, BMP2, SYK, HMOX1, TLR2, RGL1, CTGF, ZNF423, TLR5, BCL6, CD3E, ASAP2"
"155","respiratory electron transport chain (mitochondrion)","M216","respiratory electron transport chain (mitochondrion) (M216)",12,"location","complete","http://www.interactivefigures.com/meni/btm416_annotation/btmdata/M216.htm","KEGG_PARKINSONS_DISEASE",0.09,1.28e-27,133,12,"[Chaussabel.v2]M6.2",0.02,7.13e-05,156,3,NA,NA,NA,NA,NA,"respiratory electron transport chain (12), mitochondrion (12), mitochondrial inner membrane (12)","M216","ENERGY METABOLISM","ENERGY METABOLISM",58,"NDUFA7, NDUFB7, COX6A1, UQCRB, NDUFB10, ATP5J, UQCR10, ATP5H, NDUFS6, COX7B, COX7C, COX6C, UQCRC2, COX5A, COX5B, UQCR10, COX7B, CYC1, UQCRB, UQCRQ, UQCRH, COX8A, ATP5L, COX6B1, UQCRFS1, UQCRC1, COX6A1, COX7C, COX6C, COX7A2L, ATP5C1, NDUFAB1, COX5A, NDUFB4, NDUFB3, NDUFB1, NDUFS3, NDUFA8, ATP5L, UQCRFS1, NDUFB11, NDUFA6, NDUFA4, NDUFA2, NDUFA3, ATP5J2, NDUFB6, NDUFB2, UQCRQ, NDUFC2, ATP5I, ATP5O, NDUFA11, UQCRH, NDUFS7, NDUFS8, NDUFS4, ATP5D"
"156","respiratory electron transport chain (mitochondrion)","M219","respiratory electron transport chain (mitochondrion) (M219)",18,"location","complete","http://www.interactivefigures.com/meni/btm416_annotation/btmdata/M219.htm","KEGG_CARDIAC_MUSCLE_CONTRACTION",0.21,8.34e-42,80,17,"[Chaussabel.v2]M5.13",0.03,2.39e-07,177,5,"ER_Q6_02",0.02,4.83e-07,204,5,"respiratory electron transport chain (18), mitochondrion (18), mitochondrial inner membrane (18)","M219","ENERGY METABOLISM","ENERGY METABOLISM",58,"NDUFA7, NDUFB7, COX6A1, UQCRB, NDUFB10, ATP5J, UQCR10, ATP5H, NDUFS6, COX7B, COX7C, COX6C, UQCRC2, COX5A, COX5B, UQCR10, COX7B, CYC1, UQCRB, UQCRQ, UQCRH, COX8A, ATP5L, COX6B1, UQCRFS1, UQCRC1, COX6A1, COX7C, COX6C, COX7A2L, ATP5C1, NDUFAB1, COX5A, NDUFB4, NDUFB3, NDUFB1, NDUFS3, NDUFA8, ATP5L, UQCRFS1, NDUFB11, NDUFA6, NDUFA4, NDUFA2, NDUFA3, ATP5J2, NDUFB6, NDUFB2, UQCRQ, NDUFC2, ATP5I, ATP5O, NDUFA11, UQCRH, NDUFS7, NDUFS8, NDUFS4, ATP5D"
"157","respiratory electron transport chain (mitochondrion)","M231","respiratory electron transport chain (mitochondrion) (M231)",11,"location","complete","http://www.interactivefigures.com/meni/btm416_annotation/btmdata/M231.htm","KEGG_OXIDATIVE_PHOSPHORYLATION",0.07,5.35e-22,135,10,"[Chaussabel.v2]M5.10",0.02,3.49e-06,230,4,NA,NA,NA,NA,NA,"respiratory electron transport chain (11), mitochondrion (11), mitochondrial inner membrane (11)","M231","ENERGY METABOLISM","ENERGY METABOLISM",58,"NDUFA7, NDUFB7, COX6A1, UQCRB, NDUFB10, ATP5J, UQCR10, ATP5H, NDUFS6, COX7B, COX7C, COX6C, UQCRC2, COX5A, COX5B, UQCR10, COX7B, CYC1, UQCRB, UQCRQ, UQCRH, COX8A, ATP5L, COX6B1, UQCRFS1, UQCRC1, COX6A1, COX7C, COX6C, COX7A2L, ATP5C1, NDUFAB1, COX5A, NDUFB4, NDUFB3, NDUFB1, NDUFS3, NDUFA8, ATP5L, UQCRFS1, NDUFB11, NDUFA6, NDUFA4, NDUFA2, NDUFA3, ATP5J2, NDUFB6, NDUFB2, UQCRQ, NDUFC2, ATP5I, ATP5O, NDUFA11, UQCRH, NDUFS7, NDUFS8, NDUFS4, ATP5D"
"158","respiratory electron transport chain (mitochondrion)","M238","respiratory electron transport chain (mitochondrion) (M238)",17,"location","complete","http://www.interactivefigures.com/meni/btm416_annotation/btmdata/M238.htm","KEGG_OXIDATIVE_PHOSPHORYLATION",0.13,7.39e-39,135,17,"[Chaussabel.v2]M6.2",0.03,9.26e-08,156,5,NA,NA,NA,NA,NA,"respiratory electron transport chain (17), mitochondrion (17), mitochondrial inner membrane (17)","M238","ENERGY METABOLISM","ENERGY METABOLISM",58,"NDUFA7, NDUFB7, COX6A1, UQCRB, NDUFB10, ATP5J, UQCR10, ATP5H, NDUFS6, COX7B, COX7C, COX6C, UQCRC2, COX5A, COX5B, UQCR10, COX7B, CYC1, UQCRB, UQCRQ, UQCRH, COX8A, ATP5L, COX6B1, UQCRFS1, UQCRC1, COX6A1, COX7C, COX6C, COX7A2L, ATP5C1, NDUFAB1, COX5A, NDUFB4, NDUFB3, NDUFB1, NDUFS3, NDUFA8, ATP5L, UQCRFS1, NDUFB11, NDUFA6, NDUFA4, NDUFA2, NDUFA3, ATP5J2, NDUFB6, NDUFB2, UQCRQ, NDUFC2, ATP5I, ATP5O, NDUFA11, UQCRH, NDUFS7, NDUFS8, NDUFS4, ATP5D"
"159","signal transduction, plasma membrane","M82","signal transduction, plasma membrane (M82)",13,"signaling","complete","http://www.interactivefigures.com/meni/btm416_annotation/btmdata/M82.htm","KEGG_FOCAL_ADHESION",0.03,8.29e-10,201,6,NA,NA,NA,NA,NA,"AAANWWTGC_UNKNOWN",0.02,1.9e-06,163,4,"protein binding (12), signal transduction (8), plasma membrane (6)","M82","SIGNAL TRANSDUCTION","SIGNAL TRANSDUCTION",13,"SFRP2, PDGFRB, PDGFRA, FN1, FAP, IGFBP5, DOCK4, NR2F2, COL1A2, COL1A1, SNAI2, LAMC1, DLC1"
"160","signaling in T cells (I)","M35.0","signaling in T cells (I) (M35.0)",14,"immune","complete","http://www.interactivefigures.com/meni/btm416_annotation/btmdata/M35.0.htm","[PID]Downstream signaling in na&#xef;ve CD8+ T cells",0.39,1.57e-34,29,12,NA,NA,NA,NA,NA,"SRF_01",0.07,1.73e-08,47,4,"protein binding (11), regulation of transcription, DNA-dependent (7), nucleus (7)","M35.0","T CELLS","T CELLS",14,"IL2RA, JUNB, GZMB, FOS, IFNG, FOSB, EGR1, JUN, TNF, FASLG, PRF1, TNFRSF4, ATF3, TNFRSF9"
"161","signaling in T cells (II)","M35.1","signaling in T cells (II) (M35.1)",11,"immune","complete","http://www.interactivefigures.com/meni/btm416_annotation/btmdata/M35.1.htm","[PID]Downstream signaling in na&#xef;ve CD8+ T cells",0.38,2.13e-33,29,11,"[Chaussabel.v2]M3.6",0.07,5.74e-09,47,4,"NFKAPPAB_01",0.01,0.000103,194,3,"protein binding (9), plasma membrane (7), external side of plasma membrane (7)","M35.1","T CELLS","T CELLS",11,"IL2RA, IL2RB, GZMB, IFNG, TNF, FOSL1, PRF1, TNFRSF4, FASLG, TNFRSF18, TNFRSF9"
"162","small GTPase mediated signal transduction","M215","small GTPase mediated signal transduction (M215)",16,"signaling","complete","http://www.interactivefigures.com/meni/btm416_annotation/btmdata/M215.htm",NA,NA,NA,NA,NA,NA,NA,NA,NA,NA,NA,NA,NA,NA,NA,"small GTPase mediated signal transduction (16), regulation of small GTPase mediated signal transduction (16), cytosol (16)","M215","SIGNAL TRANSDUCTION","SIGNAL TRANSDUCTION",16,"TAGAP, RAC2, FGD3, ARAP1, RHOH, GMIP, VAV1, ARHGAP30, HMHA1, ARHGAP15, ARHGDIB, ARHGAP9, ARHGAP25, ARHGDIA, ARHGAP4, RHOG"
"163","suppression of MAPK signaling","M56","suppression of MAPK signaling (M56)",12,"signaling","partial","http://www.interactivefigures.com/meni/btm416_annotation/btmdata/M56.htm","[PID]ErbB1 downstream signaling",0.04,4.26e-06,61,3,NA,NA,NA,NA,NA,"TAXCREB_01",0.03,2.19e-05,105,3,"protein binding (9), plasma membrane (5), nucleus (5)","M56","SIGNAL TRANSDUCTION","SIGNAL TRANSDUCTION",12,"HSPA6, RASGRP4, FOS, CD14, ARRB2, ARRB1, CACNA2D3, IL1B, DUSP6, DUSP1, IL1R2, DUSP3"
"164","targets of FOSL1/2","M0","targets of FOSL1/2 (M0)",12,"TF targets","complete","http://www.interactivefigures.com/meni/btm416_annotation/btmdata/M0.htm","[PID]Validated transcriptional targets of AP1 family members Fra1 and Fra2",0.33,4.16e-35,36,12,NA,NA,NA,NA,NA,"AML_Q6",0.01,0.000158,204,3,"extracellular space (11), extracellular region (11), protein binding (9)","M0","SIGNAL TRANSDUCTION","SIGNAL TRANSDUCTION",12,"CCL2, DCN, LIF, PLAU, IL6, MGP, COL1A2, MMP9, THBD, MMP2, IL8, MMP1"
"165","type I interferon response","M127","type I interferon response (M127)",12,"immune","complete","http://www.interactivefigures.com/meni/btm416_annotation/btmdata/M127.htm",NA,NA,NA,NA,NA,"[Chaussabel.v2]M3.4",0.1,1.26e-13,53,6,NA,NA,NA,NA,NA,"protein binding (9), cytosol (7), response to virus (6)","M127","IFN","INTERFERON/ANTIVIRAL SENSING",12,"TAP1, IFIH1, IRF7, PARP9, STAT1, PLSCR1, IFITM1, HERC5, DDX60, USP18, RSAD2, IFIT1"
"166","viral sensing & immunity; IRF2 targets network (I)","M111.0","viral sensing & immunity; IRF2 targets network (I) (M111.0)",17,"immune","complete","http://www.interactivefigures.com/meni/btm416_annotation/btmdata/M111.0.htm",NA,NA,NA,NA,NA,NA,NA,NA,NA,NA,"ICSBP_Q6",0.09,3.37e-36,190,17,"protein binding (11), plasma membrane (7), extracellular region (6)","M111.0","INNATE RESPONSE","INTERFERON/ANTIVIRAL SENSING",17,"TAP1, KYNU, TLR7, ZBP1, IFI35, LY86, THBS1, TNFSF13B, PSMB8, EREG, FES, BST2, USP18, CTSS, RIPK2, AIF1, CXCL16"
"167","viral sensing & immunity; IRF2 targets network (II)","M111.1","viral sensing & immunity; IRF2 targets network (II) (M111.1)",11,"immune","complete","http://www.interactivefigures.com/meni/btm416_annotation/btmdata/M111.1.htm","KEGG_CYTOSOLIC_DNA_SENSING_PATHWAY",0.06,1.18e-08,56,4,"[Chaussabel.v2]M3.4",0.05,2.09e-06,53,3,"IRF_Q6",0.07,9.88e-25,151,11,"protein binding (6), nucleus (5), cytoplasm (5)","M111.1","INNATE RESPONSE","INTERFERON/ANTIVIRAL SENSING",11,"TAP1, DDX58, PSMB10, ZBP1, CASP1, PSMB8, BST2, CXCL10, USP18, IFIT2, TNFSF13B"
