process_go,process,go_term,immune_system,immune_subsystem,cells,set_size,genes,immune_set
ACTIVATED T CELL PROLIFERATION,"Proliferation, T cell, Activated",GO:0050798,Adaptive,Cellular,T cell,3,"ABL1,STAT5B,IL2",ImmuneGO by Modules
ACTIVATION OF IMMUNE RESPONSE,"Activation, Immune response",GO:0002253,General,Immune,Undefined,1,HMSD,ImmuneGO by Modules
ACTIVATION OF INNATE IMMUNE RESPONSE,"Activation, Innate immune response",GO:0002218,Innate,General,Undefined,16,"STING1,MAVS,NLRP10,XRCC5,MNDA,CGAS,TLR4,CASP6,XRCC6,SFPQ,PYHIN1,MATR3,HEXIM1,GBP2,PRKDC,HMGB1",ImmuneGO by Modules
ACTIVATION-INDUCED CELL DEATH OF T CELLS,"Cell death, Activation-induced, T cell",GO:0006924,Adaptive,Cellular,T cell,3,"FAS,RPS6,AKT1",ImmuneGO by Modules
ACUTE INFLAMMATORY RESPONSE TO ANTIGENIC STIMULUS,Acute inflammatory response to antigenic stimulus,GO:0002438,Innate,Inflammation,Undefined,5,"NLRP6,ELANE,IL31RA,CD6,CXCR2",ImmuneGO by Modules
ADAPTIVE IMMUNE RESPONSE,Adaptive Immune response,GO:0002250,Adaptive,General,Lymphocyte,330,"TAP2,HLA-DOB,FBXO38,P0DOX7,MYO1G,BTN3A2,HLA-E,CD19,OTUD7B,HLA-C,CLEC6A,CD1B,LILRB2,RAG1,JAK3,EOMES,THEMIS,HLA-DMB,CD1C,NLRP10,P0DOX6,LAG3,HLA-DRB3,P0DOX8,SYK,CTSS,RAPGEF3,CSK,CD247,ITK,CX3CR1,LILRA6,BCL10,BTLA,LILRB4,VTCN1,KLRC1,TEC,KLRC2,RAP1GAP2,ZNF683,TAP1,C17orf99,CD3G,CD8B,LAIR1,RAP1GAP,CD7,ARG2,ZAP70,CD160,CTSH,ERAP2,BTK,MCOLN2,LILRA3,GPR183,RNF19B,CD1E,P0DOX5,BTNL8,CD6,HLA-DRB4,IFNA8,CTLA4,LILRB1,BMX,CD46,IL2,TXK,P0DOX2,HMGB1,LAX1,CD79B,CD8B2,CLEC10A,CD86,TFEB,C1QBP,HLA-DPA1,TARM1,P0DOX4,HMHB1,CD81,HLA-DMA,CRTAM,SKAP1,PIK3CG,KLRK1,P0DOX3,FGL1,TFE3,IFNE,CD79A,TNFRSF17",ImmuneGO by Modules
ALPHA-BETA T CELL ACTIVATION,"Activation, abT cell",GO:0046631,Adaptive,Cellular,T cell,3,"CD247,CD3G",ImmuneGO by Modules
ALPHA-BETA T CELL DIFFERENTIATION,"Differentiation, abT cell",GO:0046632,Adaptive,Cellular,T cell,6,"RPL22,BRAF,GLI3,ADA,ABL1,ZAP70",ImmuneGO by Modules
ALPHA-BETA T CELL LINEAGE COMMITMENT,"Lineage commitment, abT cell",GO:0002363,Adaptive,Cellular,T cell,1,RHOA,ImmuneGO by Modules
ALPHA-BETA T CELL PROLIFERATION,"Proliferation, abT cell",GO:0046633,Adaptive,Cellular,T cell,2,"CLEC4G,PTPRC",ImmuneGO by Modules
ANTIBACTERIAL HUMORAL RESPONSE,Antibacterial humoral response,GO:0019731,General,Humoral,Undefined,28,"HLA-E,TAC1,DEFA4,B2M,DEFB1,SEMG2,CAMP,DEFA1,H2BC10,DEFA3,BPI,RNASE3,RNASE4,WFDC13,CTSG,DEFA6,WFDC11,H2BC12L,RPL39,WFDC3,PI3,FAU,DEFA5,ADM,WFDC9,SPRR2A,WFDC10B,NCR3LG1",ImmuneGO by Modules
ANTIBACTERIAL INNATE IMMUNE RESPONSE,Antibacterial innate immune response,GO:0140367,Innate,Innate,Undefined,1,TFEB,ImmuneGO by Modules
ANTIBACTERIAL PEPTIDE BIOSYNTHETIC PROCESS,"Biosynthetic process, Antibacterial peptide",GO:0002780,Innate,Innate,Undefined,1,LGALS4,ImmuneGO by Modules
ANTIBODY-DEPENDENT CELLULAR CYTOTOXICITY,ADCC,GO:0001788,General,ADCC,Undefined,2,"FCGR3A,FCGR1A",ImmuneGO by Modules
ANTIFUNGAL HUMORAL RESPONSE,Antifungal humoral response,GO:0019732,General,Humoral,Antimicrobial,4,"FAM3A,TAC1,DEFA4,CAMP",ImmuneGO by Modules
ANTIFUNGAL INNATE IMMUNE RESPONSE,Antifungal innate immune response,GO:0061760,Innate,Antifungal,Undefined,6,"CX3CR1,CLEC6A,PLCG2,BCL10,DEFB119,DEFB106A",ImmuneGO by Modules
ANTIGEN PROCESSING AND PRESENTATION,APP,GO:0019882,Innate,APP,All,20,"HLA-DRB4,RAB27A,HLA-DRB3,HLA-DMA,HLA-DOB,CTSH,RELB,AP3B1,CTSS,HLA-DMB,HLA-DPA1,RAB4A,HLA-E,PSMB8,RAB5B,HLA-C,WDFY4,RAB3B,RAB10,RAB6A",ImmuneGO by Modules
ANTIGEN PROCESSING AND PRESENTATION OF ENDOGENOUS PEPTIDE ANTIGEN VIA MHC CLASS I,"APP, MHC I, endogenous peptide",GO:0019885,Innate,APP,All,5,"TAP2,TAP1,ERAP2,B2M,IDE",ImmuneGO by Modules
"ANTIGEN PROCESSING AND PRESENTATION OF ENDOGENOUS PEPTIDE ANTIGEN VIA MHC CLASS I VIA ER PATHWAY, TAP-DEPENDENT","APP, MHC I, endogenous peptide, TAP-dependent",GO:0002485,Innate,APP,All,1,TAP2,ImmuneGO by Modules
"ANTIGEN PROCESSING AND PRESENTATION OF ENDOGENOUS PEPTIDE ANTIGEN VIA MHC CLASS I VIA ER PATHWAY, TAP-INDEPENDENT","APP, MHC I, endogenous peptide, TAP-independent",GO:0002486,Innate,APP,All,6,"HLA-E,RAET1L,RAET1G,HLA-C,HLA-G,HLA-F",ImmuneGO by Modules
ANTIGEN PROCESSING AND PRESENTATION OF ENDOGENOUS PEPTIDE ANTIGEN VIA MHC CLASS IB,"APP, MHC IB, endogenous peptide",GO:0002476,Innate,APP,All,6,"HLA-C,HLA-F,RAET1G,HLA-G,RAET1L,HLA-E",ImmuneGO by Modules
"ANTIGEN PROCESSING AND PRESENTATION OF ENDOGENOUS PEPTIDE ANTIGEN VIA MHC CLASS IB VIA ER PATHWAY, TAP-DEPENDENT","APP, MHC IB, endogenous peptide, TAP-dependent",GO:0002489,Innate,APP,All,1,TAP2,ImmuneGO by Modules
ANTIGEN PROCESSING AND PRESENTATION OF EXOGENOUS ANTIGEN,"APP, Exogenous antigen",GO:0019884,Innate,APP,APC,2,"PSME1,FCGR1A",ImmuneGO by Modules
ANTIGEN PROCESSING AND PRESENTATION OF EXOGENOUS PEPTIDE ANTIGEN VIA MHC CLASS I,"APP, MHC I, exogenous peptide",GO:0042590,Innate,APP,All,4,"FCGR1A,FCER1G,IFI30,MFSD6",ImmuneGO by Modules
ANTIGEN PROCESSING AND PRESENTATION OF EXOGENOUS PEPTIDE ANTIGEN VIA MHC CLASS IB,"APP, MHC IB, exogenous peptide",GO:0002477,Innate,APP,All,2,"HLA-F,HLA-E",ImmuneGO by Modules
ANTIGEN PROCESSING AND PRESENTATION OF EXOGENOUS PEPTIDE ANTIGEN VIA MHC CLASS II,"APP, MHC II, exogenous peptide",GO:0019886,Innate,APP,APC,13,"IFI30,HLA-DOB,DNM2,HLA-DMB,HLA-DPA1,CTSE,FCGR2B,CTSS,HLA-DMA,HLA-DRB3,FCER1G,HLA-DRB4,B2M",ImmuneGO by Modules
"ANTIGEN PROCESSING AND PRESENTATION OF EXOGENOUS PROTEIN ANTIGEN VIA MHC CLASS IB, TAP-DEPENDENT","APP, MHC IB, exogenous peptide, TAP-dependent",GO:0002481,Innate,APP,All,2,"B2M,TAP2",ImmuneGO by Modules
ANTIGEN PROCESSING AND PRESENTATION OF PEPTIDE ANTIGEN,"APP, Peptide antigen",GO:0048002,Innate,APP,All,2,"SLC11A1,CTSS",ImmuneGO by Modules
ANTIGEN PROCESSING AND PRESENTATION OF PEPTIDE ANTIGEN VIA MHC CLASS I,"APP, MHC I, Peptide antigen",GO:0002474,Innate,APP,All,7,"HLA-G,HLA-E,B2M,HLA-F,HLA-C,ACE,ERAP2",ImmuneGO by Modules
ANTIGEN PROCESSING AND PRESENTATION OF PEPTIDE OR POLYSACCHARIDE ANTIGEN VIA MHC CLASS II,"APP, MHC II, polysacharide or peptide",GO:0002504,Innate,APP,APC,6,"HLA-DRB3,HLA-DMB,HLA-DRB4,HLA-DMA,HLA-DOB,HLA-DPA1",ImmuneGO by Modules
"ANTIGEN PROCESSING AND PRESENTATION, ENDOGENOUS LIPID ANTIGEN VIA MHC CLASS IB","APP, MHC IB, Endogenous lipid antigen",GO:0048006,Innate,APP,All,4,"CD1D,CD1B,CD1E,CD1C",ImmuneGO by Modules
"ANTIGEN PROCESSING AND PRESENTATION, EXOGENOUS LIPID ANTIGEN VIA MHC CLASS IB","APP, MHC IB, Exogenous lipid antigen",GO:0048007,Innate,APP,All,5,"CD1B,AP3B1,CD1E,CD1D,CD1C",ImmuneGO by Modules
ANTIGEN RECEPTOR-MEDIATED SIGNALING PATHWAY,"Signaling, Antigen receptor, Pathway",GO:0050851,General,Undefined,Undefined,3,"CD19,BCAR1,LAX1",ImmuneGO by Modules
ANTIGEN TRANSCYTOSIS BY M CELLS IN MUCOSAL-ASSOCIATED LYMPHOID TISSUE,"Antigen transcytosis, M cells, Mucosa, Lymphoid tissue",GO:0002412,Innate,M cells,M cells,1,GP2,ImmuneGO by Modules
ANTIMICROBIAL HUMORAL IMMUNE RESPONSE MEDIATED BY ANTIMICROBIAL PEPTIDE,Antimicrobial peptide-mediated immune response,GO:0061844,General,Humoral,Antimicrobial,55,"CXCL14,CXCL12,CAMP,DEFA1,FAU,CCL20,DEFB130A,TOR2A,CXCL1,DEFA3,DEFB131A,REG1B,H2BC10,ROMO1,TAC1,NTS,CXCL2,HAMP,S100A12,DEFA4,CXCL8,CXCL9,REG3A,GNLY,RNASE3,RPS19,BPI,REG3G,RPL30,DEFB1,LGALS3,PF4V1,H2BC12L,SPAG11A,CCL1,HTN1,DEFB103A,DEFA5,DEFA6,B2M,SPAG11B,CXCL6,CXCL3,NPPB,CXCL5,XCL1,CCL8,RPL39,HTN3,S100A7,DCD,F2,FAM3A,ADM,CCL18",ImmuneGO by Modules
ANTIMICROBIAL HUMORAL RESPONSE,Antimicrobial humoral response,GO:0019730,General,Humoral,Antimicrobial,9,"PRTN3,BCL3,DEFA4,LYZ,CST9LP1,CST9,SLC11A1,PRSS3,AZU1",ImmuneGO by Modules
ANTIVIRAL INNATE IMMUNE RESPONSE,Antiviral innate immune response,GO:0140374,Innate,Antiviral,Undefined,17,"RNF135,PHB1,TRIM65,UBE2N,MAVS,NMB,RIGI,NMBR,IFIT1,EIF2AK2,STING1,MBL2,NCK1,IFIT2,NLRP6,MX1,PDE12",ImmuneGO by Modules
ASTROCYTE ACTIVATION INVOLVED IN IMMUNE RESPONSE,"Activation, Astrocyte",GO:0002265,Innate,Innate,Astrocyte,3,"PSEN1,LRP1,GRN",ImmuneGO by Modules
B CELL ACTIVATION,"Activation, B cell",GO:0042113,Adaptive,Humoral,B cell,25,"TICAM1,BANK1,CXCR5,TBC1D10C,CD79A,CHRNA4,CD40,GAPT,PHB1,CHRNA7,MS4A1,LAX1,RASGRP1,HSPD1,BTK,ZAP70,CD86,CD22,CHRNB2,TXLNA,BST2,AKAP17A,EPHB2,HDAC4",ImmuneGO by Modules
B CELL ACTIVATION INVOLVED IN IMMUNE RESPONSE,"Activation, Immune response, B cell",GO:0002312,Adaptive,Humoral,B cell,1,GPR183,ImmuneGO by Modules
B CELL AFFINITY MATURATION,"Affinity maturation, B cell",GO:0002344,Adaptive,Humoral,B cell,1,BTK,ImmuneGO by Modules
B CELL CHEMOTAXIS,"Chemotaxis, B cell",GO:0035754,Adaptive,Humoral,B cell,1,CH25H,ImmuneGO by Modules
B CELL DIFFERENTIATION,"Differentiation, B cell",GO:0030183,Adaptive,Humoral,B cell,47,"PLCG2,PTPRC,PAX5,TOP2B,IFNA8,PIK3R1,RAG1,MSH2,RAG2,IL2RG,ADGRG3,FZD9,MS4A1,EP300,PTPRJ,YY1,STAT5B,PTPN2,LYL1,SYK,CEBPG,JAK3,CD79B,CD79A,CR2,BCL6,KIT,SP3,ZBTB7A,NFAM1,ITGA4,CD40LG,IL10,IL11,BCL2,HDAC4,TPD52,TCF3,RBPJ,FOSL2,IFNE,HHEX,FLT3,VCAM1,ADAM17,IL9,CDH17",ImmuneGO by Modules
B CELL HOMEOSTASIS,"Homeostasis, B cell",GO:0001782,Adaptive,Humoral,B cell,12,"SPNS2,BAX,BCL2,GAPT,CAMLG,MEF2C,IL7R,RC3H1,SOS2,SOS1,NCKAP1L,CASP3",ImmuneGO by Modules
B CELL HOMEOSTATIC PROLIFERATION,"Homeostatic proliferation, B cell",GO:0002358,Adaptive,Humoral,B cell,2,"BAX,RAG2",ImmuneGO by Modules
B CELL LINEAGE COMMITMENT,"Lineage commitment, B cell",GO:0002326,Adaptive,Humoral,B cell,4,"TCF3,BCL2,RAG2,PRKDC",ImmuneGO by Modules
B CELL MEDIATED IMMUNITY,"Immunity, B cell",GO:0019724,Adaptive,Humoral,B cell,4,"CD40,MSH2,CD70,CD19",ImmuneGO by Modules
B CELL NEGATIVE SELECTION,"Negative selection, B cell",GO:0002352,Adaptive,Humoral,B cell,1,BAX,ImmuneGO by Modules
B CELL PROLIFERATION,"Proliferation, B cell",GO:0042100,Adaptive,Humoral,B cell,26,"TICAM1,BCL2,MEF2C,CD70,TLR4,IL9,CD40,BCL6,RASGRP1,PTPRC,MS4A1,CD79A,HSPD1,CD40LG,IFNA8,IL10,ABL1,IL7,CR2,PRKCD,CTPS1,IL7R,CD38,IFNE,FOSL2,WNT3A",ImmuneGO by Modules
B CELL PROLIFERATION INVOLVED IN IMMUNE RESPONSE,"Proliferation, Immune response, B cell",GO:0002322,Adaptive,Humoral,B cell,4,"ABL1,CD19,TLR4,GAPT",ImmuneGO by Modules
B CELL RECEPTOR APOPTOTIC SIGNALING PATHWAY,"Apoptotic signaling, BCR, B cell",GO:1990117,Adaptive,Humoral,B cell,1,BAX,ImmuneGO by Modules
B CELL RECEPTOR SIGNALING PATHWAY,"Signaling, BCR, B cell",GO:0050853,Adaptive,Humoral,B cell,31,"CD79A,BTK,ABL1,BCAR1,BCL2,CTLA4,CD79B,SYK,GRB2,CD19,MEF2C,MNDA,PLCG2,PTPRC,NCKAP1L,SOS1,ITK,MAPK1,BMX,NFKBIA,PTPN6,MS4A1,TEC,CD38,NFAM1,NFKB1,BANK1",ImmuneGO by Modules
B-1 B CELL DIFFERENTIATION,"Differentiation, B-1 B cell",GO:0001923,Adaptive,Humoral,B cell,1,CD19,ImmuneGO by Modules
B-1 B CELL HOMEOSTASIS,"Homeostasis, B-1 B cell",GO:0001922,Adaptive,Humoral,B cell,2,"TNFAIP3,ABL1",ImmuneGO by Modules
BASOPHIL CHEMOTAXIS,"Chemotaxis, Basophil",GO:0002575,Innate,Innate,Basophil,1,VEGFA,ImmuneGO by Modules
BASOPHIL HOMEOSTASIS,"Homeostasis, Basophil",GO:1990960,Innate,Innate,Basophil,1,MPL,ImmuneGO by Modules
BETA SELECTION,"Selection, Beta",GO:0043366,Adaptive,Cellular,T cell,3,"ZAP70,SYK,RHOA",ImmuneGO by Modules
BIOSYNTHETIC PROCESS OF ANTIBACTERIAL PEPTIDES ACTIVE AGAINST GRAM-NEGATIVE BACTERIA,"Biosynthesis, Antibacterial peptides against Gram-",GO:0002812,Undefined,Undefined,Undefined,1,ELANE,ImmuneGO by Modules
BONE MARROW DEVELOPMENT,"Development, Bone marrow",GO:0048539,Adaptive,Organ,Bone marrow,5,"LRRC17,ASXL1,LIPA,HOXB4,PTPRC",ImmuneGO by Modules
"CD4-POSITIVE OR CD8-POSITIVE, ALPHA-BETA T CELL LINEAGE COMMITMENT","Lineage commitment, CD4+ OR CD8+, abT cell",GO:0043369,Adaptive,Cellular,T cell,1,BRAF,ImmuneGO by Modules
"CD4-POSITIVE, ALPHA-BETA T CELL ACTIVATION","Activation, CD4+, abT cell",GO:0035710,Adaptive,Cellular,T cell,1,CDH26,ImmuneGO by Modules
"CD4-POSITIVE, ALPHA-BETA T CELL COSTIMULATION","Costimulation, CD4+, abT cell",GO:0035783,Adaptive,Cellular,T cell,1,CD81,ImmuneGO by Modules
"CD4-POSITIVE, ALPHA-BETA T CELL DIFFERENTIATION","Differentiation, CD4+ T cell",GO:0043367,Adaptive,Cellular,T cell,2,"CD83,BRAF",ImmuneGO by Modules
"CD4-POSITIVE, ALPHA-BETA T CELL LINEAGE COMMITMENT","Lineage commitment, CD4+, abT cell",GO:0043373,Adaptive,Cellular,T cell,1,TOX,ImmuneGO by Modules
"CD4-POSITIVE, ALPHA-BETA T CELL PROLIFERATION","Proliferation, CD4+, abT cell",GO:0035739,Adaptive,Cellular,T cell,2,"PRKCQ,CD28",ImmuneGO by Modules
"CD4-POSITIVE, CD25-POSITIVE, ALPHA-BETA REGULATORY T CELL DIFFERENTIATION","Differentiation, CD4+, CD25+, abTreg",GO:0002361,Adaptive,Cellular,T cell,2,"FUT7,IL2RG",ImmuneGO by Modules
"CD4-POSITIVE, CD25-POSITIVE, ALPHA-BETA REGULATORY T CELL LINEAGE COMMITMENT","Lineage commitment, CD4+, CD25+, abTreg",GO:0002362,Adaptive,Cellular,T cell,1,TOX,ImmuneGO by Modules
"CD8-POSITIVE, ALPHA-BETA T CELL ACTIVATION","Activation, CD8+, abT cell",GO:0036037,Adaptive,Cellular,T cell,2,"HLA-E,WDFY4",ImmuneGO by Modules
"CD8-POSITIVE, ALPHA-BETA T CELL DIFFERENTIATION","Differentiation, CD8+, abT cell",GO:0043374,Adaptive,Cellular,T cell,3,"PSMB11,IRF1,TNFSF8",ImmuneGO by Modules
"CD8-POSITIVE, ALPHA-BETA T CELL DIFFERENTIATION INVOLVED IN IMMUNE RESPONSE","Differentiation, Immune response, CD8+, abT cell",GO:0002302,Adaptive,Cellular,T cell,1,EOMES,ImmuneGO by Modules
"CD8-POSITIVE, ALPHA-BETA T CELL LINEAGE COMMITMENT","Lineage commitment, CD8+, abT cell",GO:0043375,Adaptive,Cellular,T cell,2,"TOX,BCL2",ImmuneGO by Modules
"CD8-POSITIVE, GAMMA-DELTA INTRAEPITHELIAL T CELL DIFFERENTIATION","Differentiation, CD8+, gdT cell, Intraepithelial",GO:0002305,Adaptive,Cellular,T cell,1,KLRC1,ImmuneGO by Modules
CELL SURFACE PATTERN RECOGNITION RECEPTOR SIGNALING PATHWAY,"PRR, Cell surface, Pathway",GO:0002752,Innate,PRR,All,3,"MBL2,LBP,CD14",ImmuneGO by Modules
CELLULAR EXTRAVASATION,Cellular extravasation,GO:0045123,General,General,Leukocyte,3,"ITGA1,AZU1,JAM2",ImmuneGO by Modules
CELLULAR RESPONSE TO TYPE I INTERFERON,Cellular response to Interferon I,GO:0071357,Innate,Interferon,Undefined,1,IFIT1,ImmuneGO by Modules
CELLULAR RESPONSE TO TYPE II INTERFERON,Cellular response to Interferon II,GO:0071346,Innate,Interferon,Undefined,59,"DAPK1,WAS,CCL5,CCL4,STXBP1,NOS2,AQP4,CCL8,STXBP4,CD47,STX4,STAT1,CLDN1,GBP6,CCL1,GBP2,CCL3,GBP1,CCL4L1,CCL3L1,ACTG1,RAB43,CCL18,CCL2,FCAR,IL12RB1,RPS6KB1,MRC1,CX3CL1,XCL1,TDGF1,TLR4,IRF8,CDC42,RPL13A,CCL20,LGALS9,STXBP3,MYO1C,ACTR2,CCL24,ACTR3,CASP1,FASLG,SIRPA,CCL7,CCL23,KIF5B,VIM,CD58,CALM1,GBP7,IL12B,WNT5A,HLA-DPA1,PDE12,ACOD1,ADAMTS13,AIF1",ImmuneGO by Modules
CHRONIC INFLAMMATORY RESPONSE TO ANTIGENIC STIMULUS,"Antigen, Chronic, Inflammatory response",GO:0002439,Innate,Inflammation,Undefined,1,IL10,ImmuneGO by Modules
COMPLEMENT ACTIVATION,"Activation, Complement",GO:0006956,Complement,Complement,Undefined,16,"C4B,CFHR2,C7,CFH,C4A,C6,CFD,CFHR3,MASP1,CFHR1,C1S,CLU,C1R,MASP2,CFP,CFB",ImmuneGO by Modules
"COMPLEMENT ACTIVATION, ALTERNATIVE PATHWAY","Complement, Alternative pathway",GO:0006957,Complement,Complement,Undefined,7,"CFD,CR1,CFP,CFB,CR2,CFH,C7",ImmuneGO by Modules
"COMPLEMENT ACTIVATION, CLASSICAL PATHWAY","Complement, Classical pathway",GO:0006958,Complement,Complement,Undefined,17,"SUSD4,C1QBP,C6,CD46,MBL2,C4BPB,C1R,CD55,C1S,NCR3LG1,CR1,C4A,C7,C4B,CR2,CLU,MASP2",ImmuneGO by Modules
"COMPLEMENT ACTIVATION, LECTIN PATHWAY","Complement, Lectin pathway",GO:0001867,Complement,Complement,Undefined,3,"MASP1,MBL2,MASP2",ImmuneGO by Modules
COMPLEMENT COMPONENT C5A SIGNALING PATHWAY,"Complement, C5a pathway",GO:0038178,Complement,Complement,Undefined,1,C5AR1,ImmuneGO by Modules
COMPLEMENT RECEPTOR MEDIATED SIGNALING PATHWAY,"Complement, Pathway",GO:0002430,Complement,Complement,Undefined,8,"C5AR1,FPR1,GPLD1,GPR32P1,CR1,FPR2,FPR3,CR2",ImmuneGO by Modules
CYTOSOLIC PATTERN RECOGNITION RECEPTOR SIGNALING PATHWAY,"PRR, Cytosolic, Pathway",GO:0002753,Innate,PRR,Undefined,4,"MAVS,RIGI,CGAS,STING1",ImmuneGO by Modules
CYTOTOXIC T CELL DEGRANULATION,"Degranulation, Cytotoxic T cell",GO:0043316,Adaptive,Cellular,T cell,1,RAB27A,ImmuneGO by Modules
DENDRITIC CELL CHEMOTAXIS,"Chemotaxis, Dendritic cell",GO:0002407,Innate,APC,Dendritic cell,10,"CCR2,CXCR2,CCR1,CXCR4,CXCR1,CCR7,HMGB1,GPR183,PIK3CG,CCL5",ImmuneGO by Modules
DENDRITIC CELL HOMEOSTASIS,"Homeostasis, Dendritic cell",GO:0036145,Innate,APC,Dendritic cell,2,"GPR183,F2R",ImmuneGO by Modules
DENDRITIC CELL MIGRATION,"Migration, Dendritic cell",GO:0036336,Innate,APC,Dendritic cell,5,"ALOX5,CDC42,EPS8,DOCK8,NLRP12",ImmuneGO by Modules
DIAPEDESIS,Diapedesis,GO:0050904,General,General,Leukocyte,3,"FER,ITGA4,PECAM1",ImmuneGO by Modules
DN2 THYMOCYTE DIFFERENTIATION,"Differentiation , DN2 thymocyte",GO:1904155,Adaptive,Cellular,T cell,3,"LIG4,PTPRC,RAG2",ImmuneGO by Modules
DN4 THYMOCYTE DIFFERENTIATION,"Differentiation , DN4 thymocyte",GO:1904157,Adaptive,Cellular,T cell,1,ABL1,ImmuneGO by Modules
EOSINOPHIL CHEMOTAXIS,"Chemotaxis, Eosinophil",GO:0048245,Innate,Eosinophil,Eosinophil,16,"SCG2,CCL5,CCL4,CCL18,CCL3,LGALS3,CCL23,CCL1,CCL8,CCL4L1,CCL2,CCL7,CX3CL1,CCL3L1,XCL1,CCL24",ImmuneGO by Modules
EOSINOPHIL DEGRANULATION,"Degranulation, Eosinophil",GO:0043308,Innate,Eosinophil,Eosinophil,4,"VAMP2,VAMP7,CCL3,FCER1A",ImmuneGO by Modules
EOSINOPHIL HOMEOSTASIS,"Homeostasis, Eosinophil",GO:1990959,Innate,Eosinophil,Eosinophil,2,"BTK,MPL",ImmuneGO by Modules
EOSINOPHIL MIGRATION,"Migration, Eosinophil",GO:0072677,Innate,Eosinophil,Eosinophil,1,EPX,ImmuneGO by Modules
ESTABLISHMENT OF T CELL POLARITY,Establishment of T cell polarity,GO:0001768,Adaptive,Cellular,T cell,3,"CCR7,CRTAM,MYH9",ImmuneGO by Modules
EXTRATHYMIC T CELL SELECTION,"Selection, T cell, Extrathymic",GO:0045062,Adaptive,Cellular,T cell,1,IL15,ImmuneGO by Modules
FC RECEPTOR MEDIATED STIMULATORY SIGNALING PATHWAY,"Fc receptor, Pathway",GO:0002431,Adaptive,Tolerance,Undefined,1,FCER1G,ImmuneGO by Modules
FC-GAMMA RECEPTOR SIGNALING PATHWAY INVOLVED IN PHAGOCYTOSIS,"Fc-gR signaling, phagocytosis",GO:0038096,Adaptive,Humoral,B cell,14,"LIMK1,VAV2,SRC,VAV1,SYK,ABL1,PRKCE,MYO1G,HCK,PTK2,PRKCD,FGR,PLPP4,FCGR2B",ImmuneGO by Modules
FOLLICULAR B CELL DIFFERENTIATION,"Differentiation, folicular B cell",GO:0002316,Adaptive,Humoral,B cell,4,"FCGR2B,IRF8,SPI1,PLCG2",ImmuneGO by Modules
GAMMA-DELTA T CELL ACTIVATION,"Activation, gdT cell",GO:0046629,Adaptive,Cellular,T cell,7,"ITK,CXADR,JAML,CD3G,CD247",ImmuneGO by Modules
GAMMA-DELTA T CELL DIFFERENTIATION,"Differentiation, gdT cell",GO:0042492,Adaptive,Cellular,T cell,4,"SYK,STAT5B,TCF7,PTPRC",ImmuneGO by Modules
GERMINAL CENTER B CELL DIFFERENTIATION,"Differentiation, Germinal center, B cell",GO:0002314,Adaptive,Humoral,B cell,3,"CDH17,SPI1,IRF8",ImmuneGO by Modules
GERMINAL CENTER FORMATION,"Formation, Germinal center",GO:0002467,Adaptive,Germinal center,Germinal center,6,"MEF2C,UNC13D,BCL6,ADAM17,NFKB2,BCL3",ImmuneGO by Modules
GRANULOCYTE CHEMOTAXIS,"Chemotaxis, Granulocyte",GO:0071621,Innate,Granulocyte,Granulocyte,2,"CCL3,IL17RC",ImmuneGO by Modules
GRANULOMA FORMATION,"Formation, Granuloma",GO:0002432,Innate,Innate,Undefined,2,"UNC13D,CEBPB",ImmuneGO by Modules
HELPER T CELL DIAPEDESIS,"Diapedesis, Th cell",GO:0035685,Adaptive,Cellular,T cell,2,"CRKL,CRK",ImmuneGO by Modules
HELPER T CELL EXTRAVASATION,"Extravasation, Th cell",GO:0035684,Adaptive,Cellular,T cell,1,CCL2,ImmuneGO by Modules
HEMATOPOIETIC OR LYMPHOID ORGAN DEVELOPMENT,"Organ development, Hematopoietic or lymphoid",GO:0048534,General,Organ,Undefined,2,"ASXL1,LTBR",ImmuneGO by Modules
HEPATIC IMMUNE RESPONSE,"Immune response, Hepatic",GO:0002384,General,Organ,Undefined,1,IL6R,ImmuneGO by Modules
HISTAMINE SECRETION BY MAST CELL,"Secretion, Histamine, Mast cell",GO:0002553,Innate,Cells,Mast cell,4,"BTK,SNAP23,SLC18A2,RAB44",ImmuneGO by Modules
HISTAMINE SECRETION MEDIATED BY IGE IMMUNOGLOBULIN,"Secretion, Histamine, IgE",GO:0097279,Innate,Cells,Mast cell,1,RAB44,ImmuneGO by Modules
HUMORAL IMMUNE RESPONSE,Humoral immune response,GO:0006959,General,Humoral,Undefined,23,"IFNA8,CCR2,IL7,NOTCH2,GATA3,IFNE,BMI1,CD83,CD28,ALOX5,MS4A1,BCL2,PSMB10,CCL2,TFEB,MEF2C,GPR183,BST1,TFE3,ST6GAL1,POU2F2,RBPJ,NOTCH1",ImmuneGO by Modules
HUMORAL IMMUNE RESPONSE MEDIATED BY CIRCULATING IMMUNOGLOBULIN,"Ig, Humoral immune response",GO:0002455,Adaptive,Humoral,B cell,3,"BCL3,ZP3,CD81",ImmuneGO by Modules
IMMATURE B CELL DIFFERENTIATION,"Differentiation, B cell, Immature",GO:0002327,Adaptive,Humoral,B cell,5,"SPI1,PRKDC,IRF2BP2,KIT,SYVN1",ImmuneGO by Modules
IMMATURE T CELL PROLIFERATION IN THYMUS,"Proliferation, thymus, T cell, immature",GO:0033080,Adaptive,Humoral,B cell,2,"WNT4,CLEC4G",ImmuneGO by Modules
IMMUNE COMPLEX CLEARANCE,"Clearance, Immune complex",GO:0002434,Innate,Innate,Undefined,1,CLU,ImmuneGO by Modules
IMMUNE COMPLEX CLEARANCE BY MONOCYTES AND MACROPHAGES,"Clearance, Immune complex, Monocytes, Macrophages",GO:0002436,Innate,Innate,APC,1,FCGR2B,ImmuneGO by Modules
IMMUNE RESPONSE,Immune response,GO:0006955,General,General,Undefined,262,"HLA-C,CCL1,RAG1,CXCL14,VAV1,IL2RG,CCL20,HLA-DOB,LILRB2,CD1C,ITGB8,HLA-DPA1,CCR7,TNFSF15,CCL2,PTAFR,CEACAM8,CD1E,SCAP,C7,CX3CR1,KIR3DL1,HLA-DMA,IL12A,ETS1,CXCL6,CCR1,IL10,HLA-E,CCR2,CCL4L1,C1R,PNP,GPR183,IL1RL1,FCGR1A,XCL1,CXCL12,LAX1,CXCL1,CD1D,DPP8,TNFSF8,ENPP1,CRHR1,GTPBP1,IL3,EXOSC9,NRROS,KIR2DL1,LY86,IL18RAP,LIF,IGSF6,HAMP,CCL24,TGFBR3,SERPINB9,CEBPG,CR2,ADGRE5,CIITA,CCL4,IGF1R,IFITM2,IL1RN,CRIP1,XBP1,GPR65,TCF7,TNFSF4,S1PR4,LTB,IL15,PKHD1L1,RGS1,CCL23,CD96,IL10RB,HLA-DMB,IL7,CTSK,WAS,ACKR3,CTSS,IL13,PIK3R1,CD28,IL32,VPREB1,THBS1,CNIH1,CXCL2,FASLG,CXCR5,DEFA1,ENDOU,OPRD1,CXCR1,ZAP70,RFX1,CTSG,CCR10,GEM,PIK3CG,SP2,HLA-DRB3,MAP4K2,CCL7,CHST4,IFI6,TNFRSF1B,TYK2,TNFSF10,IL27RA,FCGR3A,IL7R,CCL3L1,KIR2DL3,CXCL3,HRH2,TRIM22,SPN,CSF3,CCL5,CXCR4,PF4V1,LTBR,BMPR1A,CXCL5,CD79B,TLR4,FAS,C6,CTLA4,FCAR,CD70,SMAD3,PRG2,FCGR2B,RAET1L,FCGR2C,CCL3,IRF8,CD80,CTSW,GBP6,CNR2,CXCR2,IL1R1,XCR1,GBP2,HLA-F,RAET1G,C5AR1,NOTCH1,IL1R2,DEFB1,CCL8,CD8B,IL9,CTSH,IFITM3,CD7,PTGER4,CD1B,CX3CL1,ITGB6,B2M,CXCR3,OSM,BMP6,KIR2DS2,OPRK1,CEBPB,AZGP1,HLA-G,HLA-DRB4,CXCL8,IL2,CD40LG,CCL18,MS4A2,CLEC4G,GZMA,IRAK1BP1,TNFRSF4,FCGRT,CTSC,CD164,CXCL9,IL4R,CD86,CFP,C1QBP,TNFSF9,PIK3R6,CYP11B1",ImmuneGO by Modules
IMMUNE RESPONSE IN GUT-ASSOCIATED LYMPHOID TISSUE,"Immune response, Gut",GO:0002387,General,General,Undefined,2,"ITGA4,ITGB7",ImmuneGO by Modules
IMMUNE RESPONSE IN NASOPHARYNGEAL-ASSOCIATED LYMPHOID TISSUE,"Immune response, Nasopharyngeal",GO:0002395,General,General,Undefined,1,TTLL1,ImmuneGO by Modules
IMMUNE RESPONSE TO TUMOR CELL,"Immune response, Tumor cell",GO:0002418,General,General,Undefined,1,PRF1,ImmuneGO by Modules
IMMUNE RESPONSE-ACTIVATING CELL SURFACE RECEPTOR SIGNALING PATHWAY,"Immune response, Cell-surface receptor pathway",GO:0002429,General,General,Undefined,1,BAG6,ImmuneGO by Modules
IMMUNE SYSTEM DEVELOPMENT,"Immune system, Development",GO:0002520,General,General,Undefined,4,"SMAD3,BCL2,RO60,GATA3",ImmuneGO by Modules
IMMUNE SYSTEM PROCESS,"Immune system, Process",GO:0002376,General,General,Undefined,509,"TXK,P0DOX8,STMP1,GZMM,EIF2AK2,LILRA5,FBXO38,LGALS9,P0DOX7,LILRA3,P0DOX3,CEACAM20,THEMIS,CD55,GBP2,FGR,CLEC6A,RNF135,HK1,JAGN1,TMEM33,C6,ADSS2,IFIT2,IFITM2,CD40,BTN3A2,BPI,LILRA6,MYO1G,CD1D,TRIM23,HLA-E,LGALS3,SPIRE1,ENDOD1,CAMP,PRKDC,CFD,HLA-G,PRKCE,CASP4,C1S,SLC15A4,IFI6,HLA-F,CD81,OLR1,TEC,CFB,XRCC6,XRCC5,CD19,GBP1,CFH,ADAR,TAP1,F2RL1,HLA-DMB,ACOD1,SFTPD,CTPS1,RIGI,SARM1,TRIM26,MBL2,PSMB8,KLRC2,LCN2,RNF213,C7,PRKCQ,NMB,P0DOX4,NLRC5,S100A12,BPIFC,LILRB2,TAP2,HLA-DPA1,TRIM65,HMGB1,LAIR1,CSK,ITGAM,TREML4,PTMS,PSMA1,CSF1,USP14,APOBEC3H,FCGR2A,TAX1BP1,CD160,CLU,BCL6,P0DOX5,PELI3,HP,HEXIM1,TNFAIP8L2,OTUD7B,CD79A,CD14,SFPQ,DEFA5,PLD3,HMGB2,APOBEC3F,BTK,PRG2,KLRC1,CD177,CR1,KLRK1,RNF19B,NLRP2B,MST1R,MASP2,IDO2,C4A,PIK3CG,MAVS,HLA-DOB,CLEC10A,TIRAP,LBP,SIRT2,DAB2IP,MIF,PARP9,STING1,PSMB9,PLPP6,IL4R,IL34,IRGM,ZAP70,ADARB1,SSC5D,NLRP10,IL27,C1R,DHX9,P0DOX6,C1QBP,CD300C,SYK,CD46,CD300LB,MASP1,SUSD4,ARID5A,FCGR1A,IL31RA,NLRP9,IRF2,CD1C,GBP6,MMP3,HLA-DRB4,C4B,IRF1,C17orf99,MATR3,JAML,IL23R,IFI30,PML,GPR183,HMHB1,CD7,ITK,SLFN11,LACC1,NLRX1,IL2,OAS2,IFIT1,SLC15A3,CD1E,P0DOX2,ZNF683,TICAM2,OTUD4,HLA-DRB3,IRF9,IFITM1,ETS1,MX2,CD8B,BTLA,B2M,APOBEC3A,ARG2,CD300LD,IRF8,JAK3,RAET1L,CD247,ZC3HAV1,IFITM3,TARM1,CD3G,CX3CR1,CD86,PARP1,THEMIS2,CFP,CD8B2,MAP4K2,HCK,MCOLN2,GBP7,USP27X,NLRP6,METTL3,GP2,CD1B,EOMES,LY86,SERINC5,BST2,IL31,MX1,IRAG2,GATA3,BAG6,HLA-C,MYSM1,CTLA4,VSTM1,CD300LG,SKAP1,FCER1G,VTCN1,SRC,C4BPB,TTC4,FCGR3A,DEFA6,FGL1,TLR4,CGAS,TBKBP1,IDO1,HLA-DMA,CRTAM,DDX60,CR2,TFE3,BCL10,GSDMD,LILRA4,TNFRSF17,TFEB,ERAP2,LILRB4,MAP3K8,RAET1G,TICAM1,AXL,LAG3,CD6,LILRA2,IFI27,DCAF15,ADSS1,LAX1,IFI35,LILRB1,CD79B,BTNL8",ImmuneGO by Modules
IMMUNOGLOBULIN HEAVY CHAIN V-D-J RECOMBINATION,"V(D)J, Ig Heavy chain",GO:0071707,Adaptive,Humoral,B cell,1,YY1,ImmuneGO by Modules
IMMUNOGLOBULIN MEDIATED IMMUNE RESPONSE,"Ig, Immune response",GO:0016064,Adaptive,Humoral,B cell,62,"IL4R,IL9R,CD19,PRKCD,MPL,FCGR2B,IL9,BCL10,FCER1G,IL2RB,CD27,CSF2RB",ImmuneGO by Modules
IMMUNOGLOBULIN V(D)J RECOMBINATION,"V(D)J, Ig",GO:0033152,Adaptive,Humoral,B cell,3,"TCF3,PRKDC,LIG4",ImmuneGO by Modules
IMMUNOLOGICAL SYNAPSE FORMATION,"Formation, Immunological synapse",GO:0001771,Adaptive,Cellular,T cell,6,"CD6,DOCK8,MSN,CD81,PRF1,EPHB1",ImmuneGO by Modules
INDUCTION OF BACTERIAL AGGLUTINATION,Induction of Bacterial agglutination,GO:0043152,Undefined,Undefined,Undefined,1,RNASE3,ImmuneGO by Modules
INFLAMMATORY RESPONSE TO ANTIGENIC STIMULUS,"Inflammatory response, Antigenic stimulus",GO:0002437,Innate,Inflammation,Undefined,12,"NOTCH1,PNMA1,IL20RB,HMGB2,FOSL2,IL5RA,IL1RN,HMGB1,NOTCH2,RBPJ,RASGRP1,CD68",ImmuneGO by Modules
INNATE IMMUNE RESPONSE,Innate immune response,GO:0045087,Innate,General,Innate,250,"PPARG,IFNL4,PML,REL,RIGI,APOBEC3F,DEFB108B,CLEC6A,MST1R,OAS2,BPI,CAMP,NLRP10,ADARB1,BST2,TRIM27,MAVS,IRGM,TRIM21,PTX3,DEFB125,SSC5D,LGALS3,DAPK1,GBP1,GSDMD,STMP1,TRIM26,TARM1,TRIM51G,TAC1,RFPL4A,METTL3,MIF,TRIML2,CFD,NLRP2B,MBL2,IFI35,CLU,RNF135,SFPQ,IFI6,TAX1BP1,SFTPD,LILRA5,TTC4,HLA-C,LILRA4,IFNL2,CYBA,CSF1,FCGR1A,PARP1,CD46,SERINC5,DEFB131A,SARM1,LY86,CGAS,TRIM23,JAK3,STING1,CHGA,CX3CR1,KLRC2,PRKDC,CD160,KLRK1,FGR,BPIFB3,RFPL4AL1,MAP4K2,TRIM77,C1S,TRIM64C,DEFB128,PELI3,APOBEC3A,TMEM33,DEFB108A,IFIT2,GP2,VNN1,ADAR,DEFB1,APOBEC3H,IFITM3,GZMM,DEFB131B,XRCC5,FRK,NCF1,NLRC5,RNASE3,CD6,TRIM40,TNFAIP8L2,TRIM64B,C4B,TRIM22,TRIM48,F2RL1,CLEC10A,DEFB105A,HMGB2,BTK,ARG2,TLR4,KLRC1,PARP9,CD177,CR1,XRCC6,DEFB124,KRT16,NCF2,TICAM1,MASP2,S100A12,CFH,SYK,TRIM49D1,GATA3,C1QBP,HK1,BPIFC,IFNL3,CFP,HCK,TRIM65,NEDD4,DEFA5,CASP4,TREML1,SLC15A4,LBP,WFDC3,GARIN5A,LILRA2,WFDC10B,WFDC13,IFIT1,TRIM49C,CD55,GBP6,TRIM59,CD1D,NMB,NFKB2,MMP3,RELB,GBP2,TRIM64,PIK3CG,IFI27,ANKHD1,IRF1,SDHAF4,CD14,F12,ACOD1,UBA7,DEFB123,DEFB132,USP27X,B2M,LACC1,NLRX1,PLPP6,SPIRE1,NLRP9,HLA-E,ZC3HAV1,MX2,TBKBP1,PI3,ZNF683,IL27,TICAM2,C4A,OTUD4,DHX9,C1R,TRIM49B,TRIM43B,CORO1A,NFKB1,MATR3,DEFA4,HMGB1,GBP7,SIRT2,DEFB119,ITGAM,LCN2,SRC,C7,SRPK2,DEFA6,USP14,IL34,TRIM49,SLC15A3,FCER1G,MX1,IFITM2,BCL10,TIRAP,FOSL2,ENDOD1,SUSD4,DEFB106A,ZAP70,NQO1,IPO7,DDX60,MCOLN2,C6,EIF2AK2,IFITM1,HEXIM1,C4BPB,TREML4,CRISP3,ARID5A,WFDC9,DEFB107A,CFB,MASP1,TRIML1,CR2,RELA,TRIM58,IFNL1,AXL,WFDC11,NLRP6,DAB2IP,TRIM68,IL23R",ImmuneGO by Modules
INNATE IMMUNE RESPONSE ACTIVATING CELL SURFACE RECEPTOR SIGNALING PATHWAY,"Cell surface receptor, Innate",GO:0002220,Innate,Innate,Innate,1,LILRA2,ImmuneGO by Modules
INNATE IMMUNE RESPONSE IN MUCOSA,"Innate immune response, mucosa",GO:0002227,Innate,Innate,Innate,14,"NOS2,FAU,H2BC12L,DEFA3,DEFB1,H2BC10,DEFA1,RNASE3,RNASE2,DEFA6,DEFA5,DEFA4,CAMP,RPL39",ImmuneGO by Modules
INNATE IMMUNE RESPONSE-ACTIVATING SIGNALING PATHWAY,"Innate immune response, Pathway",GO:0002758,Innate,Innate,Innate,1,HCK,ImmuneGO by Modules
ISOTYPE SWITCHING,Isotype switching,GO:0045190,Adaptive,Humoral,B cell,9,"LIG4,MSH2,MLH1,ERCC1,CD40LG,UNG,RNF168,SANBR,MSH6",ImmuneGO by Modules
ISOTYPE SWITCHING TO IGE ISOTYPES,"Isotype switching, IgE",GO:0048289,Adaptive,Humoral,B cell,2,"BCL6,STAT6",ImmuneGO by Modules
ISOTYPE SWITCHING TO IGG ISOTYPES,"Isotype switching, IgG",GO:0048291,Adaptive,Humoral,B cell,1,HSPD1,ImmuneGO by Modules
LANGERHANS CELL DIFFERENTIATION,"Differentiation, Langerhans",GO:0061520,Innate,APC,APC,3,"TGFBR2,ITGB8,ITGB6",ImmuneGO by Modules
LEUKOCYTE ACTIVATION,"Activation, Leukocyte",GO:0045321,General,Leukocyte,Leukocyte,3,"PRDX1,PRDX2,ZNF3",ImmuneGO by Modules
LEUKOCYTE ACTIVATION INVOLVED IN IMMUNE RESPONSE,"Activation, Immune response, Leukocyte",GO:0002366,General,Leukocyte,Leukocyte,2,"SYK,IL2",ImmuneGO by Modules
LEUKOCYTE ACTIVATION INVOLVED IN INFLAMMATORY RESPONSE,"Activation, Inflammatory response, Leukocyte",GO:0002269,General,Leukocyte,Leukocyte,1,SCNN1B,ImmuneGO by Modules
LEUKOCYTE ADHESIVE ACTIVATION,"Activation, Adhesive, Leukocyte",GO:0050902,General,Leukocyte,Leukocyte,1,CX3CL1,ImmuneGO by Modules
LEUKOCYTE CHEMOTAXIS,"Chemotaxis, Leukocyte",GO:0030595,General,Leukocyte,Leukocyte,10,"CXCR5,CX3CR1,S1PR1,PPIA,GPR183,IL10,CX3CL1,CNR2,MT-RNR2,CORO1A",ImmuneGO by Modules
LEUKOCYTE CHEMOTAXIS INVOLVED IN INFLAMMATORY RESPONSE,"Chemotaxis, Inflammatory response, Leukocyte",GO:0002232,General,Leukocyte,Leukocyte,4,"ALOX5,MDK,PTN,LBP",ImmuneGO by Modules
LEUKOCYTE DEGRANULATION,"Degranulation, Leukocyte",GO:0043299,General,Leukocyte,Leukocyte,1,HCK,ImmuneGO by Modules
LEUKOCYTE HOMEOSTASIS,"Homeostasis, Leukocyte",GO:0001776,General,Leukocyte,Leukocyte,4,"BAX,BCL2,CXCL6,FLT3",ImmuneGO by Modules
LEUKOCYTE MEDIATED CYTOTOXICITY,"Cytotoxicity, Leukocyte",GO:0001909,General,Leukocyte,Leukocyte,1,PRF1,ImmuneGO by Modules
LEUKOCYTE MEDIATED IMMUNITY,"Immunity, Leukocyte",GO:0002443,General,Leukocyte,Leukocyte,1,DBH,ImmuneGO by Modules
LEUKOCYTE MIGRATION,"Migration, Leukocyte",GO:0050900,General,Leukocyte,Leukocyte,18,"PDE4B,SELL,MYH9,MSN,AIMP1,ELANE,SRC,SELP,SELE,ADORA1,ITGA3,DBH,F2RL1,SOS1,ITGB7,ADD2,ITGA6,CD34",ImmuneGO by Modules
LEUKOCYTE MIGRATION INVOLVED IN IMMUNE RESPONSE,"Migration, Immune response, Leukocyte",GO:0002522,General,Leukocyte,Leukocyte,2,"HCK,FUT7",ImmuneGO by Modules
LEUKOCYTE MIGRATION INVOLVED IN INFLAMMATORY RESPONSE,"Migration, Inflammatory response, Leukocyte",GO:0002523,General,Leukocyte,Leukocyte,6,"ELANE,CX3CL1,ADAM8,ALOX5,SELE,FUT7",ImmuneGO by Modules
LEUKOCYTE TETHERING OR ROLLING,"Tethering or roling, Leukocyte",GO:0050901,General,Leukocyte,Leukocyte,12,"SELE,VCAM1,SELL,SELP,SPN,ADD2,JAM2,ITGB7,GCNT1,ITGA4,CX3CR1,LEP",ImmuneGO by Modules
LYMPH NODE DEVELOPMENT,"Development, Lymph node",GO:0048535,General,Organ,Lymphocyte,9,"CXCR5,NKX2-3,IL7R,IL15,PDPN,RORC,RC3H1,SPNS2,LTB",ImmuneGO by Modules
LYMPHOCYTE ACTIVATION,"Activation, Lymphocyte",GO:0046649,Adaptive,General,Lymphocyte,4,"LAX1,AXL,TYRO3,MERTK",ImmuneGO by Modules
LYMPHOCYTE CHEMOTAXIS,"Chemotaxis, Lymphocyte",GO:0048247,Adaptive,General,Lymphocyte,18,"CCL3,CCL18,CCL4,CCL7,XCL1,CCL2,ADAM8,GPR15LG,CX3CL1,CCL4L1,CCL1,CCL3L1,SAA1,CCL8,CCL24,CCL5,CCL20,CCL23",ImmuneGO by Modules
LYMPHOCYTE DIFFERENTIATION,"Differentiation, Lymphocyte",GO:0030098,Adaptive,General,Lymphocyte,6,"IL2RG,STAT5B,PRKDC,RELB,TOX,SPI1",ImmuneGO by Modules
LYMPHOCYTE HOMEOSTASIS,"Homeostasis, Lymphocyte",GO:0002260,Adaptive,General,Lymphocyte,7,"SPNS2,SOS1,BCL2,TNFRSF17,SKIL,PACS1,SOS2",ImmuneGO by Modules
LYMPHOCYTE MIGRATION,"Migration, Lymphocyte",GO:0072676,Adaptive,General,Lymphocyte,2,"GATA3,SPNS2",ImmuneGO by Modules
LYMPHOCYTE MIGRATION INTO LYMPH NODE,"Migration, Lymphonode, Lymphocyte",GO:0097022,Adaptive,General,Lymphocyte,3,"FUT4,CCR7,FUT7",ImmuneGO by Modules
LYMPHOCYTE MIGRATION INTO LYMPHOID ORGANS,"Migration, Lymphoid organs, Lymphocyte",GO:0097021,Adaptive,General,Lymphocyte,3,"CRTAM,ARTN,FUT7",ImmuneGO by Modules
LYMPHOCYTE PROLIFERATION,"Proliferation, Lymphocyte",GO:0046651,Adaptive,General,Lymphocyte,6,"IL2,IMPDH2,HPRT1,FLT3,TLR4,PURA",ImmuneGO by Modules
MACROPHAGE ACTIVATION,"Activation, Macrophage",GO:0042116,Innate,APC,Macrophage,10,"IL13,HAMP,CRTC3,JMJD6,FCGR3A,TMEM229B,SLC11A1,ADGRF5,TLR4,EDN2",ImmuneGO by Modules
MACROPHAGE ACTIVATION INVOLVED IN IMMUNE RESPONSE,"Activation, Immune response, Macrophage",GO:0002281,Innate,APC,Macrophage,7,"TICAM1,IFI35,IL33,PRKCE,SYK,LBP,PLCG2",ImmuneGO by Modules
MACROPHAGE CHEMOTAXIS,"Chemotaxis, Macrophage",GO:0048246,Innate,APC,Macrophage,12,"SFTPD,CCL2,LGALS3,AZU1,EDNRB,EDN2,RPL13A,CXCL17,CCL5,SAA1,CCL3,MMP2",ImmuneGO by Modules
MACROPHAGE HOMEOSTASIS,"Homeostasis, Macrophage",GO:0061519,Innate,APC,Macrophage,2,"LIPA,CSF1",ImmuneGO by Modules
MACROPHAGE MIGRATION,"Migration, Macrophage",GO:1905517,Innate,APC,Macrophage,5,"ROR2,MCOLN2,BCR,CCR2,B4GALT1",ImmuneGO by Modules
MARGINAL ZONE B CELL DIFFERENTIATION,"Differentiation, B cell, Marginal zone",GO:0002315,Adaptive,Humoral,B cell,4,"CDH17,BCL3,LFNG,NOTCH2",ImmuneGO by Modules
MAST CELL ACTIVATION,"Activation, Mast cell",GO:0045576,Innate,Cells,Mast cell,2,"S100A12,CHGA",ImmuneGO by Modules
MAST CELL APOPTOTIC PROCESS,"Apoptotic process, Mast cell",GO:0033024,Innate,Cells,Mast cell,2,"KITLG,NF1",ImmuneGO by Modules
MAST CELL CHEMOTAXIS,"Chemotaxis, Mast cell",GO:0002551,Innate,Cells,Mast cell,2,"KIT,CHGA",ImmuneGO by Modules
MAST CELL DEGRANULATION,"Degranulation, Mast cell",GO:0043303,Innate,Cells,Mast cell,14,"CBL,RAB44,PIK3CG,CLNK,RASGRP1,GPR15LG,PTGDS,SYK,KIT,CHGA,FCER1A,MILR1,ADORA2B,CPLX2",ImmuneGO by Modules
MAST CELL HOMEOSTASIS,"Homeostasis, Mast cell",GO:0033023,Innate,Cells,Mast cell,1,SLC15A4,ImmuneGO by Modules
MAST CELL MEDIATED IMMUNITY,"Immunity, Mast cell",GO:0002448,Innate,Cells,Mast cell,2,"SERPINB9,NDST2",ImmuneGO by Modules
MAST CELL MIGRATION,"Migration, Mast cell",GO:0097531,Innate,Cells,Mast cell,2,"KITLG,STAT5B",ImmuneGO by Modules
MATURE B CELL DIFFERENTIATION,"Differentiation, B cell, Mature",GO:0002335,Adaptive,Humoral,B cell,1,IL2RG,ImmuneGO by Modules
MATURE B CELL DIFFERENTIATION INVOLVED IN IMMUNE RESPONSE,"Differentiation, Immune response, B cell, Mature",GO:0002313,Adaptive,Humoral,B cell,4,"RAG2,GPR183,C17orf99,FCGR2B",ImmuneGO by Modules
MATURE NATURAL KILLER CELL CHEMOTAXIS,"Chemotaxis, NK cell, mature",GO:0035782,Innate,Cells,NK cell,1,XCL1,ImmuneGO by Modules
MEMORY B CELL DIFFERENTIATION,"Differentiation, B cell, Memory",GO:0002319,Adaptive,Humoral,B cell,1,ST3GAL1,ImmuneGO by Modules
MEMORY T CELL ACTIVATION,"Activation, T cell, Memory",GO:0035709,Adaptive,Cellular,T cell,1,TNFSF4,ImmuneGO by Modules
MEMORY T CELL EXTRAVASATION,"Extravasation, T cell, Memory",GO:0035683,Adaptive,Cellular,T cell,1,ITGAL,ImmuneGO by Modules
MEMORY T CELL PROLIFERATION,"Proliferation, T cell, Memory",GO:0061485,Adaptive,Cellular,T cell,1,DOCK8,ImmuneGO by Modules
MICROGLIAL CELL ACTIVATION,"Activation, Microglial cell",GO:0001774,Innate,Cellular,Microglial cell,13,"SNCA,ITGAM,AIF1,TRPV1,IL13,C5AR1,IFNGR1,IFNGR2,CX3CL1,CLU,MAPT,AZU1,NAGLU",ImmuneGO by Modules
MICROGLIAL CELL ACTIVATION INVOLVED IN IMMUNE RESPONSE,"Activation, Immune response, Microglial cell",GO:0002282,Innate,Cellular,Microglial cell,3,"CX3CR1,IL33,GRN",ImmuneGO by Modules
MONOCYTE ACTIVATION,"Activation, Monocyte",GO:0042117,Innate,APC,Monocyte,6,"AZU1,HYAL2,MT1G,CSF1,SPACA3,P0DOX3",ImmuneGO by Modules
MONOCYTE CHEMOTAXIS,"Chemotaxis, Monocyte",GO:0002548,Innate,APC,Monocyte,22,"CCL3L1,CX3CL1,IL6R,CCL3,CCL18,CCL1,CCL7,LGALS3,CTSG,XCL1,CCL5,CCL2,CCL23,FLT1,CCL4,CCL4L1,CCL24,CCR2,CCL20,RPS19,CCL8,S100A12",ImmuneGO by Modules
MONOCYTE EXTRAVASATION,"Extravasation, Monocyte",GO:0035696,Innate,APC,Monocyte,4,"CCR2,JAML,SIRPA,PECAM1",ImmuneGO by Modules
MONOCYTE HOMEOSTASIS,"Homeostasis, Monocyte",GO:0035702,Innate,APC,Monocyte,2,"MPL,CSF1",ImmuneGO by Modules
MONONUCLEAR CELL MIGRATION,"Migration, Mononuclear cell",GO:0071674,Innate,Lymphocytes,Mononuclear cells,1,LGALS3,ImmuneGO by Modules
MUCOSA-ASSOCIATED LYMPHOID TISSUE DEVELOPMENT,"Development, Lymphoid tissue, Mucosa",GO:0048537,General,Mucosa,Undefined,1,NKX2-3,ImmuneGO by Modules
MUCOSAL IMMUNE RESPONSE,"Immune response, Mucosa",GO:0002385,General,Immune response,Mucosa,4,"OTUD7B,CD160,IFNL2,IFNLR1",ImmuneGO by Modules
MYD88-DEPENDENT TOLL-LIKE RECEPTOR SIGNALING PATHWAY,"PRR, TLR MyD88 dep",GO:0002755,Innate,PRR,All,5,"TLR4,REG3G,HSPD1,TIRAP,BTK",ImmuneGO by Modules
MYD88-INDEPENDENT TOLL-LIKE RECEPTOR SIGNALING PATHWAY,"PRR, TLR MyD88 indep",GO:0002756,Innate,PRR,All,1,TICAM1,ImmuneGO by Modules
MYELOID CELL HOMEOSTASIS,"Homeostasis, Myeloid cell",GO:0002262,Innate,Cellular,NK T cell,6,"FANCC,NCKAP1L,SOD1,BAX,HAMP,ITPKB",ImmuneGO by Modules
MYELOID DENDRITIC CELL ACTIVATION,"Activation, Dendritic cell, Myeloid",GO:0001773,Innate,APC,Dendritic cell,1,HMGB1,ImmuneGO by Modules
MYELOID DENDRITIC CELL ANTIGEN PROCESSING AND PRESENTATION,"APP, Dendritic cell, Myeloid",GO:0002469,Innate,APC,Dendritic cell,1,HLA-DRB3,ImmuneGO by Modules
MYELOID DENDRITIC CELL CHEMOTAXIS,"Chemotaxis, Dendritic cell, Myeloid",GO:0002408,Innate,APC,Dendritic cell,2,"CCR7,ARHGEF5",ImmuneGO by Modules
MYELOID DENDRITIC CELL DIFFERENTIATION,"Differentiation, Myeloid Dendritic cell",GO:0043011,Innate,APC,Dendritic cell,8,"SPI1,BATF2,TGFBR2,NOTCH2,LTBR,PSEN1,RELB,RBPJ",ImmuneGO by Modules
MYELOID LEUKOCYTE MIGRATION,"Migration, Myeloid leukocyte",GO:0097529,General,Cells,Leukocyte,4,"CSF1,PAFAH1B1,PIK3R1,NF1",ImmuneGO by Modules
NATURAL KILLER CELL ACTIVATION,"Activation, NK cell",GO:0030101,Innate,Cells,NK cell,8,"IL12B,PRDX1,GATA3,KLRK1,BAG6,FCGR3A,IL2,RASGRP1",ImmuneGO by Modules
NATURAL KILLER CELL ACTIVATION INVOLVED IN IMMUNE RESPONSE,"Activation, Immune response, NK cell",GO:0002323,Innate,Cells,NK cell,3,"IFNA8,IFNE,IL12B",ImmuneGO by Modules
NATURAL KILLER CELL CHEMOTAXIS,"Chemotaxis, NK cell",GO:0035747,Innate,Cells,NK cell,1,PIK3CG,ImmuneGO by Modules
NATURAL KILLER CELL DEGRANULATION,"Degranulation, NK cell",GO:0043320,Innate,Cells,NK cell,6,"FCGR3A,UNC13D,KLRF2,RAB27A,VAMP7,CORO1A",ImmuneGO by Modules
NATURAL KILLER CELL DIFFERENTIATION,"Differentiation, NK cell",GO:0001779,Innate,Cells,NK cell,9,"KAT7,SP3,PBX1,PTPRC,MERTK,AXL,STAT5B,TYRO3,IL15",ImmuneGO by Modules
NATURAL KILLER CELL MEDIATED CYTOTOXICITY,"Cytotoxicity, NK cell",GO:0042267,Innate,Cells,NK cell,15,"FCGR3A,PTPN6,GZMB,RAET1G,LAG3,TUBB4B,PLEKHM2,CEBPG,RNF19B,KIF5B,KLRK1,STAT5B,KIR3DL1,PRDX1,CLEC2A",ImmuneGO by Modules
NATURAL KILLER CELL MEDIATED IMMUNITY,"Immunity, NK cell",GO:0002228,Innate,Cells,NK cell,1,KLRC2,ImmuneGO by Modules
NATURAL KILLER CELL PROLIFERATION,"Proliferation, NK cell",GO:0001787,Innate,Cells,NK cell,3,"IL15,EMP2,STAT5B",ImmuneGO by Modules
NATURAL KILLER CELL TOLERANCE INDUCTION,"Tolerance, NK cell",GO:0002519,Innate,Cells,NK cell,2,"LGALS9,HLA-E",ImmuneGO by Modules
NEGATIVE T CELL SELECTION,"Selection-, T cell, Memory",GO:0043383,Adaptive,Cellular,T cell,1,THEMIS,ImmuneGO by Modules
NEGATIVE THYMIC T CELL SELECTION,"Selection-, T cell, Thymic",GO:0045060,Adaptive,Cellular,T cell,6,"ZAP70,GLI3,CD28,CCR7,SPN,PTPRC",ImmuneGO by Modules
NEUTROPHIL ACTIVATION,"Activation, Neutrophil",GO:0042119,Innate,Cells,Neutrophil,12,"CXCL8,F2RL1,IL15,KMT2E,CCL5,CXCR2,IL18RAP,FCAR,CXCL6,CTSG,PRKCD,CAMP",ImmuneGO by Modules
NEUTROPHIL ACTIVATION INVOLVED IN IMMUNE RESPONSE,"Activation, Immune response, Neutrophil",GO:0002283,Innate,Cells,Neutrophil,5,"FCER1G,LILRA2,SYK,DNASE1,SCNN1B",ImmuneGO by Modules
NEUTROPHIL CHEMOTAXIS,"Chemotaxis, Neutrophil",GO:0030593,Innate,Cells,Neutrophil,48,"CXCL9,JAML,CCL24,CCL18,SRP54,C5AR1,PIK3CG,SAA1,CCL8,CCL1,CCL3L1,CX3CL1,ITGA1,TGFB2,CXCR2,LBP,FCER1G,CCL3,EDN3,NCKAP1L,PPIB,XCL1,CXCR1,CXCL8,DPEP1,SYK,CD300H,PDE4B,CXCL6,VAV1,LGALS3,CXCL3,BSG,S100A12,CXCL5,PF4V1,EDN2,CCL4L1,CCL4,CCL7,CXADR,CCL23,CCL20,PPIA,CCL2,CXCL1,CCL5,CXCL2",ImmuneGO by Modules
NEUTROPHIL CLEARANCE,"Clearance, Neutrophil",GO:0097350,Innate,Cells,Neutrophil,4,"HMGB1,CCR2,MERTK,AXL",ImmuneGO by Modules
NEUTROPHIL DEGRANULATION,"Degranulation, Neutrophil",GO:0043312,Innate,Cells,Neutrophil,4,"STXBP3,VAMP7,BCR,ANXA3",ImmuneGO by Modules
NEUTROPHIL EXTRAVASATION,"Extravasation, Neutrophil",GO:0072672,Innate,Cells,Neutrophil,5,"PECAM1,PIK3CG,JAML,CD177,PRTN3",ImmuneGO by Modules
NEUTROPHIL HOMEOSTASIS,"Homeostasis, Neutrophil",GO:0001780,Innate,Cells,Neutrophil,5,"PDE4B,MTHFD1,BTK,CSF1,MPL",ImmuneGO by Modules
NEUTROPHIL MEDIATED IMMUNITY,"Immunity, Neutrophil",GO:0002446,Innate,Cells,Neutrophil,6,"ADAM17,ACE,IL6R,KMT2E,JAGN1,FCAR",ImmuneGO by Modules
NEUTROPHIL MIGRATION,"Migration, Neutrophil",GO:1990266,Innate,Cells,Neutrophil,5,"EMP2,GP2,JAGN1,CD177,MCOLN2",ImmuneGO by Modules
NEUTROPHIL-MEDIATED KILLING OF BACTERIUM,"Killing of bacterium, Neutrophil",GO:0070944,Innate,Cells,Neutrophil,2,"SCNN1B,AZU1",ImmuneGO by Modules
NEUTROPHIL-MEDIATED KILLING OF FUNGUS,"Killing of fungus, Neutrophil",GO:0070947,Innate,Cells,Neutrophil,1,ELANE,ImmuneGO by Modules
NEUTROPHIL-MEDIATED KILLING OF GRAM-NEGATIVE BACTERIUM,"killing of Gram- bacterium, Neutrophil",GO:0070945,Innate,Cells,Neutrophil,2,"F2,ELANE",ImmuneGO by Modules
NEUTROPHIL-MEDIATED KILLING OF GRAM-POSITIVE BACTERIUM,"killing of Gram+ bacterium, Neutrophil",GO:0070946,Innate,Cells,Neutrophil,2,"NLRP6,CTSG",ImmuneGO by Modules
NK T CELL DIFFERENTIATION,"Differentiation, NK T cell",GO:0001865,Innate,Cellular,NK T cell,3,"ATF2,ITK,FOSL2",ImmuneGO by Modules
NK T CELL LINEAGE COMMITMENT,"Lineage commitment, NK T cell",GO:0002364,Innate,Cellular,NK T cell,1,TOX,ImmuneGO by Modules
NK T CELL PROLIFERATION,"Proliferation, NK T cell",GO:0001866,Innate,Cellular,NK T cell,1,IL15,ImmuneGO by Modules
NLRP3 INFLAMMASOME COMPLEX ASSEMBLY,"NLRP3, Inflammasome complex",GO:0044546,Innate,Inflammation,Undefined,1,SIRT2,ImmuneGO by Modules
NLRP6 INFLAMMASOME COMPLEX ASSEMBLY,"NLRP6, Inflammasome complex",GO:0140739,Innate,Inflammation,Undefined,1,NLRP6,ImmuneGO by Modules
NUCLEOTIDE-BINDING OLIGOMERIZATION DOMAIN CONTAINING 1 SIGNALING PATHWAY,"PRR, NOD1",GO:0070427,Innate,PRR,All,3,"NFKBIA,TLR4,XIAP",ImmuneGO by Modules
NUCLEOTIDE-BINDING OLIGOMERIZATION DOMAIN CONTAINING 2 SIGNALING PATHWAY,"PRR, NOD2",GO:0070431,Innate,PRR,All,6,"TLR4,LACC1,IRGM,XIAP,NFKBIA,RELA",ImmuneGO by Modules
NUCLEOTIDE-BINDING OLIGOMERIZATION DOMAIN CONTAINING SIGNALING PATHWAY,"PRR, NOD",GO:0070423,Innate,PRR,All,2,"MAP2K6,TNFAIP3",ImmuneGO by Modules
OPSONIZATION,Opsonization,GO:0008228,Adaptive,Humoral,B cell,5,"PTX3,SFTPA1,LBP,C4B,MBL2",ImmuneGO by Modules
PATTERN RECOGNITION RECEPTOR SIGNALING PATHWAY,"Signaling, PRR",GO:0002221,Innate,PRR,All,4,"CASP1,LACC1,CGAS,STING1",ImmuneGO by Modules
PEPTIDE ANTIGEN ASSEMBLY WITH MHC CLASS I PROTEIN COMPLEX,"MHCII, Peptide complex",GO:0002502,Innate,APP,APC,2,"CALR,PDIA3",ImmuneGO by Modules
PEPTIDE ANTIGEN ASSEMBLY WITH MHC CLASS I PROTEIN COMPLEX,"MHCII, Peptide complex",GO:0002502,Innate,APP,APC,7,"HLA-DRB3,HLA-DMB,HLA-DMA,B2M,HLA-DRB4,HLA-DPA1,HLA-DOB",ImmuneGO by Modules
PEPTIDE ANTIGEN ASSEMBLY WITH MHC CLASS II PROTEIN COMPLEX,"MHCII, Peptide complex",GO:0002503,Innate,APP,APC,2,"CALR,PDIA3",ImmuneGO by Modules
PEPTIDE ANTIGEN ASSEMBLY WITH MHC CLASS II PROTEIN COMPLEX,"MHCII, Peptide complex",GO:0002503,Innate,APP,APC,7,"HLA-DRB3,HLA-DMB,HLA-DMA,B2M,HLA-DRB4,HLA-DPA1,HLA-DOB",ImmuneGO by Modules
PEPTIDE ANTIGEN TRANSPORT,"Transport, Peptide antigen",GO:0046968,Innate,APP,All,1,TAP2,ImmuneGO by Modules
PERIPHERAL B CELL TOLERANCE INDUCTION,"Tolerance, B cell, Peripheral",GO:0002451,Adaptive,Humoral,B cell,1,HLA-G,ImmuneGO by Modules
PLASMA CELL DIFFERENTIATION,"Differentiation, Plasma cell",GO:0002317,Adaptive,Humoral,Plasma cell,2,"BCL6,LGALS1",ImmuneGO by Modules
PLASMACYTOID DENDRITIC CELL ACTIVATION,"Activation, Dendritic cell, Plasmacytoid",GO:0002270,Innate,APC,Dendritic cell,1,LAG3,ImmuneGO by Modules
PLASMACYTOID DENDRITIC CELL DIFFERENTIATION,"Differentiation, Dendritic cell, Plasmacytoid",GO:0002273,Innate,APC,Dendritic cell,2,"ZBTB46,IRF8",ImmuneGO by Modules
POSITIVE REGULATION OF GLYCOPROTEIN BIOSYNTHETIC PROCESS INVOLVED IN IMMUNOLOGICAL SYNAPSE FORMATION,"Regulation+, glyProtein, Immunological synapse",GO:2000526,Adaptive,Cellular,T cell,1,CCR7,ImmuneGO by Modules
POSITIVE T CELL SELECTION,"Selection+, T cell",GO:0043368,Adaptive,Cellular,T cell,2,"THEMIS,BRAF",ImmuneGO by Modules
POSITIVE THYMIC T CELL SELECTION,"Selection+, Thymic, T cell",GO:0045059,Adaptive,Cellular,T cell,5,"SRF,ZAP70,ITPKB,PTPRC,CD3G",ImmuneGO by Modules
PRE-B CELL ALLELIC EXCLUSION,"Allelic exclusion, pre-B cell",GO:0002331,Adaptive,Humoral,B cell,2,"RAG1,RAG2",ImmuneGO by Modules
PRE-B CELL DIFFERENTIATION,"Differentiation, pre-B cell",GO:0002329,Adaptive,Humoral,B cell,1,LRRC8A,ImmuneGO by Modules
PRO-T CELL DIFFERENTIATION,"Differentiation, pro-T cell",GO:0002572,Adaptive,Humoral,B cell,2,"GATA3,SPI1",ImmuneGO by Modules
REGULATORY T CELL DIFFERENTIATION,"Differentiation, Treg cell",GO:0045066,Adaptive,Cellular,T cell,1,CD28,ImmuneGO by Modules
RESPIRATORY BURST AFTER PHAGOCYTOSIS,"Respiratory burst, Phagocytosis",GO:0045728,Innate,APC,APC,1,HCK,ImmuneGO by Modules
RESPIRATORY BURST INVOLVED IN DEFENSE RESPONSE,"Respiratory burst, Defense",GO:0002679,Innate,Undefined,Undefined,1,PIK3CG,ImmuneGO by Modules
RESPIRATORY BURST INVOLVED IN INFLAMMATORY RESPONSE,"Respiratory burst, Inflammation",GO:0002536,Innate,Inflammation,Undefined,2,"PRDX2,LIPA",ImmuneGO by Modules
RESPONSE TO TYPE I INTERFERON,Response to Interferon I,GO:0034340,Innate,Innate,Interferon 1,5,"SP100,SHMT2,CH25H,SMPD1,MX1",ImmuneGO by Modules
RESPONSE TO TYPE II INTERFERON,Response to Interferon II,GO:0034341,Innate,Innate,Interferon 2,16,"GCH1,SLC30A8,CD40,IFITM2,C9JQL5,IFITM1,BST2,IFITM3,TRIM21,SLC11A1,IL23R,CIITA,SP100,SNCA,STAT1,ADAMTS13",ImmuneGO by Modules
RESPONSE TO TYPE III INTERFERON,Response to Interferon III,GO:0034342,Innate,Innate,Interferon 3,1,IFNLR1,ImmuneGO by Modules
RIG-I SIGNALING PATHWAY,"PRR, RIG-I, Pathway",GO:0039529,Innate,PRR,All,4,"RNF135,PHB1,RIGI,LSM14A",ImmuneGO by Modules
SEROTONIN SECRETION BY MAST CELL,"Secretion, Serotonin, Mast cell",GO:0002552,Innate,Innate,Mast cell,1,SLC18A2,ImmuneGO by Modules
SOMATIC DIVERSIFICATION OF IMMUNE RECEPTORS VIA SOMATIC MUTATION,"Somatic mutation, Immune receptors",GO:0002566,Adaptive,General,Lymphocyte,1,ADAR,ImmuneGO by Modules
SOMATIC DIVERSIFICATION OF IMMUNOGLOBULINS INVOLVED IN IMMUNE RESPONSE,"Somatic mutation, Ig",GO:0002208,Adaptive,Humoral,B cell,3,"SHLD3,SHLD1,SHLD2",ImmuneGO by Modules
SOMATIC HYPERMUTATION OF IMMUNOGLOBULIN GENES,"Somatic mutation, Ig genes",GO:0016446,Adaptive,Humoral,B cell,5,"UNG,MLH1,MSH2,MSH6,PMS2",ImmuneGO by Modules
SOMATIC RECOMBINATION OF IMMUNOGLOBULIN GENE SEGMENTS,"Somatic mutation, Ig gene segments",GO:0016447,Adaptive,Humoral,B cell,6,"MSH2,MSH6,MLH1,UNG,PMS2,MSH3",ImmuneGO by Modules
SOMATIC RECOMBINATION OF IMMUNOGLOBULIN GENES INVOLVED IN IMMUNE RESPONSE,"Somatic mutation, Ig genes involved in immune response",GO:0002204,Adaptive,Humoral,B cell,2,"MLH1,MSH2",ImmuneGO by Modules
SPLEEN DEVELOPMENT,"Development, Spleen",GO:0048536,Adaptive,Humoral,Spleen,17,"HOXB4,NKX2-5,BCL3,LIPA,EPB42,ADAM17,CDKN2B,PBX1,NKX3-2,RC3H1,NFKB2,NKX2-3,CDH17,ABL1,CACNB4,BCL2,KMT2A",ImmuneGO by Modules
STIMULATORY C-TYPE LECTIN RECEPTOR SIGNALING PATHWAY,"C-type lectin receptor, PRR",GO:0002223,Innate,PRR,All,9,"SYK,PLCG2,KLRC1,EP300,CLEC6A,KLRC2,KLRC3,SRC,KLRK1",ImmuneGO by Modules
STIMULATORY KILLER CELL IMMUNOGLOBULIN-LIKE RECEPTOR SIGNALING PATHWAY,"Ig-like receptor, Pathway, Killer cell",GO:0002222,Undefined,Undefined,Undefined,1,KIR2DS2,ImmuneGO by Modules
T CELL ACTIVATION,"Activation, T cell",GO:0042110,Adaptive,Cellular,T cell,33,"CD86,PRKCQ,WAS,CHRNA7,CD28,CORO1A,HSPD1,RBX1,NCK1,SMAD3,PPP3CA,LAG3,NLRC3,PPP3CB,FKBP1A,MFAP3,PIK3CG,DPP4,TNFAIP8L2,CD7,CD276,VAV1,PTPRC,CD44,ITK,RASGRP1,CD80,DCAF12,CD3G,CD8B,ADA,ZAP70,DDOST",ImmuneGO by Modules
T CELL ACTIVATION INVOLVED IN IMMUNE RESPONSE,"Activation, Immune response, T cell",GO:0002286,Adaptive,Cellular,T cell,9,"IFNE,MDK,F2RL1,LCP1,PSEN1,IFNA8,CD1C",ImmuneGO by Modules
T CELL CHEMOTAXIS,"Chemotaxis, T cell",GO:0010818,Adaptive,Cellular,T cell,7,"CXCL12,CCL3,DEFA4,GPR183,SLC12A2,PIK3CG,DEFA1",ImmuneGO by Modules
T CELL COSTIMULATION,"Costimulation, T cell",GO:0031295,Adaptive,Cellular,T cell,22,"CD86,PTPN6,CAV1,SRC,PTPN11,DPP4,SPN,LGALS1,MAP3K8,KLRK1,CD160,CD24,AKT1,CD28,CD80,PIK3CA,EFNB1,EFNB2,VAV1,CSK,MTOR,CD40LG",ImmuneGO by Modules
T CELL DIFFERENTIATION,"Differentiation, T cell",GO:0030217,Adaptive,Cellular,T cell,29,"KDELR1,DTX1,GATA3,ITPKB,KIT,CTNNB1,IL2,FOSL2,PTPRC,ZAP70,VAV1,PPP3CB,SOX4,PTPN2,LIPA,LMBR1L,LFNG,LEPR,BCL2,GPR89A,LEP,EGR1,PKNOX1,IL7R,PIK3R1,NRARP,SP3,RAG2,GPR89B",ImmuneGO by Modules
T CELL DIFFERENTIATION IN THYMUS,"Differentiation, T cell, Thymus",GO:0033077,Adaptive,Cellular,T cell,24,"RAG2,NKAP,STAT5B,IL2RG,IL7R,CTNNB1,RAG1,GLI3,ZFP36L2,NCAPH2,ZFP36L1,BCL2,ADAM17,PRKDC,GATA3,WNT4,RPS6,LIG4,CDK6,BRAF,B2M,JMJD6,PSMB11,TESPA1",ImmuneGO by Modules
T CELL DIFFERENTIATION INVOLVED IN IMMUNE RESPONSE,"Differentiation, T cell, Immune response",GO:0002292,Adaptive,Cellular,T cell,1,FCER1G,ImmuneGO by Modules
T CELL EXTRAVASATION,"Extravasation, T cell",GO:0072683,Adaptive,Cellular,T cell,2,"XG,CD99",ImmuneGO by Modules
T CELL HOMEOSTASIS,"Homeostasis, T cell",GO:0043029,Adaptive,Cellular,T cell,19,"PPP2CA,CHST3,BCL2,SPNS2,JAK3,STAT5B,ZC3H8,NCKAP1L,PPP2R1A,RC3H1,IL7R,CORO1A,RAG1,PPP3CB,IL20RB,GPR15LG,CASP3,CCNB2,PRDX2",ImmuneGO by Modules
T CELL HOMEOSTATIC PROLIFERATION,"Homeostasis, Proliferation, T cell",GO:0001777,Adaptive,Cellular,T cell,1,BAX,ImmuneGO by Modules
T CELL LINEAGE COMMITMENT,"Lineage commitment, T cell",GO:0002360,Adaptive,Cellular,T cell,4,"IL7,BCL2,RAG2,PRKDC",ImmuneGO by Modules
T CELL MEANDERING MIGRATION,"Migration, Meandering, T cell",GO:0120117,Adaptive,Cellular,T cell,1,MYO1G,ImmuneGO by Modules
T CELL MEDIATED CYTOTOXICITY,T cell-mediated cytotoxicity,GO:0001913,Adaptive,Cellular,T cell,10,"GZMM,CTSH,TAP2,PPP3CB,PRF1,EMP2,CTSC,HPRT1,IL7R,B2M",ImmuneGO by Modules
T CELL MEDIATED IMMUNITY,T cell-mediated immunity,GO:0002456,Adaptive,Cellular,T cell,9,"CD46,CLEC4G,JAG1,MYO1G,CR2,BTN3A2,CD70,GNL1,CR1",ImmuneGO by Modules
T CELL MIGRATION,"Migration, T cell",GO:0072678,Adaptive,Cellular,T cell,9,"GPR15,MYO1G,CORO1A,FUT7,ZAP70,S1PR1,MSN,CCL20,ITGB7",ImmuneGO by Modules
T CELL PROLIFERATION,"Proliferation, T cell",GO:0042098,Adaptive,Cellular,T cell,26,"PIK3CG,CD28,PSMB10,EFNB1,IL12B,CORO1A,PTPRC,FKBP1B,LIPA,PTPN6,KITLG,PPP3CB,LMBR1L,RASGRP1,IL20RB,MSN,CTPS1,TNFRSF4,IL2,IDO1,RC3H1,CD151,SCGB1A1,SPN,CCND3,PRDX2",ImmuneGO by Modules
T CELL PROLIFERATION INVOLVED IN IMMUNE RESPONSE,"Proliferation, Immune response, T cell",GO:0002309,Adaptive,Cellular,T cell,3,"LILRB1,SLC11A1,RPS6",ImmuneGO by Modules
T CELL RECEPTOR SIGNALING PATHWAY,"Signaling, T cell",GO:0050852,Adaptive,Cellular,T cell,52,"GATA3,SKAP1,THEMIS2,THEMIS,CD3G,KHDRBS1,PTPRC,CACNB3,ZAP70,BTK,PDE4B,PDE4D,RC3H1,CD247,ITK,UBE2N,ABL1,NFKBID,BRAF,CRKL,PLCG2,DENND1B,MAPK1,TXK,VTCN1,PSEN1,FYB2,CTLA4,BTNL8,CD8B,BTN3A2,BCL10,CSK,CD28,BTNL10P,TEC,ZNF683,CD276,PLCG1,EIF2B2,FOSL2,PTPN6,BCAR1,BTNL9,BTNL3,BTN2A1,HLA-DRB3,PTPRJ,PIK3CA",ImmuneGO by Modules
T CELL RECEPTOR V(D)J RECOMBINATION,"V(D)J, T cell, Receptor",GO:0033153,Adaptive,Cellular,T cell,2,"LIG4,PRKDC",ImmuneGO by Modules
T CELL SELECTION,"Selection, T cell",GO:0045058,Adaptive,Cellular,T cell,1,CD1D,ImmuneGO by Modules
T FOLLICULAR HELPER CELL DIFFERENTIATION,"Differentiation, Th cell, Follicular",GO:0061470,Adaptive,Cellular,T helper,2,"GPR183,RC3H1",ImmuneGO by Modules
T-HELPER 1 CELL ACTIVATION,"Activation, Th1 cell",GO:0035711,Adaptive,Cellular,T helper,2,"HMGB1,CEBPB",ImmuneGO by Modules
T-HELPER 1 CELL DIFFERENTIATION,"Differentiation, Th1 cell",GO:0045063,Adaptive,Cellular,T helper,3,"RELB,HMGB1,IL4R",ImmuneGO by Modules
T-HELPER 1 CELL LINEAGE COMMITMENT,"Lineage commitment, Th1 cell",GO:0002296,Adaptive,Cellular,T helper,3,"SPN,STAT6,MTOR",ImmuneGO by Modules
T-HELPER 1 TYPE IMMUNE RESPONSE,"Immune response, Th1",GO:0042088,Adaptive,Cellular,T helper,5,"TLR4,IL18BP,RELB,IL12B,BCL3",ImmuneGO by Modules
T-HELPER 17 CELL CHEMOTAXIS,"Chemotaxis, Th17 cell",GO:0035705,Adaptive,Cellular,T helper,1,CCR2,ImmuneGO by Modules
T-HELPER 17 CELL DIFFERENTIATION,"Differentiation, Th17 cell",GO:0072539,Adaptive,Cellular,T helper,2,"RORC,RORA",ImmuneGO by Modules
T-HELPER 17 CELL LINEAGE COMMITMENT,"Lineage commitment, Th17 cell",GO:0072540,Adaptive,Cellular,T helper,4,"IL6R,STAT3,IL6ST,JAK1",ImmuneGO by Modules
T-HELPER 17 TYPE IMMUNE RESPONSE,"Immune response, Th17",GO:0072538,Adaptive,Cellular,T helper,3,"STAT3,NOTCH1,PHB1",ImmuneGO by Modules
T-HELPER 2 CELL ACTIVATION,"Activation, Th2 cell",GO:0035712,Adaptive,Cellular,T helper,1,TNFSF4,ImmuneGO by Modules
T-HELPER 2 CELL DIFFERENTIATION,"Differentiation, Th2 cell",GO:0045064,Adaptive,Cellular,T helper,7,"BCL6,IL4R,GATA3,MYB,MEN1,BCL3,KMT2A",ImmuneGO by Modules
T-HELPER CELL DIFFERENTIATION,"Differentiation, Th cell",GO:0042093,Adaptive,Cellular,T helper,3,"PTGER4,ATP7A,IL12B",ImmuneGO by Modules
T-HELPER CELL LINEAGE COMMITMENT,"Lineage commitment, Th cell",GO:0002295,Adaptive,Cellular,T helper,1,ZFPM1,ImmuneGO by Modules
THYMIC T CELL SELECTION,"Selection, T cell, Thymic",GO:0045061,Adaptive,Cellular,T cell,3,"ZAP70,ITPKB,GATA3",ImmuneGO by Modules
THYMOCYTE MIGRATION,"Migration, Thymocyte",GO:0072679,Adaptive,Cellular,Thymocyte,2,"CCL20,CORO1A",ImmuneGO by Modules
THYMUS DEVELOPMENT,"Development, Thymocyte",GO:0048538,Adaptive,Cellular,Thymocyte,25,"ABL1,ASXL1,MAP2K1,HAND2,BCL2,MAP2K2,FOXI3,SOD1,PSEN1,CACNB4,TGFBR1,CRKL,MAPK3,EPHB3,SRF,LMO4,GATA3,PBX1,CCNB2,MAPK1,CTNNB1,RAG1,PRDX2,BRAF,TYR",ImmuneGO by Modules
TIRAP-DEPENDENT TOLL-LIKE RECEPTOR 4 SIGNALING PATHWAY,"PRR, TIRAP dep, TLR4",GO:0035665,Innate,PRR,All,1,TIRAP,ImmuneGO by Modules
TOLERANCE INDUCTION,"Tolerance, Induction",GO:0002507,Adaptive,Tolerance,Undefined,1,LILRB4,ImmuneGO by Modules
TOLERANCE INDUCTION DEPENDENT UPON IMMUNE RESPONSE,"Tolerance, Induction, immune response",GO:0002461,Adaptive,Tolerance,Undefined,1,PSG9,ImmuneGO by Modules
TOLERANCE INDUCTION TO LIPOPOLYSACCHARIDE,"Tolerance, Induction, LPS",GO:0072573,Adaptive,Tolerance,Undefined,2,"TNFAIP3,ACOD1",ImmuneGO by Modules
TOLL-LIKE RECEPTOR 2 SIGNALING PATHWAY,"PRR, TLR2, Pathway",GO:0034134,Innate,PRR,All,2,"PIK3AP1,TNIP2",ImmuneGO by Modules
TOLL-LIKE RECEPTOR 3 SIGNALING PATHWAY,"PRR, TLR3, Pathway",GO:0034138,Innate,PRR,All,3,"TNIP2,SCIMP,TICAM1",ImmuneGO by Modules
TOLL-LIKE RECEPTOR 4 SIGNALING PATHWAY,"PRR, TLR4, Pathway",GO:0034142,Innate,PRR,All,9,"TLR4,CD14,NAGLU,PIK3AP1,NFKBIA,SCIMP,TIRAP,RELA",ImmuneGO by Modules
TOLL-LIKE RECEPTOR 7 SIGNALING PATHWAY,"PRR, TLR7, Pathway",GO:0034154,Innate,PRR,All,2,"PIK3AP1,SCIMP",ImmuneGO by Modules
TOLL-LIKE RECEPTOR 9 SIGNALING PATHWAY,"PRR, TLR9, Pathway",GO:0034162,Innate,PRR,All,2,"TNIP2,PIK3AP1",ImmuneGO by Modules
TOLL-LIKE RECEPTOR SIGNALING PATHWAY,"PRR, TLR, Pathway",GO:0002224,Innate,PRR,All,9,"AP3B1,TLR4,FOSL1,RPS6KA3,MAPKAPK2,PLCG2,BCL10,TICAM1,CTSS",ImmuneGO by Modules
TOLL-LIKE RECEPTOR TLR1:TLR2 SIGNALING PATHWAY,"PRR, TLR1:2, Pathway",GO:0038123,Innate,PRR,All,1,SCIMP,ImmuneGO by Modules
TRAM-DEPENDENT TOLL-LIKE RECEPTOR 4 SIGNALING PATHWAY,"PRR, TLR4 TRAM dep, Pathway",GO:0035669,Innate,PRR,All,3,"PRKCE,TICAM2,RAB11FIP2",ImmuneGO by Modules
TRANSITIONAL ONE STAGE B CELL DIFFERENTIATION,"Differentiation, B cell, Transitional one stage",GO:0002333,Adaptive,Humoral,B cell,1,ABL1,ImmuneGO by Modules
TRIF-DEPENDENT TOLL-LIKE RECEPTOR SIGNALING PATHWAY,"PRR, TLR TRIF dep, Pathway",GO:0035666,Innate,PRR,All,4,"TICAM2,TICAM1,TLR4,CD40",ImmuneGO by Modules
TYPE 2 IMMUNE RESPONSE,"Immune response, Th2",GO:0042092,Adaptive,Cellular,T cell,4,"BCL6,FCER1A,IL10,IL33",ImmuneGO by Modules
TYPE I HYPERSENSITIVITY,"Hypersensitivity, Type I",GO:0016068,Adaptive,Humoral,Allergy,1,FCER1A,ImmuneGO by Modules
TYPE I INTERFERON-MEDIATED SIGNALING PATHWAY,"Signaling, Interferon I, Pathway",GO:0060337,Innate,Interferon,Undefined,19,"IFNE,STAT2,HDAC4,STAT1,IFITM1,JAK1,OAS2,TYK2,IFNAR1,IFNAR2,IFI27,TRIM65,TBKBP1,IFITM3,SP100,C9JQL5,IFITM2,IFNA8,MAVS",ImmuneGO by Modules
TYPE II INTERFERON-MEDIATED SIGNALING PATHWAY,"Signaling, Interferon II, Pathway",GO:0060333,Innate,Interferon,Undefined,8,"STAT1,IRF1,JAK1,IFNGR1,TYK2,HCK,IFNGR2,SP100",ImmuneGO by Modules
TYPE III INTERFERON-MEDIATED SIGNALING PATHWAY,"Signaling, Interferon III, Pathway",GO:0038196,Innate,Interferon,Undefined,10,"IFNGR1,IFNLR1,IL10RB,IFNL1,TYK2,IFNL4,IFNGR2,IFNL3,JAK1,IFNL2",ImmuneGO by Modules
V(D)J RECOMBINATION,V(D)J Recombination,GO:0033151,Adaptive,General,Lymphocyte,6,"HMGB1,RAG2,RAG1,LIG4,HMGB2,PRKDC",ImmuneGO by Modules
