process_mice,process_human,set_size_mice,set_size_human,match_human,match_perc,immune_system,immune_subsystem,cells,immune_set
ACTIVATED T CELL PROLIFERATION,"Proliferation, T cell, Activated",17,3,3,17.647058823529413,Adaptive,Cellular,T cell,ImmuneGO by Modules
ACTIVATION OF INNATE IMMUNE RESPONSE,"Immune system, Process",75,509,14,18.666666666666668,General,General,Undefined,ImmuneGO by Modules
ACTIVATION OF MEMBRANE ATTACK COMPLEX,"Immune system, Process",1,509,1,100,General,General,Undefined,ImmuneGO by Modules
ACTIVATION-INDUCED CELL DEATH OF T CELLS,"Cell death, Activation-induced, T cell",11,3,3,27.27272727272727,Adaptive,Cellular,T cell,ImmuneGO by Modules
ACUTE INFLAMMATORY RESPONSE TO ANTIGENIC STIMULUS,Acute inflammatory response to antigenic stimulus,9,5,5,55.55555555555556,Innate,Inflammation,Undefined,ImmuneGO by Modules
ADAPTIVE IMMUNE RESPONSE,Adaptive Immune response,221,330,50,22.624434389140273,Adaptive,General,Lymphocyte,ImmuneGO by Modules
ALPHA-BETA T CELL DIFFERENTIATION,"Differentiation, abT cell",17,6,6,35.294117647058826,Adaptive,Cellular,T cell,ImmuneGO by Modules
ALPHA-BETA T CELL LINEAGE COMMITMENT,"Selection, Beta",1,3,1,100,Adaptive,Cellular,T cell,ImmuneGO by Modules
ALPHA-BETA T CELL PROLIFERATION,"Proliferation, abT cell",5,2,2,40,Adaptive,Cellular,T cell,ImmuneGO by Modules
ANTIBACTERIAL HUMORAL RESPONSE,Antibacterial humoral response,146,28,19,13.013698630136986,General,Humoral,Undefined,ImmuneGO by Modules
ANTIBACTERIAL INNATE IMMUNE RESPONSE,"Immune system, Process",9,509,1,11.11111111111111,General,General,Undefined,ImmuneGO by Modules
ANTIBACTERIAL PEPTIDE BIOSYNTHETIC PROCESS,"Biosynthetic process, Antibacterial peptide",3,1,1,33.33333333333333,Innate,Innate,Undefined,ImmuneGO by Modules
ANTIBODY-DEPENDENT CELLULAR CYTOTOXICITY,Immune response,9,262,1,11.11111111111111,General,General,Undefined,ImmuneGO by Modules
ANTIFUNGAL HUMORAL RESPONSE,Antimicrobial peptide-mediated immune response,18,55,4,22.22222222222222,General,Humoral,Antimicrobial,ImmuneGO by Modules
ANTIFUNGAL INNATE IMMUNE RESPONSE,Antifungal innate immune response,27,6,3,11.11111111111111,Innate,Antifungal,Undefined,ImmuneGO by Modules
ANTIGEN PROCESSING AND PRESENTATION,APP,45,20,10,22.22222222222222,Innate,APP,All,ImmuneGO by Modules
ANTIGEN PROCESSING AND PRESENTATION OF ENDOGENOUS PEPTIDE ANTIGEN VIA MHC CLASS I,"APP, MHC I, endogenous peptide",14,5,4,28.57142857142857,Innate,APP,All,ImmuneGO by Modules
"ANTIGEN PROCESSING AND PRESENTATION OF ENDOGENOUS PEPTIDE ANTIGEN VIA MHC CLASS I VIA ER PATHWAY, TAP-DEPENDENT","Immune system, Process",11,509,1,9.090909090909092,General,General,Undefined,ImmuneGO by Modules
"ANTIGEN PROCESSING AND PRESENTATION OF ENDOGENOUS PEPTIDE ANTIGEN VIA MHC CLASS IB VIA ER PATHWAY, TAP-DEPENDENT","Immune system, Process",3,509,1,33.33333333333333,General,General,Undefined,ImmuneGO by Modules
ANTIGEN PROCESSING AND PRESENTATION OF EXOGENOUS ANTIGEN,"APP, Exogenous antigen",4,2,1,25,Innate,APP,APC,ImmuneGO by Modules
ANTIGEN PROCESSING AND PRESENTATION OF EXOGENOUS PEPTIDE ANTIGEN VIA MHC CLASS I,"APP, MHC I, exogenous peptide",17,4,3,17.647058823529413,Innate,APP,All,ImmuneGO by Modules
ANTIGEN PROCESSING AND PRESENTATION OF EXOGENOUS PEPTIDE ANTIGEN VIA MHC CLASS II,"APP, MHC II, exogenous peptide",37,13,6,16.216216216216218,Innate,APP,APC,ImmuneGO by Modules
"ANTIGEN PROCESSING AND PRESENTATION OF EXOGENOUS PROTEIN ANTIGEN VIA MHC CLASS IB, TAP-DEPENDENT","Immune system, Process",3,509,2,66.66666666666666,General,General,Undefined,ImmuneGO by Modules
ANTIGEN PROCESSING AND PRESENTATION OF PEPTIDE ANTIGEN,"APP, Peptide antigen",5,2,2,40,Innate,APP,All,ImmuneGO by Modules
ANTIGEN PROCESSING AND PRESENTATION OF PEPTIDE ANTIGEN VIA MHC CLASS I,"Immune system, Process",9,509,2,22.22222222222222,General,General,Undefined,ImmuneGO by Modules
"ANTIGEN PROCESSING AND PRESENTATION, EXOGENOUS LIPID ANTIGEN VIA MHC CLASS IB",APP,5,20,1,20,Innate,APP,All,ImmuneGO by Modules
ANTIGEN RECEPTOR-MEDIATED SIGNALING PATHWAY,"Signaling, Antigen receptor, Pathway",5,3,3,60,General,Undefined,Undefined,ImmuneGO by Modules
ANTIGEN TRANSCYTOSIS BY M CELLS IN MUCOSAL-ASSOCIATED LYMPHOID TISSUE,"Immune system, Process",2,509,1,50,General,General,Undefined,ImmuneGO by Modules
ANTIMICROBIAL HUMORAL IMMUNE RESPONSE MEDIATED BY ANTIMICROBIAL PEPTIDE,Antimicrobial peptide-mediated immune response,168,55,36,21.428571428571427,General,Humoral,Antimicrobial,ImmuneGO by Modules
ANTIMICROBIAL HUMORAL RESPONSE,Antimicrobial humoral response,5,9,2,40,General,Humoral,Antimicrobial,ImmuneGO by Modules
ANTIVIRAL INNATE IMMUNE RESPONSE,Antiviral innate immune response,67,17,15,22.388059701492537,Innate,Antiviral,Undefined,ImmuneGO by Modules
ASTROCYTE ACTIVATION INVOLVED IN IMMUNE RESPONSE,"Activation, Astrocyte",4,3,3,75,Innate,Innate,Astrocyte,ImmuneGO by Modules
B CELL ACTIVATION,"Activation, B cell",44,25,19,43.18181818181818,Adaptive,Humoral,B cell,ImmuneGO by Modules
B CELL ACTIVATION INVOLVED IN IMMUNE RESPONSE,"Immune system, Process",2,509,1,50,General,General,Undefined,ImmuneGO by Modules
B CELL AFFINITY MATURATION,"Immune system, Process",4,509,1,25,General,General,Undefined,ImmuneGO by Modules
B CELL CHEMOTAXIS,Response to Interferon I,6,5,1,16.666666666666664,Innate,Innate,Interferon 1,ImmuneGO by Modules
B CELL DIFFERENTIATION,"Differentiation, B cell",112,47,39,34.82142857142857,Adaptive,Humoral,B cell,ImmuneGO by Modules
B CELL HOMEOSTASIS,"Homeostasis, B cell",42,12,11,26.190476190476193,Adaptive,Humoral,B cell,ImmuneGO by Modules
B CELL HOMEOSTATIC PROLIFERATION,"Homeostatic proliferation, B cell",2,2,2,100,Adaptive,Humoral,B cell,ImmuneGO by Modules
B CELL LINEAGE COMMITMENT,"Lineage commitment, B cell",5,4,4,80,Adaptive,Humoral,B cell,ImmuneGO by Modules
B CELL MEDIATED IMMUNITY,"Immunity, B cell",7,4,4,57.14285714285714,Adaptive,Humoral,B cell,ImmuneGO by Modules
B CELL NEGATIVE SELECTION,"Homeostasis, B cell",2,12,1,50,Adaptive,Humoral,B cell,ImmuneGO by Modules
B CELL PROLIFERATION,"Proliferation, B cell",74,26,23,31.08108108108108,Adaptive,Humoral,B cell,ImmuneGO by Modules
B CELL PROLIFERATION INVOLVED IN IMMUNE RESPONSE,"Proliferation, Immune response, B cell",9,4,4,44.44444444444444,Adaptive,Humoral,B cell,ImmuneGO by Modules
B CELL RECEPTOR APOPTOTIC SIGNALING PATHWAY,"Homeostasis, B cell",2,12,1,50,Adaptive,Humoral,B cell,ImmuneGO by Modules
B CELL RECEPTOR SIGNALING PATHWAY,"Signaling, BCR, B cell",61,31,25,40.98360655737705,Adaptive,Humoral,B cell,ImmuneGO by Modules
B-1 B CELL DIFFERENTIATION,"Immune system, Process",2,509,1,50,General,General,Undefined,ImmuneGO by Modules
B-1 B CELL HOMEOSTASIS,"Homeostasis, B-1 B cell",6,2,2,33.33333333333333,Adaptive,Humoral,B cell,ImmuneGO by Modules
B-1A B CELL DIFFERENTIATION,"Activation, T cell",4,33,1,25,Adaptive,Cellular,T cell,ImmuneGO by Modules
BASOPHIL CHEMOTAXIS,"Chemotaxis, Basophil",1,1,1,100,Innate,Innate,Basophil,ImmuneGO by Modules
BASOPHIL HOMEOSTASIS,"Ig, Immune response",1,62,1,100,Adaptive,Humoral,B cell,ImmuneGO by Modules
BETA SELECTION,"Selection, Beta",3,3,3,100,Adaptive,Cellular,T cell,ImmuneGO by Modules
BIOSYNTHETIC PROCESS OF ANTIBACTERIAL PEPTIDES ACTIVE AGAINST GRAM-NEGATIVE BACTERIA,"Migration, Leukocyte",1,18,1,100,General,Leukocyte,Leukocyte,ImmuneGO by Modules
BONE MARROW DEVELOPMENT,"Development, Bone marrow",13,5,5,38.46153846153847,Adaptive,Organ,Bone marrow,ImmuneGO by Modules
"CD4-POSITIVE OR CD8-POSITIVE, ALPHA-BETA T CELL LINEAGE COMMITMENT","Signaling, T cell",4,52,1,25,Adaptive,Cellular,T cell,ImmuneGO by Modules
"CD4-POSITIVE, ALPHA-BETA T CELL ACTIVATION","Activation, CD4+, abT cell",4,1,1,25,Adaptive,Cellular,T cell,ImmuneGO by Modules
"CD4-POSITIVE, ALPHA-BETA T CELL COSTIMULATION","Immune system, Process",2,509,1,50,General,General,Undefined,ImmuneGO by Modules
"CD4-POSITIVE, ALPHA-BETA T CELL DIFFERENTIATION","Differentiation, CD4+ T cell",10,2,2,20,Adaptive,Cellular,T cell,ImmuneGO by Modules
"CD4-POSITIVE, ALPHA-BETA T CELL LINEAGE COMMITMENT","Differentiation, Lymphocyte",2,6,1,50,Adaptive,General,Lymphocyte,ImmuneGO by Modules
"CD4-POSITIVE, ALPHA-BETA T CELL PROLIFERATION","Activation, T cell",14,33,2,14.285714285714285,Adaptive,Cellular,T cell,ImmuneGO by Modules
"CD4-POSITIVE, CD25-POSITIVE, ALPHA-BETA REGULATORY T CELL DIFFERENTIATION","Differentiation, CD4+, CD25+, abTreg",5,2,2,40,Adaptive,Cellular,T cell,ImmuneGO by Modules
"CD4-POSITIVE, CD25-POSITIVE, ALPHA-BETA REGULATORY T CELL LINEAGE COMMITMENT","Differentiation, Lymphocyte",3,6,1,33.33333333333333,Adaptive,General,Lymphocyte,ImmuneGO by Modules
"CD8-POSITIVE, ALPHA-BETA T CELL ACTIVATION",APP,25,20,1,4,Innate,APP,All,ImmuneGO by Modules
"CD8-POSITIVE, ALPHA-BETA T CELL DIFFERENTIATION","Differentiation, CD8+, abT cell",9,3,3,33.33333333333333,Adaptive,Cellular,T cell,ImmuneGO by Modules
"CD8-POSITIVE, ALPHA-BETA T CELL DIFFERENTIATION INVOLVED IN IMMUNE RESPONSE","Immune system, Process",4,509,1,25,General,General,Undefined,ImmuneGO by Modules
"CD8-POSITIVE, ALPHA-BETA T CELL LINEAGE COMMITMENT","Lineage commitment, CD8+, abT cell",2,2,2,100,Adaptive,Cellular,T cell,ImmuneGO by Modules
CELL SURFACE PATTERN RECOGNITION RECEPTOR SIGNALING PATHWAY,"Immune system, Process",6,509,3,50,General,General,Undefined,ImmuneGO by Modules
CELLULAR EXTRAVASATION,Cellular extravasation,8,3,2,25,General,General,Leukocyte,ImmuneGO by Modules
CELLULAR RESPONSE TO TYPE II INTERFERON,Cellular response to Interferon II,116,59,43,37.06896551724138,Innate,Interferon,Undefined,ImmuneGO by Modules
CGAS/STING SIGNALING PATHWAY,"Immune system, Process",3,509,2,66.66666666666666,General,General,Undefined,ImmuneGO by Modules
CHRONIC INFLAMMATORY RESPONSE TO ANTIGENIC STIMULUS,Immune response,5,262,1,20,General,General,Undefined,ImmuneGO by Modules
COMPLEMENT ACTIVATION,"Activation, Complement",39,16,11,28.205128205128204,Complement,Complement,Undefined,ImmuneGO by Modules
"COMPLEMENT ACTIVATION, ALTERNATIVE PATHWAY","Immune system, Process",15,509,5,33.33333333333333,General,General,Undefined,ImmuneGO by Modules
"COMPLEMENT ACTIVATION, CLASSICAL PATHWAY","Immune system, Process",44,509,5,11.363636363636363,General,General,Undefined,ImmuneGO by Modules
"COMPLEMENT ACTIVATION, LECTIN PATHWAY","Immune system, Process",18,509,3,16.666666666666664,General,General,Undefined,ImmuneGO by Modules
COMPLEMENT COMPONENT C5A SIGNALING PATHWAY,Immune response,1,262,1,100,General,General,Undefined,ImmuneGO by Modules
COMPLEMENT RECEPTOR MEDIATED SIGNALING PATHWAY,"Complement, Pathway",16,8,5,31.25,Complement,Complement,Undefined,ImmuneGO by Modules
CYTOPLASMIC PATTERN RECOGNITION RECEPTOR SIGNALING PATHWAY,"Immune system, Process",19,509,4,21.052631578947366,General,General,Undefined,ImmuneGO by Modules
CYTOTOXIC T CELL DEGRANULATION,APP,2,20,1,50,Innate,APP,All,ImmuneGO by Modules
DEFINITIVE ERYTHROCYTE DIFFERENTIATION,Immune response,5,262,1,20,General,General,Undefined,ImmuneGO by Modules
DENDRITIC CELL CHEMOTAXIS,"Immune system, Process",17,509,1,5.88235294117647,General,General,Undefined,ImmuneGO by Modules
DENDRITIC CELL HOMEOSTASIS,"Homeostasis, Dendritic cell",4,2,2,50,Innate,APC,Dendritic cell,ImmuneGO by Modules
DENDRITIC CELL MIGRATION,"Migration, Dendritic cell",8,5,5,62.5,Innate,APC,Dendritic cell,ImmuneGO by Modules
DIAPEDESIS,Diapedesis,5,3,3,60,General,General,Leukocyte,ImmuneGO by Modules
DN2 THYMOCYTE DIFFERENTIATION,"Differentiation, T cell, Thymus",4,24,2,50,Adaptive,Cellular,T cell,ImmuneGO by Modules
DN4 THYMOCYTE DIFFERENTIATION,"Signaling, T cell",4,52,1,25,Adaptive,Cellular,T cell,ImmuneGO by Modules
ENUCLEATE ERYTHROCYTE DIFFERENTIATION,"Differentiation, B cell",8,47,2,25,Adaptive,Humoral,B cell,ImmuneGO by Modules
EOSINOPHIL CHEMOTAXIS,"Chemotaxis, Eosinophil",25,16,12,48,Innate,Eosinophil,Eosinophil,ImmuneGO by Modules
EOSINOPHIL DEGRANULATION,"Degranulation, Eosinophil",5,4,3,60,Innate,Eosinophil,Eosinophil,ImmuneGO by Modules
EOSINOPHIL HOMEOSTASIS,"Homeostasis, Neutrophil",3,5,2,66.66666666666666,Innate,Cells,Neutrophil,ImmuneGO by Modules
EOSINOPHIL MIGRATION,"Migration, Eosinophil",1,1,1,100,Innate,Eosinophil,Eosinophil,ImmuneGO by Modules
ERYTHROCYTE DEVELOPMENT,"Differentiation, T cell, Thymus",33,24,2,6.0606060606060606,Adaptive,Cellular,T cell,ImmuneGO by Modules
ERYTHROCYTE DIFFERENTIATION,"Differentiation, B cell",89,47,5,5.617977528089887,Adaptive,Humoral,B cell,ImmuneGO by Modules
ERYTHROCYTE HOMEOSTASIS,"Immune system, Process",14,509,1,7.142857142857142,General,General,Undefined,ImmuneGO by Modules
ERYTHROCYTE MATURATION,"Differentiation, B cell",21,47,1,4.761904761904762,Adaptive,Humoral,B cell,ImmuneGO by Modules
ESTABLISHMENT OF T CELL POLARITY,Establishment of T cell polarity,18,3,3,16.666666666666664,Adaptive,Cellular,T cell,ImmuneGO by Modules
EXTRATHYMIC T CELL SELECTION,Immune response,4,262,1,25,General,General,Undefined,ImmuneGO by Modules
FC RECEPTOR MEDIATED STIMULATORY SIGNALING PATHWAY,"Immune system, Process",4,509,1,25,General,General,Undefined,ImmuneGO by Modules
FC RECEPTOR SIGNALING PATHWAY,"Differentiation, B cell",2,47,1,50,Adaptive,Humoral,B cell,ImmuneGO by Modules
FC-EPSILON RECEPTOR SIGNALING PATHWAY,"Immune system, Process",3,509,1,33.33333333333333,General,General,Undefined,ImmuneGO by Modules
FC-GAMMA RECEPTOR SIGNALING PATHWAY,"Immune system, Process",7,509,2,28.57142857142857,General,General,Undefined,ImmuneGO by Modules
FC-GAMMA RECEPTOR SIGNALING PATHWAY INVOLVED IN PHAGOCYTOSIS,"Immune system, Process",1,509,1,100,General,General,Undefined,ImmuneGO by Modules
FOLLICULAR B CELL DIFFERENTIATION,"Differentiation, folicular B cell",3,4,3,100,Adaptive,Humoral,B cell,ImmuneGO by Modules
GAMMA-DELTA T CELL ACTIVATION,"Activation, gdT cell",3,7,3,100,Adaptive,Cellular,T cell,ImmuneGO by Modules
GAMMA-DELTA T CELL DIFFERENTIATION,"Differentiation, gdT cell",9,4,4,44.44444444444444,Adaptive,Cellular,T cell,ImmuneGO by Modules
GERMINAL CENTER B CELL DIFFERENTIATION,"Differentiation, Germinal center, B cell",9,3,3,33.33333333333333,Adaptive,Humoral,B cell,ImmuneGO by Modules
GERMINAL CENTER FORMATION,"Formation, Germinal center",11,6,6,54.54545454545454,Adaptive,Germinal center,Germinal center,ImmuneGO by Modules
GRANULOCYTE CHEMOTAXIS,"Chemotaxis, Granulocyte",4,2,1,25,Innate,Granulocyte,Granulocyte,ImmuneGO by Modules
GRANULOCYTE MIGRATION,Cellular response to Interferon II,3,59,1,33.33333333333333,Innate,Interferon,Undefined,ImmuneGO by Modules
GRANULOMA FORMATION,"Formation, Granuloma",2,2,2,100,Innate,Innate,Undefined,ImmuneGO by Modules
HELPER T CELL DIAPEDESIS,"Diapedesis, Th cell",2,2,2,100,Adaptive,Cellular,T cell,ImmuneGO by Modules
HELPER T CELL EXTRAVASATION,Immune response,1,262,1,100,General,General,Undefined,ImmuneGO by Modules
HEMATOPOIETIC OR LYMPHOID ORGAN DEVELOPMENT,"Organ development, Hematopoietic or lymphoid",2,2,2,100,General,Organ,Undefined,ImmuneGO by Modules
HISTAMINE SECRETION BY MAST CELL,"Secretion, Histamine, Mast cell",9,4,4,44.44444444444444,Innate,Cells,Mast cell,ImmuneGO by Modules
HISTAMINE SECRETION MEDIATED BY IGE IMMUNOGLOBULIN,"Degranulation, Mast cell",1,14,1,100,Innate,Cells,Mast cell,ImmuneGO by Modules
HUMORAL IMMUNE RESPONSE,Humoral immune response,51,23,12,23.52941176470588,General,Humoral,Undefined,ImmuneGO by Modules
HUMORAL IMMUNE RESPONSE MEDIATED BY CIRCULATING IMMUNOGLOBULIN,"Ig, Humoral immune response",13,3,3,23.076923076923077,Adaptive,Humoral,B cell,ImmuneGO by Modules
IMMATURE B CELL DIFFERENTIATION,"Differentiation, B cell, Immature",7,5,5,71.42857142857143,Adaptive,Humoral,B cell,ImmuneGO by Modules
IMMATURE T CELL PROLIFERATION IN THYMUS,"Proliferation, thymus, T cell, immature",7,2,2,28.57142857142857,Adaptive,Humoral,B cell,ImmuneGO by Modules
IMMUNE COMPLEX CLEARANCE,"Immune system, Process",3,509,2,66.66666666666666,General,General,Undefined,ImmuneGO by Modules
IMMUNE RESPONSE,Immune response,424,262,90,21.22641509433962,General,General,Undefined,ImmuneGO by Modules
IMMUNE RESPONSE IN NASOPHARYNGEAL-ASSOCIATED LYMPHOID TISSUE,"Immune response, Nasopharyngeal",3,1,1,33.33333333333333,General,General,Undefined,ImmuneGO by Modules
IMMUNE RESPONSE TO TUMOR CELL,T cell-mediated cytotoxicity,2,10,1,50,Adaptive,Cellular,T cell,ImmuneGO by Modules
IMMUNE RESPONSE-ACTIVATING CELL SURFACE RECEPTOR SIGNALING PATHWAY,"Immune system, Process",2,509,1,50,General,General,Undefined,ImmuneGO by Modules
IMMUNE RESPONSE-INHIBITING SIGNAL TRANSDUCTION,"Proliferation, T cell",1,26,1,100,Adaptive,Cellular,T cell,ImmuneGO by Modules
IMMUNE RESPONSE-REGULATING CELL SURFACE RECEPTOR SIGNALING PATHWAY,"Immune system, Process",11,509,2,18.181818181818183,General,General,Undefined,ImmuneGO by Modules
IMMUNE RESPONSE-REGULATING SIGNALING PATHWAY,Adaptive Immune response,2,330,1,50,Adaptive,General,Lymphocyte,ImmuneGO by Modules
IMMUNE SYSTEM DEVELOPMENT,"Immune system, Development",5,4,4,80,General,General,Undefined,ImmuneGO by Modules
IMMUNOGLOBULIN HEAVY CHAIN V-D-J RECOMBINATION,"Differentiation, B cell",3,47,1,33.33333333333333,Adaptive,Humoral,B cell,ImmuneGO by Modules
IMMUNOGLOBULIN MEDIATED IMMUNE RESPONSE,"Ig, Immune response",162,62,10,6.172839506172839,Adaptive,Humoral,B cell,ImmuneGO by Modules
IMMUNOGLOBULIN PRODUCTION,Immune response,136,262,5,3.6764705882352944,General,General,Undefined,ImmuneGO by Modules
IMMUNOGLOBULIN PRODUCTION INVOLVED IN IMMUNOGLOBULIN-MEDIATED IMMUNE RESPONSE,Immune response,9,262,1,11.11111111111111,General,General,Undefined,ImmuneGO by Modules
IMMUNOGLOBULIN V(D)J RECOMBINATION,"V(D)J, Ig",12,3,3,25,Adaptive,Humoral,B cell,ImmuneGO by Modules
IMMUNOLOGICAL SYNAPSE FORMATION,"Formation, Immunological synapse",14,6,6,42.857142857142854,Adaptive,Cellular,T cell,ImmuneGO by Modules
INFLAMMATORY RESPONSE TO ANTIGENIC STIMULUS,"Inflammatory response, Antigenic stimulus",27,12,11,40.74074074074074,Innate,Inflammation,Undefined,ImmuneGO by Modules
INNATE IMMUNE RESPONSE,Innate immune response,585,250,153,26.153846153846157,Innate,General,Innate,ImmuneGO by Modules
INNATE IMMUNE RESPONSE IN MUCOSA,Antimicrobial peptide-mediated immune response,73,55,9,12.32876712328767,General,Humoral,Antimicrobial,ImmuneGO by Modules
INNATE IMMUNE RESPONSE-ACTIVATING SIGNALING PATHWAY,"Immune system, Process",1,509,1,100,General,General,Undefined,ImmuneGO by Modules
ISOTYPE SWITCHING,Isotype switching,22,9,9,40.909090909090914,Adaptive,Humoral,B cell,ImmuneGO by Modules
ISOTYPE SWITCHING TO IGE ISOTYPES,"Isotype switching, IgE",5,2,2,40,Adaptive,Humoral,B cell,ImmuneGO by Modules
ISOTYPE SWITCHING TO IGG ISOTYPES,"Activation, T cell",2,33,1,50,Adaptive,Cellular,T cell,ImmuneGO by Modules
LANGERHANS CELL DIFFERENTIATION,"Differentiation, Langerhans",4,3,3,75,Innate,APC,APC,ImmuneGO by Modules
LEUKOCYTE ACTIVATION,"Activation, Leukocyte",2,3,2,100,General,Leukocyte,Leukocyte,ImmuneGO by Modules
LEUKOCYTE ACTIVATION INVOLVED IN IMMUNE RESPONSE,"Immune system, Process",4,509,2,50,General,General,Undefined,ImmuneGO by Modules
LEUKOCYTE ACTIVATION INVOLVED IN INFLAMMATORY RESPONSE,Immune response,5,262,1,20,General,General,Undefined,ImmuneGO by Modules
LEUKOCYTE CHEMOTAXIS,Immune response,19,262,8,42.10526315789473,General,General,Undefined,ImmuneGO by Modules
LEUKOCYTE CHEMOTAXIS INVOLVED IN INFLAMMATORY RESPONSE,"Chemotaxis, Inflammatory response, Leukocyte",12,4,4,33.33333333333333,General,Leukocyte,Leukocyte,ImmuneGO by Modules
LEUKOCYTE HOMEOSTASIS,"Homeostasis, Leukocyte",9,4,3,33.33333333333333,General,Leukocyte,Leukocyte,ImmuneGO by Modules
LEUKOCYTE MEDIATED CYTOTOXICITY,Innate immune response,3,250,1,33.33333333333333,Innate,General,Innate,ImmuneGO by Modules
LEUKOCYTE MEDIATED IMMUNITY,"Immune system, Process",2,509,1,50,General,General,Undefined,ImmuneGO by Modules
LEUKOCYTE MIGRATION,"Migration, Leukocyte",33,18,14,42.42424242424242,General,Leukocyte,Leukocyte,ImmuneGO by Modules
LEUKOCYTE MIGRATION INVOLVED IN IMMUNE RESPONSE,"Migration, T cell",2,9,1,50,Adaptive,Cellular,T cell,ImmuneGO by Modules
LEUKOCYTE MIGRATION INVOLVED IN INFLAMMATORY RESPONSE,"Migration, Inflammatory response, Leukocyte",22,6,5,22.727272727272727,General,Leukocyte,Leukocyte,ImmuneGO by Modules
LEUKOCYTE TETHERING OR ROLLING,"Tethering or roling, Leukocyte",30,12,12,40,General,Leukocyte,Leukocyte,ImmuneGO by Modules
LYMPH NODE DEVELOPMENT,"Development, Lymph node",34,9,8,23.52941176470588,General,Organ,Lymphocyte,ImmuneGO by Modules
LYMPHOCYTE ACTIVATION,"Activation, Lymphocyte",9,4,4,44.44444444444444,Adaptive,General,Lymphocyte,ImmuneGO by Modules
LYMPHOCYTE CHEMOTAXIS,"Chemotaxis, Lymphocyte",31,18,13,41.935483870967744,Adaptive,General,Lymphocyte,ImmuneGO by Modules
LYMPHOCYTE CHEMOTAXIS ACROSS HIGH ENDOTHELIAL VENULE,Immune response,2,262,1,50,General,General,Undefined,ImmuneGO by Modules
LYMPHOCYTE DIFFERENTIATION,"Differentiation, Lymphocyte",17,6,6,35.294117647058826,Adaptive,General,Lymphocyte,ImmuneGO by Modules
LYMPHOCYTE HOMEOSTASIS,"Homeostasis, Lymphocyte",17,7,7,41.17647058823529,Adaptive,General,Lymphocyte,ImmuneGO by Modules
LYMPHOCYTE MIGRATION,"Migration, Lymphocyte",7,2,2,28.57142857142857,Adaptive,General,Lymphocyte,ImmuneGO by Modules
LYMPHOCYTE MIGRATION INTO LYMPH NODE,"Migration, Lymphonode, Lymphocyte",4,3,3,75,Adaptive,General,Lymphocyte,ImmuneGO by Modules
LYMPHOCYTE MIGRATION INTO LYMPHOID ORGANS,"Migration, Lymphoid organs, Lymphocyte",6,3,3,50,Adaptive,General,Lymphocyte,ImmuneGO by Modules
LYMPHOCYTE PROLIFERATION,"Proliferation, Lymphocyte",12,6,6,50,Adaptive,General,Lymphocyte,ImmuneGO by Modules
MACROPHAGE ACTIVATION,"Activation, Macrophage",27,10,9,33.33333333333333,Innate,APC,Macrophage,ImmuneGO by Modules
MACROPHAGE ACTIVATION INVOLVED IN IMMUNE RESPONSE,"Activation, Immune response, Macrophage",26,7,7,26.923076923076923,Innate,APC,Macrophage,ImmuneGO by Modules
MACROPHAGE CHEMOTAXIS,"Chemotaxis, Macrophage",18,12,8,44.44444444444444,Innate,APC,Macrophage,ImmuneGO by Modules
MACROPHAGE CYTOKINE PRODUCTION,"Immune system, Process",49,509,7,14.285714285714285,General,General,Undefined,ImmuneGO by Modules
MACROPHAGE HOMEOSTASIS,"Homeostasis, Macrophage",3,2,2,66.66666666666666,Innate,APC,Macrophage,ImmuneGO by Modules
MACROPHAGE MIGRATION,"Migration, Macrophage",8,5,5,62.5,Innate,APC,Macrophage,ImmuneGO by Modules
MARGINAL ZONE B CELL DIFFERENTIATION,"Differentiation, B cell, Marginal zone",11,4,4,36.36363636363637,Adaptive,Humoral,B cell,ImmuneGO by Modules
MAST CELL ACTIVATION,Innate immune response,24,250,4,16.666666666666664,Innate,General,Innate,ImmuneGO by Modules
MAST CELL APOPTOTIC PROCESS,"Immune system, Process",6,509,1,16.666666666666664,General,General,Undefined,ImmuneGO by Modules
MAST CELL CHEMOTAXIS,"Degranulation, Mast cell",5,14,2,40,Innate,Cells,Mast cell,ImmuneGO by Modules
MAST CELL CYTOKINE PRODUCTION,"Immune system, Process",8,509,3,37.5,General,General,Undefined,ImmuneGO by Modules
MAST CELL DEGRANULATION,"Degranulation, Mast cell",39,14,12,30.76923076923077,Innate,Cells,Mast cell,ImmuneGO by Modules
MAST CELL HOMEOSTASIS,"Immune system, Process",1,509,1,100,General,General,Undefined,ImmuneGO by Modules
MAST CELL MEDIATED IMMUNITY,"Immunity, Mast cell",2,2,1,50,Innate,Cells,Mast cell,ImmuneGO by Modules
MAST CELL MIGRATION,"Differentiation, B cell",3,47,1,33.33333333333333,Adaptive,Humoral,B cell,ImmuneGO by Modules
MATURE B CELL APOPTOTIC PROCESS,"Activation, T cell",1,33,1,100,Adaptive,Cellular,T cell,ImmuneGO by Modules
MATURE B CELL DIFFERENTIATION,Immune response,2,262,1,50,General,General,Undefined,ImmuneGO by Modules
MATURE B CELL DIFFERENTIATION INVOLVED IN IMMUNE RESPONSE,"Differentiation, Immune response, B cell, Mature",3,4,2,66.66666666666666,Adaptive,Humoral,B cell,ImmuneGO by Modules
MATURE NATURAL KILLER CELL CHEMOTAXIS,Immune response,1,262,1,100,General,General,Undefined,ImmuneGO by Modules
MEMORY B CELL DIFFERENTIATION,"Differentiation, B cell, Memory",1,1,1,100,Adaptive,Humoral,B cell,ImmuneGO by Modules
MEMORY T CELL ACTIVATION,Immune response,2,262,1,50,General,General,Undefined,ImmuneGO by Modules
MEMORY T CELL EXTRAVASATION,NA,2,2,1,50,Adaptive,Cellular,T cell,ImmuneGO by Modules
MEMORY T CELL PROLIFERATION,"Formation, Immunological synapse",1,6,1,100,Adaptive,Cellular,T cell,ImmuneGO by Modules
MICROGLIAL CELL ACTIVATION,"Activation, Microglial cell",36,13,11,30.555555555555557,Innate,Cellular,Microglial cell,ImmuneGO by Modules
MICROGLIAL CELL ACTIVATION INVOLVED IN IMMUNE RESPONSE,"Activation, Immune response, Microglial cell",5,3,2,40,Innate,Cellular,Microglial cell,ImmuneGO by Modules
MICROGLIAL CELL MIGRATION,Immune response,1,262,1,100,General,General,Undefined,ImmuneGO by Modules
MONOCYTE ACTIVATION,"Activation, Monocyte",6,6,1,16.666666666666664,Innate,APC,Monocyte,ImmuneGO by Modules
MONOCYTE CHEMOTAXIS,"Chemotaxis, Monocyte",36,22,16,44.44444444444444,Innate,APC,Monocyte,ImmuneGO by Modules
MONOCYTE EXTRAVASATION,"Extravasation, Monocyte",5,4,4,80,Innate,APC,Monocyte,ImmuneGO by Modules
MONOCYTE HOMEOSTASIS,"Homeostasis, Neutrophil",5,5,2,40,Innate,Cells,Neutrophil,ImmuneGO by Modules
MONONUCLEAR CELL MIGRATION,"Immune system, Process",4,509,1,25,General,General,Undefined,ImmuneGO by Modules
MUCOSA-ASSOCIATED LYMPHOID TISSUE DEVELOPMENT,"Development, Lymph node",2,9,1,50,General,Organ,Lymphocyte,ImmuneGO by Modules
MUCOSAL IMMUNE RESPONSE,"Immune response, Mucosa",7,4,4,57.14285714285714,General,Immune response,Mucosa,ImmuneGO by Modules
MYD88-DEPENDENT TOLL-LIKE RECEPTOR SIGNALING PATHWAY,"PRR, TLR MyD88 dep",13,5,3,23.076923076923077,Innate,PRR,All,ImmuneGO by Modules
MYD88-INDEPENDENT TOLL-LIKE RECEPTOR SIGNALING PATHWAY,"Immune system, Process",3,509,1,33.33333333333333,General,General,Undefined,ImmuneGO by Modules
MYELOID CELL HOMEOSTASIS,"Homeostasis, Myeloid cell",13,6,6,46.15384615384615,Innate,Cellular,NK T cell,ImmuneGO by Modules
MYELOID DENDRITIC CELL ACTIVATION,"Immune system, Process",6,509,1,16.666666666666664,General,General,Undefined,ImmuneGO by Modules
MYELOID DENDRITIC CELL CHEMOTAXIS,"Chemotaxis, Dendritic cell, Myeloid",9,2,2,22.22222222222222,Innate,APC,Dendritic cell,ImmuneGO by Modules
MYELOID DENDRITIC CELL DIFFERENTIATION,"Differentiation, Myeloid Dendritic cell",21,8,7,33.33333333333333,Innate,APC,Dendritic cell,ImmuneGO by Modules
MYELOID LEUKOCYTE MIGRATION,"Migration, Myeloid leukocyte",4,4,4,100,General,Cells,Leukocyte,ImmuneGO by Modules
NATURAL KILLER CELL ACTIVATION,"Activation, NK cell",15,8,5,33.33333333333333,Innate,Cells,NK cell,ImmuneGO by Modules
NATURAL KILLER CELL ACTIVATION INVOLVED IN IMMUNE RESPONSE,"Activation, Immune response, NK cell",31,3,2,6.451612903225806,Innate,Cells,NK cell,ImmuneGO by Modules
NATURAL KILLER CELL CYTOKINE PRODUCTION,Immune response,3,262,1,33.33333333333333,General,General,Undefined,ImmuneGO by Modules
NATURAL KILLER CELL DEGRANULATION,"Degranulation, NK cell",7,6,4,57.14285714285714,Innate,Cells,NK cell,ImmuneGO by Modules
NATURAL KILLER CELL DIFFERENTIATION,"Differentiation, NK cell",32,9,9,28.125,Innate,Cells,NK cell,ImmuneGO by Modules
NATURAL KILLER CELL MEDIATED CYTOTOXICITY,"Cytotoxicity, NK cell",28,15,8,28.57142857142857,Innate,Cells,NK cell,ImmuneGO by Modules
NATURAL KILLER CELL PROLIFERATION,"Proliferation, NK cell",7,3,3,42.857142857142854,Innate,Cells,NK cell,ImmuneGO by Modules
NEGATIVE REGULATION OF ACTIVATED T CELL PROLIFERATION,"Immune system, Process",16,509,2,12.5,General,General,Undefined,ImmuneGO by Modules
NEGATIVE REGULATION OF ACTIVATION-INDUCED CELL DEATH OF T CELLS,Immune response,6,262,2,33.33333333333333,General,General,Undefined,ImmuneGO by Modules
NEGATIVE REGULATION OF ACUTE INFLAMMATORY RESPONSE TO ANTIGENIC STIMULUS,Immune response,5,262,1,20,General,General,Undefined,ImmuneGO by Modules
NEGATIVE REGULATION OF ADAPTIVE IMMUNE MEMORY RESPONSE,"Immune system, Process",2,509,1,50,General,General,Undefined,ImmuneGO by Modules
NEGATIVE REGULATION OF ADAPTIVE IMMUNE RESPONSE,Innate immune response,3,250,1,33.33333333333333,Innate,General,Innate,ImmuneGO by Modules
NEGATIVE REGULATION OF ALPHA-BETA T CELL DIFFERENTIATION,"Differentiation, T cell, Thymus",3,24,1,33.33333333333333,Adaptive,Cellular,T cell,ImmuneGO by Modules
NEGATIVE REGULATION OF ALPHA-BETA T CELL PROLIFERATION,"Immune system, Process",4,509,1,25,General,General,Undefined,ImmuneGO by Modules
NEGATIVE REGULATION OF ANTIFUNGAL INNATE IMMUNE RESPONSE,Antimicrobial peptide-mediated immune response,2,55,1,50,General,Humoral,Antimicrobial,ImmuneGO by Modules
NEGATIVE REGULATION OF ANTIGEN PROCESSING AND PRESENTATION OF PEPTIDE OR POLYSACCHARIDE ANTIGEN VIA MHC CLASS II,Immune response,1,262,1,100,General,General,Undefined,ImmuneGO by Modules
NEGATIVE REGULATION OF B CELL ACTIVATION,"Activation, B cell",12,25,3,25,Adaptive,Humoral,B cell,ImmuneGO by Modules
NEGATIVE REGULATION OF B CELL DIFFERENTIATION,"Differentiation, B cell",5,47,1,20,Adaptive,Humoral,B cell,ImmuneGO by Modules
NEGATIVE REGULATION OF B CELL PROLIFERATION,"Immune system, Process",25,509,3,12,General,General,Undefined,ImmuneGO by Modules
NEGATIVE REGULATION OF B CELL RECEPTOR SIGNALING PATHWAY,"Activation, B cell",10,25,1,10,Adaptive,Humoral,B cell,ImmuneGO by Modules
"NEGATIVE REGULATION OF CD4-POSITIVE, ALPHA-BETA T CELL ACTIVATION","Immune system, Process",2,509,1,50,General,General,Undefined,ImmuneGO by Modules
"NEGATIVE REGULATION OF CD4-POSITIVE, ALPHA-BETA T CELL COSTIMULATION","Immune system, Process",1,509,1,100,General,General,Undefined,ImmuneGO by Modules
"NEGATIVE REGULATION OF CD4-POSITIVE, ALPHA-BETA T CELL DIFFERENTIATION","Immune system, Process",4,509,1,25,General,General,Undefined,ImmuneGO by Modules
"NEGATIVE REGULATION OF CD4-POSITIVE, ALPHA-BETA T CELL PROLIFERATION","Immune system, Process",14,509,3,21.428571428571427,General,General,Undefined,ImmuneGO by Modules
NEGATIVE REGULATION OF CELLULAR EXTRAVASATION,Immune response,3,262,1,33.33333333333333,General,General,Undefined,ImmuneGO by Modules
NEGATIVE REGULATION OF CGAS/STING SIGNALING PATHWAY,"Immune system, Process",14,509,3,21.428571428571427,General,General,Undefined,ImmuneGO by Modules
NEGATIVE REGULATION OF CHRONIC INFLAMMATORY RESPONSE TO ANTIGENIC STIMULUS,Immune response,1,262,1,100,General,General,Undefined,ImmuneGO by Modules
NEGATIVE REGULATION OF COMPLEMENT ACTIVATION,"Immune system, Process",7,509,2,28.57142857142857,General,General,Undefined,ImmuneGO by Modules
"NEGATIVE REGULATION OF COMPLEMENT ACTIVATION, ALTERNATIVE PATHWAY","Immune system, Process",4,509,1,25,General,General,Undefined,ImmuneGO by Modules
"NEGATIVE REGULATION OF COMPLEMENT ACTIVATION, CLASSICAL PATHWAY","Immune system, Process",10,509,3,30,General,General,Undefined,ImmuneGO by Modules
NEGATIVE REGULATION OF CYTOKINE PRODUCTION INVOLVED IN IMMUNE RESPONSE,Immune response,5,262,1,20,General,General,Undefined,ImmuneGO by Modules
NEGATIVE REGULATION OF CYTOPLASMIC PATTERN RECOGNITION RECEPTOR SIGNALING PATHWAY,"Immune system, Process",4,509,1,25,General,General,Undefined,ImmuneGO by Modules
NEGATIVE REGULATION OF CYTOTOXIC T CELL DEGRANULATION,"Chemotaxis, Neutrophil",1,48,1,100,Innate,Cells,Neutrophil,ImmuneGO by Modules
NEGATIVE REGULATION OF DENDRITIC CELL ANTIGEN PROCESSING AND PRESENTATION,Immune response,3,262,1,33.33333333333333,General,General,Undefined,ImmuneGO by Modules
NEGATIVE REGULATION OF DENDRITIC CELL CYTOKINE PRODUCTION,"Immune system, Process",1,509,1,100,General,General,Undefined,ImmuneGO by Modules
NEGATIVE REGULATION OF DENDRITIC CELL DIFFERENTIATION,"Differentiation, Dendritic cell, Plasmacytoid",4,2,1,25,Innate,APC,Dendritic cell,ImmuneGO by Modules
NEGATIVE REGULATION OF EOSINOPHIL DEGRANULATION,Immune response,1,262,1,100,General,General,Undefined,ImmuneGO by Modules
NEGATIVE REGULATION OF EOSINOPHIL EXTRAVASATION,Immune response,1,262,1,100,General,General,Undefined,ImmuneGO by Modules
NEGATIVE REGULATION OF ERYTHROCYTE DIFFERENTIATION,"Differentiation, T cell, Thymus",11,24,2,18.181818181818183,Adaptive,Cellular,T cell,ImmuneGO by Modules
NEGATIVE REGULATION OF GERMINAL CENTER FORMATION,"Signaling, T cell",2,52,1,50,Adaptive,Cellular,T cell,ImmuneGO by Modules
NEGATIVE REGULATION OF GRANULOCYTE DIFFERENTIATION,"Differentiation, Dendritic cell, Plasmacytoid",9,2,1,11.11111111111111,Innate,APC,Dendritic cell,ImmuneGO by Modules
NEGATIVE REGULATION OF GRANULOMA FORMATION,"Homeostasis, B-1 B cell",1,2,1,100,Adaptive,Humoral,B cell,ImmuneGO by Modules
NEGATIVE REGULATION OF GRANULOMA FORMATION,"PRR, NOD",1,2,1,100,Innate,PRR,All,ImmuneGO by Modules
NEGATIVE REGULATION OF GRANULOMA FORMATION,"Tolerance, Induction, LPS",1,2,1,100,Adaptive,Tolerance,Undefined,ImmuneGO by Modules
NEGATIVE REGULATION OF HUMORAL IMMUNE RESPONSE MEDIATED BY CIRCULATING IMMUNOGLOBULIN,Immune response,3,262,1,33.33333333333333,General,General,Undefined,ImmuneGO by Modules
NEGATIVE REGULATION OF IMMATURE T CELL PROLIFERATION IN THYMUS,Immune response,6,262,1,16.666666666666664,General,General,Undefined,ImmuneGO by Modules
NEGATIVE REGULATION OF IMMUNE RESPONSE,"Immune system, Process",11,509,1,9.090909090909092,General,General,Undefined,ImmuneGO by Modules
NEGATIVE REGULATION OF IMMUNOGLOBULIN PRODUCTION,"Immune system, Process",11,509,1,9.090909090909092,General,General,Undefined,ImmuneGO by Modules
NEGATIVE REGULATION OF IMMUNOLOGICAL SYNAPSE FORMATION,"Immune system, Process",2,509,1,50,General,General,Undefined,ImmuneGO by Modules
NEGATIVE REGULATION OF INFLAMMATORY RESPONSE TO ANTIGENIC STIMULUS,"Immune system, Process",13,509,2,15.384615384615385,General,General,Undefined,ImmuneGO by Modules
NEGATIVE REGULATION OF INNATE IMMUNE RESPONSE,Innate immune response,50,250,4,8,Innate,General,Innate,ImmuneGO by Modules
NEGATIVE REGULATION OF ISOTYPE SWITCHING TO IGE ISOTYPES,"Immune system, Process",4,509,1,25,General,General,Undefined,ImmuneGO by Modules
NEGATIVE REGULATION OF LEUKOCYTE ACTIVATION,"Differentiation, Dendritic cell, Plasmacytoid",2,2,1,50,Innate,APC,Dendritic cell,ImmuneGO by Modules
NEGATIVE REGULATION OF LEUKOCYTE MIGRATION,"Activation, T cell",8,33,1,12.5,Adaptive,Cellular,T cell,ImmuneGO by Modules
NEGATIVE REGULATION OF LEUKOCYTE TETHERING OR ROLLING,Immune response,8,262,1,12.5,General,General,Undefined,ImmuneGO by Modules
NEGATIVE REGULATION OF LYMPHOCYTE ACTIVATION,"Differentiation, NK cell",3,9,3,100,Innate,Cells,NK cell,ImmuneGO by Modules
NEGATIVE REGULATION OF LYMPHOCYTE MIGRATION,"Costimulation, T cell",6,22,1,16.666666666666664,Adaptive,Cellular,T cell,ImmuneGO by Modules
NEGATIVE REGULATION OF LYMPHOCYTE PROLIFERATION,"Immune system, Process",7,509,1,14.285714285714285,General,General,Undefined,ImmuneGO by Modules
NEGATIVE REGULATION OF MACROPHAGE ACTIVATION,"Immune system, Process",8,509,1,12.5,General,General,Undefined,ImmuneGO by Modules
NEGATIVE REGULATION OF MACROPHAGE CHEMOTAXIS,"Immune system, Process",6,509,1,16.666666666666664,General,General,Undefined,ImmuneGO by Modules
NEGATIVE REGULATION OF MACROPHAGE CYTOKINE PRODUCTION,"Immune system, Process",17,509,3,17.647058823529413,General,General,Undefined,ImmuneGO by Modules
NEGATIVE REGULATION OF MACROPHAGE DIFFERENTIATION,"Differentiation, B cell",7,47,1,14.285714285714285,Adaptive,Humoral,B cell,ImmuneGO by Modules
NEGATIVE REGULATION OF MACROPHAGE MIGRATION,"Migration, Macrophage",6,5,1,16.666666666666664,Innate,APC,Macrophage,ImmuneGO by Modules
NEGATIVE REGULATION OF MAST CELL ACTIVATION,Immune response,8,262,1,12.5,General,General,Undefined,ImmuneGO by Modules
NEGATIVE REGULATION OF MAST CELL ACTIVATION INVOLVED IN IMMUNE RESPONSE,"Signaling, T cell",7,52,1,14.285714285714285,Adaptive,Cellular,T cell,ImmuneGO by Modules
NEGATIVE REGULATION OF MAST CELL APOPTOTIC PROCESS,"Immune system, Process",5,509,1,20,General,General,Undefined,ImmuneGO by Modules
NEGATIVE REGULATION OF MAST CELL CYTOKINE PRODUCTION,"Immune system, Process",3,509,1,33.33333333333333,General,General,Undefined,ImmuneGO by Modules
NEGATIVE REGULATION OF MAST CELL DIFFERENTIATION,"Lineage commitment, Th cell",1,1,1,100,Adaptive,Cellular,T helper,ImmuneGO by Modules
NEGATIVE REGULATION OF MATURE B CELL APOPTOTIC PROCESS,"Immune system, Process",5,509,2,40,General,General,Undefined,ImmuneGO by Modules
NEGATIVE REGULATION OF MDA-5 SIGNALING PATHWAY,"Immune system, Process",4,509,1,25,General,General,Undefined,ImmuneGO by Modules
NEGATIVE REGULATION OF MEGAKARYOCYTE DIFFERENTIATION,"Differentiation, Th2 cell",4,7,1,25,Adaptive,Cellular,T helper,ImmuneGO by Modules
NEGATIVE REGULATION OF MICROGLIAL CELL ACTIVATION,Innate immune response,9,250,1,11.11111111111111,Innate,General,Innate,ImmuneGO by Modules
NEGATIVE REGULATION OF MICROGLIAL CELL MEDIATED CYTOTOXICITY,"Immune system, Process",1,509,1,100,General,General,Undefined,ImmuneGO by Modules
NEGATIVE REGULATION OF MONOCYTE DIFFERENTIATION,"Differentiation, T cell, Thymus",8,24,1,12.5,Adaptive,Cellular,T cell,ImmuneGO by Modules
NEGATIVE REGULATION OF MYD88-INDEPENDENT TOLL-LIKE RECEPTOR SIGNALING PATHWAY,"Immune system, Process",1,509,1,100,General,General,Undefined,ImmuneGO by Modules
NEGATIVE REGULATION OF MYELOID CELL DIFFERENTIATION,"Signaling, BCR, B cell",24,31,1,4.166666666666666,Adaptive,Humoral,B cell,ImmuneGO by Modules
NEGATIVE REGULATION OF MYELOID DENDRITIC CELL ACTIVATION,Immune response,4,262,1,25,General,General,Undefined,ImmuneGO by Modules
NEGATIVE REGULATION OF NATURAL KILLER CELL ACTIVATION,"Immune system, Process",31,509,2,6.451612903225806,General,General,Undefined,ImmuneGO by Modules
NEGATIVE REGULATION OF NATURAL KILLER CELL CYTOKINE PRODUCTION,Immune response,1,262,1,100,General,General,Undefined,ImmuneGO by Modules
NEGATIVE REGULATION OF NATURAL KILLER CELL DEGRANULATION,"Immune system, Process",1,509,1,100,General,General,Undefined,ImmuneGO by Modules
NEGATIVE REGULATION OF NATURAL KILLER CELL MEDIATED CYTOTOXICITY,"Diapedesis, Th cell",34,2,1,2.941176470588235,Adaptive,Cellular,T cell,ImmuneGO by Modules
NEGATIVE REGULATION OF NEUTROPHIL ACTIVATION,"Activation, Astrocyte",2,3,1,50,Innate,Innate,Astrocyte,ImmuneGO by Modules
NEGATIVE REGULATION OF NEUTROPHIL ACTIVATION,"Activation, Immune response, Microglial cell",2,3,1,50,Innate,Cellular,Microglial cell,ImmuneGO by Modules
NEGATIVE REGULATION OF NEUTROPHIL APOPTOTIC PROCESS,Immune response,4,262,2,50,General,General,Undefined,ImmuneGO by Modules
NEGATIVE REGULATION OF NEUTROPHIL CHEMOTAXIS,"Activation, T cell",4,33,1,25,Adaptive,Cellular,T cell,ImmuneGO by Modules
NEGATIVE REGULATION OF NEUTROPHIL DEGRANULATION,"Differentiation, Myeloid Dendritic cell",3,8,1,33.33333333333333,Innate,APC,Dendritic cell,ImmuneGO by Modules
NEGATIVE REGULATION OF NLRP3 INFLAMMASOME COMPLEX ASSEMBLY,"Immune system, Process",18,509,1,5.555555555555555,General,General,Undefined,ImmuneGO by Modules
NEGATIVE REGULATION OF NUCLEOTIDE-BINDING OLIGOMERIZATION DOMAIN CONTAINING 1 SIGNALING PATHWAY,"Homeostasis, B-1 B cell",1,2,1,100,Adaptive,Humoral,B cell,ImmuneGO by Modules
NEGATIVE REGULATION OF NUCLEOTIDE-BINDING OLIGOMERIZATION DOMAIN CONTAINING 1 SIGNALING PATHWAY,"PRR, NOD",1,2,1,100,Innate,PRR,All,ImmuneGO by Modules
NEGATIVE REGULATION OF NUCLEOTIDE-BINDING OLIGOMERIZATION DOMAIN CONTAINING 1 SIGNALING PATHWAY,"Tolerance, Induction, LPS",1,2,1,100,Adaptive,Tolerance,Undefined,ImmuneGO by Modules
NEGATIVE REGULATION OF NUCLEOTIDE-BINDING OLIGOMERIZATION DOMAIN CONTAINING 2 SIGNALING PATHWAY,"Homeostasis, B-1 B cell",6,2,1,16.666666666666664,Adaptive,Humoral,B cell,ImmuneGO by Modules
NEGATIVE REGULATION OF NUCLEOTIDE-BINDING OLIGOMERIZATION DOMAIN CONTAINING 2 SIGNALING PATHWAY,"PRR, NOD",6,2,1,16.666666666666664,Innate,PRR,All,ImmuneGO by Modules
NEGATIVE REGULATION OF NUCLEOTIDE-BINDING OLIGOMERIZATION DOMAIN CONTAINING 2 SIGNALING PATHWAY,"Tolerance, Induction, LPS",6,2,1,16.666666666666664,Adaptive,Tolerance,Undefined,ImmuneGO by Modules
NEGATIVE REGULATION OF OSTEOCLAST DIFFERENTIATION,"Differentiation, T cell",48,29,2,4.166666666666666,Adaptive,Cellular,T cell,ImmuneGO by Modules
NEGATIVE REGULATION OF PLASMA CELL DIFFERENTIATION,"Immune system, Process",2,509,1,50,General,General,Undefined,ImmuneGO by Modules
NEGATIVE REGULATION OF PLASMACYTOID DENDRITIC CELL CYTOKINE PRODUCTION,"Immune system, Process",1,509,1,100,General,General,Undefined,ImmuneGO by Modules
NEGATIVE REGULATION OF POSITIVE THYMIC T CELL SELECTION,"Differentiation, B cell",1,47,1,100,Adaptive,Humoral,B cell,ImmuneGO by Modules
NEGATIVE REGULATION OF REGULATORY T CELL DIFFERENTIATION,"Immune system, Process",8,509,3,37.5,General,General,Undefined,ImmuneGO by Modules
NEGATIVE REGULATION OF RESPIRATORY BURST INVOLVED IN INFLAMMATORY RESPONSE,Antimicrobial peptide-mediated immune response,6,55,1,16.666666666666664,General,Humoral,Antimicrobial,ImmuneGO by Modules
NEGATIVE REGULATION OF RIG-I SIGNALING PATHWAY,"Immune system, Process",12,509,2,16.666666666666664,General,General,Undefined,ImmuneGO by Modules
NEGATIVE REGULATION OF T CELL ACTIVATION,"Immune system, Process",37,509,6,16.216216216216218,General,General,Undefined,ImmuneGO by Modules
NEGATIVE REGULATION OF T CELL ACTIVATION VIA T CELL RECEPTOR CONTACT WITH ANTIGEN BOUND TO MHC MOLECULE ON ANTIGEN PRESENTING CELL,"Immune system, Process",2,509,1,50,General,General,Undefined,ImmuneGO by Modules
NEGATIVE REGULATION OF T CELL ANERGY,"Immune system, Process",1,509,1,100,General,General,Undefined,ImmuneGO by Modules
NEGATIVE REGULATION OF T CELL DIFFERENTIATION,"Differentiation, T cell",5,29,2,40,Adaptive,Cellular,T cell,ImmuneGO by Modules
NEGATIVE REGULATION OF T CELL DIFFERENTIATION IN THYMUS,"Signaling, T cell",8,52,1,12.5,Adaptive,Cellular,T cell,ImmuneGO by Modules
NEGATIVE REGULATION OF T CELL EXTRAVASATION,Immune response,1,262,1,100,General,General,Undefined,ImmuneGO by Modules
NEGATIVE REGULATION OF T CELL MEDIATED CYTOTOXICITY,"Differentiation, T cell",4,29,3,75,Adaptive,Cellular,T cell,ImmuneGO by Modules
NEGATIVE REGULATION OF T CELL MEDIATED IMMUNITY,Immune response,5,262,2,40,General,General,Undefined,ImmuneGO by Modules
NEGATIVE REGULATION OF T CELL PROLIFERATION,"Immune system, Process",85,509,6,7.0588235294117645,General,General,Undefined,ImmuneGO by Modules
NEGATIVE REGULATION OF T CELL RECEPTOR SIGNALING PATHWAY,"Immune system, Process",29,509,2,6.896551724137931,General,General,Undefined,ImmuneGO by Modules
NEGATIVE REGULATION OF T-HELPER 1 CELL DIFFERENTIATION,"Immune system, Process",4,509,1,25,General,General,Undefined,ImmuneGO by Modules
NEGATIVE REGULATION OF T-HELPER 1 TYPE IMMUNE RESPONSE,Immune response,3,262,1,33.33333333333333,General,General,Undefined,ImmuneGO by Modules
NEGATIVE REGULATION OF T-HELPER 17 CELL DIFFERENTIATION,"Proliferation, T cell",11,26,2,18.181818181818183,Adaptive,Cellular,T cell,ImmuneGO by Modules
NEGATIVE REGULATION OF T-HELPER 17 TYPE IMMUNE RESPONSE,Immune response,2,262,1,50,General,General,Undefined,ImmuneGO by Modules
NEGATIVE REGULATION OF T-HELPER 2 CELL DIFFERENTIATION,"Immune system, Process",8,509,2,25,General,General,Undefined,ImmuneGO by Modules
NEGATIVE REGULATION OF T-HELPER CELL DIFFERENTIATION,"Signaling, T cell",1,52,1,100,Adaptive,Cellular,T cell,ImmuneGO by Modules
NEGATIVE REGULATION OF TOLL-LIKE RECEPTOR 2 SIGNALING PATHWAY,"Immune system, Process",7,509,1,14.285714285714285,General,General,Undefined,ImmuneGO by Modules
NEGATIVE REGULATION OF TOLL-LIKE RECEPTOR 3 SIGNALING PATHWAY,"Immune system, Process",4,509,1,25,General,General,Undefined,ImmuneGO by Modules
NEGATIVE REGULATION OF TOLL-LIKE RECEPTOR 4 SIGNALING PATHWAY,"Immune system, Process",14,509,4,28.57142857142857,General,General,Undefined,ImmuneGO by Modules
NEGATIVE REGULATION OF TOLL-LIKE RECEPTOR 5 SIGNALING PATHWAY,"Homeostasis, B-1 B cell",1,2,1,100,Adaptive,Humoral,B cell,ImmuneGO by Modules
NEGATIVE REGULATION OF TOLL-LIKE RECEPTOR 5 SIGNALING PATHWAY,"PRR, NOD",1,2,1,100,Innate,PRR,All,ImmuneGO by Modules
NEGATIVE REGULATION OF TOLL-LIKE RECEPTOR 5 SIGNALING PATHWAY,"Tolerance, Induction, LPS",1,2,1,100,Adaptive,Tolerance,Undefined,ImmuneGO by Modules
NEGATIVE REGULATION OF TOLL-LIKE RECEPTOR SIGNALING PATHWAY,"Immune system, Process",21,509,2,9.523809523809524,General,General,Undefined,ImmuneGO by Modules
NEGATIVE REGULATION OF TYPE 2 IMMUNE RESPONSE,"Immune system, Process",7,509,2,28.57142857142857,General,General,Undefined,ImmuneGO by Modules
NEGATIVE REGULATION OF TYPE I HYPERSENSITIVITY,Immune response,1,262,1,100,General,General,Undefined,ImmuneGO by Modules
NEGATIVE REGULATION OF TYPE I INTERFERON-MEDIATED SIGNALING PATHWAY,"Immune system, Process",34,509,4,11.76470588235294,General,General,Undefined,ImmuneGO by Modules
NEGATIVE REGULATION OF TYPE II INTERFERON-MEDIATED SIGNALING PATHWAY,Innate immune response,7,250,1,14.285714285714285,Innate,General,Innate,ImmuneGO by Modules
NEGATIVE REGULATION OF TYPE IV HYPERSENSITIVITY,"Proliferation, T cell",2,26,2,100,Adaptive,Cellular,T cell,ImmuneGO by Modules
NEGATIVE T CELL SELECTION,"Immune system, Process",1,509,1,100,General,General,Undefined,ImmuneGO by Modules
NEGATIVE THYMIC T CELL SELECTION,"Selection-, T cell, Thymic",16,6,6,37.5,Adaptive,Cellular,T cell,ImmuneGO by Modules
NEUTROPHIL ACTIVATION,"Activation, Neutrophil",15,12,9,60,Innate,Cells,Neutrophil,ImmuneGO by Modules
NEUTROPHIL ACTIVATION INVOLVED IN IMMUNE RESPONSE,"Activation, Immune response, Neutrophil",11,5,4,36.36363636363637,Innate,Cells,Neutrophil,ImmuneGO by Modules
NEUTROPHIL APOPTOTIC PROCESS,"Immune system, Process",5,509,1,20,General,General,Undefined,ImmuneGO by Modules
NEUTROPHIL CHEMOTAXIS,"Chemotaxis, Neutrophil",99,48,35,35.35353535353536,Innate,Cells,Neutrophil,ImmuneGO by Modules
NEUTROPHIL CLEARANCE,"Clearance, Neutrophil",6,4,4,66.66666666666666,Innate,Cells,Neutrophil,ImmuneGO by Modules
NEUTROPHIL DEGRANULATION,"Degranulation, Neutrophil",7,4,3,42.857142857142854,Innate,Cells,Neutrophil,ImmuneGO by Modules
NEUTROPHIL EXTRAVASATION,"Extravasation, Neutrophil",7,5,4,57.14285714285714,Innate,Cells,Neutrophil,ImmuneGO by Modules
NEUTROPHIL HOMEOSTASIS,"Homeostasis, Neutrophil",17,5,5,29.411764705882355,Innate,Cells,Neutrophil,ImmuneGO by Modules
NEUTROPHIL MEDIATED IMMUNITY,"Immunity, Neutrophil",10,6,3,30,Innate,Cells,Neutrophil,ImmuneGO by Modules
NEUTROPHIL MIGRATION,"Migration, Neutrophil",17,5,4,23.52941176470588,Innate,Cells,Neutrophil,ImmuneGO by Modules
NEUTROPHIL-MEDIATED KILLING OF BACTERIUM,"Activation, Immune response, Neutrophil",3,5,1,33.33333333333333,Innate,Cells,Neutrophil,ImmuneGO by Modules
NEUTROPHIL-MEDIATED KILLING OF FUNGUS,Innate immune response,2,250,1,50,Innate,General,Innate,ImmuneGO by Modules
NEUTROPHIL-MEDIATED KILLING OF GRAM-NEGATIVE BACTERIUM,"killing of Gram- bacterium, Neutrophil",7,2,2,28.57142857142857,Innate,Cells,Neutrophil,ImmuneGO by Modules
NEUTROPHIL-MEDIATED KILLING OF GRAM-POSITIVE BACTERIUM,Innate immune response,3,250,2,66.66666666666666,Innate,General,Innate,ImmuneGO by Modules
NK T CELL DIFFERENTIATION,"Signaling, T cell",11,52,3,27.27272727272727,Adaptive,Cellular,T cell,ImmuneGO by Modules
NK T CELL LINEAGE COMMITMENT,"Differentiation, Lymphocyte",1,6,1,100,Adaptive,General,Lymphocyte,ImmuneGO by Modules
NK T CELL PROLIFERATION,Immune response,3,262,1,33.33333333333333,General,General,Undefined,ImmuneGO by Modules
NLRP3 INFLAMMASOME COMPLEX ASSEMBLY,"Immune system, Process",8,509,1,12.5,General,General,Undefined,ImmuneGO by Modules
NLRP6 INFLAMMASOME COMPLEX ASSEMBLY,"Immune system, Process",2,509,1,50,General,General,Undefined,ImmuneGO by Modules
NUCLEOTIDE-BINDING OLIGOMERIZATION DOMAIN CONTAINING 1 SIGNALING PATHWAY,"PRR, TLR4, Pathway",6,9,2,33.33333333333333,Innate,PRR,All,ImmuneGO by Modules
NUCLEOTIDE-BINDING OLIGOMERIZATION DOMAIN CONTAINING 2 SIGNALING PATHWAY,"PRR, NOD2",15,6,4,26.666666666666668,Innate,PRR,All,ImmuneGO by Modules
OPSONIZATION,Innate immune response,5,250,2,40,Innate,General,Innate,ImmuneGO by Modules
ORGAN OR TISSUE SPECIFIC IMMUNE RESPONSE,"Immune system, Process",3,509,1,33.33333333333333,General,General,Undefined,ImmuneGO by Modules
PATTERN RECOGNITION RECEPTOR SIGNALING PATHWAY,"Signaling, PRR",14,4,4,28.57142857142857,Innate,PRR,All,ImmuneGO by Modules
PEPTIDE ANTIGEN ASSEMBLY WITH MHC CLASS I PROTEIN COMPLEX,"MHCII, Peptide complex",16,7,3,18.75,Innate,APP,APC,ImmuneGO by Modules
PEPTIDE ANTIGEN ASSEMBLY WITH MHC CLASS II PROTEIN COMPLEX,"Immune system, Process",16,509,1,6.25,General,General,Undefined,ImmuneGO by Modules
PEPTIDE ANTIGEN TRANSPORT,"Immune system, Process",1,509,1,100,General,General,Undefined,ImmuneGO by Modules
PEYER'S PATCH DEVELOPMENT,"Differentiation, B cell",10,47,2,20,Adaptive,Humoral,B cell,ImmuneGO by Modules
PEYER'S PATCH MORPHOGENESIS,"Migration, Lymphoid organs, Lymphocyte",3,3,1,33.33333333333333,Adaptive,General,Lymphocyte,ImmuneGO by Modules
PLASMA CELL DIFFERENTIATION,"Differentiation, Plasma cell",7,2,2,28.57142857142857,Adaptive,Humoral,Plasma cell,ImmuneGO by Modules
PLASMACYTOID DENDRITIC CELL ACTIVATION,"Immune system, Process",2,509,2,100,General,General,Undefined,ImmuneGO by Modules
PLASMACYTOID DENDRITIC CELL DIFFERENTIATION,"Differentiation, Dendritic cell, Plasmacytoid",3,2,2,66.66666666666666,Innate,APC,Dendritic cell,ImmuneGO by Modules
POSITIVE REGULATION OF ACTIVATED T CELL PROLIFERATION,"Immune system, Process",35,509,4,11.428571428571429,General,General,Undefined,ImmuneGO by Modules
POSITIVE REGULATION OF ACTIVATION OF MEMBRANE ATTACK COMPLEX,"Immune system, Process",2,509,1,50,General,General,Undefined,ImmuneGO by Modules
POSITIVE REGULATION OF ACTIVATION-INDUCED CELL DEATH OF T CELLS,"Chemotaxis, Neutrophil",1,48,1,100,Innate,Cells,Neutrophil,ImmuneGO by Modules
POSITIVE REGULATION OF ADAPTIVE IMMUNE MEMORY RESPONSE,"Immune system, Process",1,509,1,100,General,General,Undefined,ImmuneGO by Modules
POSITIVE REGULATION OF ADAPTIVE IMMUNE RESPONSE,"Immune system, Process",11,509,2,18.181818181818183,General,General,Undefined,ImmuneGO by Modules
POSITIVE REGULATION OF AIM2 INFLAMMASOME COMPLEX ASSEMBLY,"Immune system, Process",3,509,1,33.33333333333333,General,General,Undefined,ImmuneGO by Modules
POSITIVE REGULATION OF ALPHA-BETA T CELL DIFFERENTIATION,"Differentiation, abT cell",12,6,3,25,Adaptive,Cellular,T cell,ImmuneGO by Modules
POSITIVE REGULATION OF ALPHA-BETA T CELL PROLIFERATION,Immune response,10,262,4,40,General,General,Undefined,ImmuneGO by Modules
POSITIVE REGULATION OF ANTIFUNGAL INNATE IMMUNE RESPONSE,"Differentiation, Myeloid Dendritic cell",4,8,1,25,Innate,APC,Dendritic cell,ImmuneGO by Modules
POSITIVE REGULATION OF ANTIGEN PROCESSING AND PRESENTATION OF PEPTIDE ANTIGEN VIA MHC CLASS I,"Immune system, Process",1,509,1,100,General,General,Undefined,ImmuneGO by Modules
POSITIVE REGULATION OF ANTIGEN RECEPTOR-MEDIATED SIGNALING PATHWAY,"Signaling, T cell",1,52,1,100,Adaptive,Cellular,T cell,ImmuneGO by Modules
POSITIVE REGULATION OF ANTIMICROBIAL HUMORAL RESPONSE,"Immune system, Process",2,509,1,50,General,General,Undefined,ImmuneGO by Modules
POSITIVE REGULATION OF B CELL ACTIVATION,"Immune system, Process",13,509,2,15.384615384615385,General,General,Undefined,ImmuneGO by Modules
POSITIVE REGULATION OF B CELL CHEMOTAXIS,Immune response,2,262,1,50,General,General,Undefined,ImmuneGO by Modules
POSITIVE REGULATION OF B CELL DIFFERENTIATION,Immune response,21,262,4,19.047619047619047,General,General,Undefined,ImmuneGO by Modules
POSITIVE REGULATION OF B CELL PROLIFERATION,"Proliferation, B cell",63,26,11,17.46031746031746,Adaptive,Humoral,B cell,ImmuneGO by Modules
POSITIVE REGULATION OF B CELL RECEPTOR SIGNALING PATHWAY,"Immune system, Process",10,509,1,10,General,General,Undefined,ImmuneGO by Modules
POSITIVE REGULATION OF B CELL TOLERANCE INDUCTION,"Differentiation, Myeloid Dendritic cell",1,8,1,100,Innate,APC,Dendritic cell,ImmuneGO by Modules
"POSITIVE REGULATION OF CD4-POSITIVE, ALPHA-BETA T CELL ACTIVATION","Immune system, Process",3,509,1,33.33333333333333,General,General,Undefined,ImmuneGO by Modules
"POSITIVE REGULATION OF CD4-POSITIVE, ALPHA-BETA T CELL COSTIMULATION",Immune response,1,262,1,100,General,General,Undefined,ImmuneGO by Modules
"POSITIVE REGULATION OF CD4-POSITIVE, ALPHA-BETA T CELL DIFFERENTIATION",Immune response,7,262,1,14.285714285714285,General,General,Undefined,ImmuneGO by Modules
"POSITIVE REGULATION OF CD4-POSITIVE, ALPHA-BETA T CELL PROLIFERATION","Immune system, Process",14,509,3,21.428571428571427,General,General,Undefined,ImmuneGO by Modules
"POSITIVE REGULATION OF CD4-POSITIVE, CD25-POSITIVE, ALPHA-BETA REGULATORY T CELL DIFFERENTIATION",Immune response,8,262,1,12.5,General,General,Undefined,ImmuneGO by Modules
"POSITIVE REGULATION OF CD8-POSITIVE, ALPHA-BETA T CELL DIFFERENTIATION","Chemotaxis, Neutrophil",6,48,1,16.666666666666664,Innate,Cells,Neutrophil,ImmuneGO by Modules
"POSITIVE REGULATION OF CD8-POSITIVE, ALPHA-BETA T CELL EXTRAVASATION",Immune response,1,262,1,100,General,General,Undefined,ImmuneGO by Modules
POSITIVE REGULATION OF CELLULAR EXTRAVASATION,Immune response,11,262,2,18.181818181818183,General,General,Undefined,ImmuneGO by Modules
POSITIVE REGULATION OF COMPLEMENT ACTIVATION,"Immune system, Process",4,509,2,50,General,General,Undefined,ImmuneGO by Modules
POSITIVE REGULATION OF CYTOKINE PRODUCTION INVOLVED IN IMMUNE RESPONSE,"Immune system, Process",18,509,3,16.666666666666664,General,General,Undefined,ImmuneGO by Modules
POSITIVE REGULATION OF CYTOTOXIC T CELL DIFFERENTIATION,Immune response,4,262,1,25,General,General,Undefined,ImmuneGO by Modules
POSITIVE REGULATION OF DENDRITIC CELL ANTIGEN PROCESSING AND PRESENTATION,Immune response,7,262,1,14.285714285714285,General,General,Undefined,ImmuneGO by Modules
POSITIVE REGULATION OF DENDRITIC CELL CHEMOTAXIS,Immune response,8,262,3,37.5,General,General,Undefined,ImmuneGO by Modules
POSITIVE REGULATION OF DENDRITIC CELL CYTOKINE PRODUCTION,"Differentiation, B cell",6,47,2,33.33333333333333,Adaptive,Humoral,B cell,ImmuneGO by Modules
POSITIVE REGULATION OF DENDRITIC CELL DIFFERENTIATION,"Immune system, Process",4,509,1,25,General,General,Undefined,ImmuneGO by Modules
POSITIVE REGULATION OF EOSINOPHIL DEGRANULATION,"Immune system, Process",2,509,1,50,General,General,Undefined,ImmuneGO by Modules
POSITIVE REGULATION OF EOSINOPHIL MIGRATION,"Chemotaxis, Lymphocyte",2,18,2,100,Adaptive,General,Lymphocyte,ImmuneGO by Modules
POSITIVE REGULATION OF ERYTHROCYTE DIFFERENTIATION,"Immune system, Process",30,509,3,10,General,General,Undefined,ImmuneGO by Modules
POSITIVE REGULATION OF ERYTHROCYTE ENUCLEATION,Innate immune response,1,250,1,100,Innate,General,Innate,ImmuneGO by Modules
POSITIVE REGULATION OF ESTABLISHMENT OF T CELL POLARITY,"Signaling, T cell",6,52,1,16.666666666666664,Adaptive,Cellular,T cell,ImmuneGO by Modules
POSITIVE REGULATION OF FC RECEPTOR MEDIATED STIMULATORY SIGNALING PATHWAY,"Signaling, T cell",5,52,2,40,Adaptive,Cellular,T cell,ImmuneGO by Modules
POSITIVE REGULATION OF FIBRONECTIN-DEPENDENT THYMOCYTE MIGRATION,"Chemotaxis, Lymphocyte",1,18,1,100,Adaptive,General,Lymphocyte,ImmuneGO by Modules
POSITIVE REGULATION OF GAMMA-DELTA T CELL DIFFERENTIATION,"Differentiation, B cell",12,47,3,25,Adaptive,Humoral,B cell,ImmuneGO by Modules
POSITIVE REGULATION OF GERMINAL CENTER FORMATION,"Activation, T cell",5,33,1,20,Adaptive,Cellular,T cell,ImmuneGO by Modules
POSITIVE REGULATION OF GLYCOPROTEIN BIOSYNTHETIC PROCESS INVOLVED IN IMMUNOLOGICAL SYNAPSE FORMATION,Immune response,1,262,1,100,General,General,Undefined,ImmuneGO by Modules
POSITIVE REGULATION OF HISTAMINE SECRETION BY MAST CELL,"Degranulation, NK cell",6,6,1,16.666666666666664,Innate,Cells,NK cell,ImmuneGO by Modules
POSITIVE REGULATION OF HUMORAL IMMUNE RESPONSE,Immune response,3,262,1,33.33333333333333,General,General,Undefined,ImmuneGO by Modules
POSITIVE REGULATION OF HUMORAL IMMUNE RESPONSE MEDIATED BY CIRCULATING IMMUNOGLOBULIN,"Signaling, T cell",8,52,1,12.5,Adaptive,Cellular,T cell,ImmuneGO by Modules
POSITIVE REGULATION OF HYPERSENSITIVITY,Immune response,1,262,1,100,General,General,Undefined,ImmuneGO by Modules
POSITIVE REGULATION OF IMMATURE T CELL PROLIFERATION IN THYMUS,Humoral immune response,8,23,1,12.5,General,Humoral,Undefined,ImmuneGO by Modules
POSITIVE REGULATION OF IMMUNE COMPLEX CLEARANCE BY MONOCYTES AND MACROPHAGES,Immune response,4,262,2,50,General,General,Undefined,ImmuneGO by Modules
POSITIVE REGULATION OF IMMUNE EFFECTOR PROCESS,Immune response,1,262,1,100,General,General,Undefined,ImmuneGO by Modules
POSITIVE REGULATION OF IMMUNE RESPONSE,Innate immune response,38,250,7,18.421052631578945,Innate,General,Innate,ImmuneGO by Modules
POSITIVE REGULATION OF IMMUNE RESPONSE TO TUMOR CELL,Immune response,8,262,2,25,General,General,Undefined,ImmuneGO by Modules
POSITIVE REGULATION OF IMMUNE SYSTEM PROCESS,"Immune system, Process",2,509,1,50,General,General,Undefined,ImmuneGO by Modules
POSITIVE REGULATION OF IMMUNOGLOBULIN MEDIATED IMMUNE RESPONSE,Immune response,5,262,1,20,General,General,Undefined,ImmuneGO by Modules
POSITIVE REGULATION OF IMMUNOGLOBULIN PRODUCTION,Immune response,61,262,7,11.475409836065573,General,General,Undefined,ImmuneGO by Modules
POSITIVE REGULATION OF IMMUNOGLOBULIN PRODUCTION IN MUCOSAL TISSUE,Immune response,2,262,1,50,General,General,Undefined,ImmuneGO by Modules
POSITIVE REGULATION OF IMMUNOLOGICAL SYNAPSE FORMATION,Immune response,3,262,1,33.33333333333333,General,General,Undefined,ImmuneGO by Modules
POSITIVE REGULATION OF INFLAMMATORY RESPONSE TO ANTIGENIC STIMULUS,"Immune system, Process",4,509,1,25,General,General,Undefined,ImmuneGO by Modules
POSITIVE REGULATION OF INNATE IMMUNE RESPONSE,"Immune system, Process",42,509,7,16.666666666666664,General,General,Undefined,ImmuneGO by Modules
POSITIVE REGULATION OF INTERLEUKIN-4-DEPENDENT ISOTYPE SWITCHING TO IGE ISOTYPES,Immune response,1,262,1,100,General,General,Undefined,ImmuneGO by Modules
POSITIVE REGULATION OF ISOTYPE SWITCHING,"Somatic mutation, Ig",16,3,3,18.75,Adaptive,Humoral,B cell,ImmuneGO by Modules
POSITIVE REGULATION OF ISOTYPE SWITCHING TO IGA ISOTYPES,"Somatic mutation, Ig gene segments",9,6,3,33.33333333333333,Adaptive,Humoral,B cell,ImmuneGO by Modules
POSITIVE REGULATION OF ISOTYPE SWITCHING TO IGE ISOTYPES,"Lineage commitment, Th1 cell",3,3,1,33.33333333333333,Adaptive,Cellular,T helper,ImmuneGO by Modules
POSITIVE REGULATION OF ISOTYPE SWITCHING TO IGG ISOTYPES,"Proliferation, T cell",14,26,3,21.428571428571427,Adaptive,Cellular,T cell,ImmuneGO by Modules
POSITIVE REGULATION OF LEUKOCYTE CHEMOTAXIS,"Chemotaxis, Neutrophil",13,48,4,30.76923076923077,Innate,Cells,Neutrophil,ImmuneGO by Modules
POSITIVE REGULATION OF LEUKOCYTE MEDIATED CYTOTOXICITY,Immune response,1,262,1,100,General,General,Undefined,ImmuneGO by Modules
POSITIVE REGULATION OF LEUKOCYTE MIGRATION,"Tethering or roling, Leukocyte",28,12,3,10.714285714285714,General,Leukocyte,Leukocyte,ImmuneGO by Modules
POSITIVE REGULATION OF LEUKOCYTE TETHERING OR ROLLING,"Tethering or roling, Leukocyte",16,12,4,25,General,Leukocyte,Leukocyte,ImmuneGO by Modules
POSITIVE REGULATION OF LYMPHOCYTE DIFFERENTIATION,"Immune system, Process",6,509,2,33.33333333333333,General,General,Undefined,ImmuneGO by Modules
POSITIVE REGULATION OF LYMPHOCYTE MIGRATION,"Tethering or roling, Leukocyte",3,12,1,33.33333333333333,General,Leukocyte,Leukocyte,ImmuneGO by Modules
POSITIVE REGULATION OF LYMPHOCYTE PROLIFERATION,Immune response,10,262,2,20,General,General,Undefined,ImmuneGO by Modules
POSITIVE REGULATION OF MACROPHAGE ACTIVATION,Immune response,27,262,6,22.22222222222222,General,General,Undefined,ImmuneGO by Modules
POSITIVE REGULATION OF MACROPHAGE CHEMOTAXIS,Immune response,31,262,6,19.35483870967742,General,General,Undefined,ImmuneGO by Modules
POSITIVE REGULATION OF MACROPHAGE CYTOKINE PRODUCTION,"Immune system, Process",44,509,4,9.090909090909092,General,General,Undefined,ImmuneGO by Modules
POSITIVE REGULATION OF MACROPHAGE DIFFERENTIATION,"Immune system, Process",17,509,2,11.76470588235294,General,General,Undefined,ImmuneGO by Modules
POSITIVE REGULATION OF MACROPHAGE MIGRATION,"Immune system, Process",4,509,1,25,General,General,Undefined,ImmuneGO by Modules
POSITIVE REGULATION OF MAST CELL ACTIVATION,"Immune system, Process",14,509,1,7.142857142857142,General,General,Undefined,ImmuneGO by Modules
POSITIVE REGULATION OF MAST CELL APOPTOTIC PROCESS,"Migration, Myeloid leukocyte",1,4,1,100,General,Cells,Leukocyte,ImmuneGO by Modules
POSITIVE REGULATION OF MAST CELL CHEMOTAXIS,Immune response,11,262,1,9.090909090909092,General,General,Undefined,ImmuneGO by Modules
POSITIVE REGULATION OF MAST CELL CYTOKINE PRODUCTION,"Degranulation, Mast cell",7,14,3,42.857142857142854,Innate,Cells,Mast cell,ImmuneGO by Modules
POSITIVE REGULATION OF MAST CELL DEGRANULATION,"Immune system, Process",26,509,3,11.538461538461538,General,General,Undefined,ImmuneGO by Modules
POSITIVE REGULATION OF MAST CELL DIFFERENTIATION,"Immune system, Process",3,509,1,33.33333333333333,General,General,Undefined,ImmuneGO by Modules
POSITIVE REGULATION OF MDA-5 SIGNALING PATHWAY,"Immune system, Process",3,509,1,33.33333333333333,General,General,Undefined,ImmuneGO by Modules
POSITIVE REGULATION OF MEGAKARYOCYTE DIFFERENTIATION,"Immune system, Process",15,509,1,6.666666666666667,General,General,Undefined,ImmuneGO by Modules
POSITIVE REGULATION OF MEMORY T CELL ACTIVATION,Immune response,10,262,1,10,General,General,Undefined,ImmuneGO by Modules
POSITIVE REGULATION OF MEMORY T CELL DIFFERENTIATION,"Immune system, Process",5,509,1,20,General,General,Undefined,ImmuneGO by Modules
POSITIVE REGULATION OF MICROGLIAL CELL ACTIVATION,Immune response,12,262,1,8.333333333333332,General,General,Undefined,ImmuneGO by Modules
POSITIVE REGULATION OF MICROGLIAL CELL MEDIATED CYTOTOXICITY,"Immune system, Process",5,509,1,20,General,General,Undefined,ImmuneGO by Modules
POSITIVE REGULATION OF MICROGLIAL CELL MIGRATION,"Immune system, Process",8,509,2,25,General,General,Undefined,ImmuneGO by Modules
POSITIVE REGULATION OF MONOCYTE CHEMOTAXIS,Immune response,35,262,7,20,General,General,Undefined,ImmuneGO by Modules
POSITIVE REGULATION OF MONOCYTE DIFFERENTIATION,"Immune system, Process",10,509,2,20,General,General,Undefined,ImmuneGO by Modules
POSITIVE REGULATION OF MONOCYTE EXTRAVASATION,Immune response,5,262,1,20,General,General,Undefined,ImmuneGO by Modules
POSITIVE REGULATION OF MONONUCLEAR CELL MIGRATION,"Immune system, Process",5,509,2,40,General,General,Undefined,ImmuneGO by Modules
POSITIVE REGULATION OF MYELOID CELL DIFFERENTIATION,"Immune system, Process",8,509,1,12.5,General,General,Undefined,ImmuneGO by Modules
POSITIVE REGULATION OF MYELOID DENDRITIC CELL ACTIVATION,"Immune system, Process",2,509,1,50,General,General,Undefined,ImmuneGO by Modules
POSITIVE REGULATION OF MYELOID DENDRITIC CELL CHEMOTAXIS,"Differentiation, Myeloid Dendritic cell",6,8,1,16.666666666666664,Innate,APC,Dendritic cell,ImmuneGO by Modules
POSITIVE REGULATION OF MYELOID DENDRITIC CELL CYTOKINE PRODUCTION,"Immune system, Process",8,509,4,50,General,General,Undefined,ImmuneGO by Modules
POSITIVE REGULATION OF MYELOID LEUKOCYTE CYTOKINE PRODUCTION INVOLVED IN IMMUNE RESPONSE,"Immune system, Process",1,509,1,100,General,General,Undefined,ImmuneGO by Modules
POSITIVE REGULATION OF MYELOID LEUKOCYTE DIFFERENTIATION,Immune response,3,262,1,33.33333333333333,General,General,Undefined,ImmuneGO by Modules
POSITIVE REGULATION OF NATURAL KILLER CELL ACTIVATION,"Immune system, Process",40,509,2,5,General,General,Undefined,ImmuneGO by Modules
POSITIVE REGULATION OF NATURAL KILLER CELL CHEMOTAXIS,Immune response,4,262,4,100,General,General,Undefined,ImmuneGO by Modules
POSITIVE REGULATION OF NATURAL KILLER CELL CYTOKINE PRODUCTION,"Immune system, Process",31,509,1,3.225806451612903,General,General,Undefined,ImmuneGO by Modules
POSITIVE REGULATION OF NATURAL KILLER CELL DEGRANULATION,"Immune system, Process",3,509,1,33.33333333333333,General,General,Undefined,ImmuneGO by Modules
POSITIVE REGULATION OF NATURAL KILLER CELL DIFFERENTIATION,"Differentiation, NK cell",14,9,3,21.428571428571427,Innate,Cells,NK cell,ImmuneGO by Modules
POSITIVE REGULATION OF NATURAL KILLER CELL MEDIATED CYTOTOXICITY,"Immune system, Process",68,509,6,8.823529411764707,General,General,Undefined,ImmuneGO by Modules
POSITIVE REGULATION OF NATURAL KILLER CELL MEDIATED CYTOTOXICITY DIRECTED AGAINST TUMOR CELL TARGET,"Immune system, Process",12,509,2,16.666666666666664,General,General,Undefined,ImmuneGO by Modules
POSITIVE REGULATION OF NATURAL KILLER CELL MEDIATED IMMUNE RESPONSE TO TUMOR CELL,"Immune system, Process",1,509,1,100,General,General,Undefined,ImmuneGO by Modules
POSITIVE REGULATION OF NATURAL KILLER CELL MEDIATED IMMUNITY,"Activation, T cell",26,33,1,3.8461538461538463,Adaptive,Cellular,T cell,ImmuneGO by Modules
POSITIVE REGULATION OF NATURAL KILLER CELL PROLIFERATION,Immune response,33,262,2,6.0606060606060606,General,General,Undefined,ImmuneGO by Modules
POSITIVE REGULATION OF NEUTROPHIL ACTIVATION,"Immune system, Process",3,509,1,33.33333333333333,General,General,Undefined,ImmuneGO by Modules
POSITIVE REGULATION OF NEUTROPHIL APOPTOTIC PROCESS,"Activation, T cell",4,33,1,25,Adaptive,Cellular,T cell,ImmuneGO by Modules
POSITIVE REGULATION OF NEUTROPHIL CHEMOTAXIS,Immune response,40,262,5,12.5,General,General,Undefined,ImmuneGO by Modules
POSITIVE REGULATION OF NEUTROPHIL DEGRANULATION,"Immune system, Process",8,509,2,25,General,General,Undefined,ImmuneGO by Modules
POSITIVE REGULATION OF NEUTROPHIL EXTRAVASATION,Immune response,10,262,2,20,General,General,Undefined,ImmuneGO by Modules
POSITIVE REGULATION OF NEUTROPHIL MEDIATED KILLING OF FUNGUS,Immune response,3,262,1,33.33333333333333,General,General,Undefined,ImmuneGO by Modules
POSITIVE REGULATION OF NEUTROPHIL MEDIATED KILLING OF GRAM-NEGATIVE BACTERIUM,"Immune system, Process",1,509,1,100,General,General,Undefined,ImmuneGO by Modules
POSITIVE REGULATION OF NEUTROPHIL MIGRATION,"Migration, Lymphonode, Lymphocyte",8,3,2,25,Adaptive,General,Lymphocyte,ImmuneGO by Modules
POSITIVE REGULATION OF NK T CELL ACTIVATION,Immune response,6,262,1,16.666666666666664,General,General,Undefined,ImmuneGO by Modules
POSITIVE REGULATION OF NK T CELL DIFFERENTIATION,APP,5,20,1,20,Innate,APP,All,ImmuneGO by Modules
POSITIVE REGULATION OF NK T CELL PROLIFERATION,Immune response,8,262,1,12.5,General,General,Undefined,ImmuneGO by Modules
POSITIVE REGULATION OF NLRP3 INFLAMMASOME COMPLEX ASSEMBLY,"Immune system, Process",32,509,5,15.625,General,General,Undefined,ImmuneGO by Modules
POSITIVE REGULATION OF NUCLEOTIDE-BINDING OLIGOMERIZATION DOMAIN CONTAINING 1 SIGNALING PATHWAY,"Immune system, Process",3,509,2,66.66666666666666,General,General,Undefined,ImmuneGO by Modules
POSITIVE REGULATION OF NUCLEOTIDE-BINDING OLIGOMERIZATION DOMAIN CONTAINING 2 SIGNALING PATHWAY,"Immune system, Process",6,509,4,66.66666666666666,General,General,Undefined,ImmuneGO by Modules
POSITIVE REGULATION OF OPSONIZATION,"Immune system, Process",7,509,2,28.57142857142857,General,General,Undefined,ImmuneGO by Modules
POSITIVE REGULATION OF OSTEOCLAST DIFFERENTIATION,Immune response,43,262,3,6.976744186046512,General,General,Undefined,ImmuneGO by Modules
POSITIVE REGULATION OF PLASMA CELL DIFFERENTIATION,Immune response,3,262,3,100,General,General,Undefined,ImmuneGO by Modules
POSITIVE REGULATION OF PLATELET FORMATION,"Immune system, Process",2,509,1,50,General,General,Undefined,ImmuneGO by Modules
POSITIVE REGULATION OF PROSTAGLANDIN SECRETION INVOLVED IN IMMUNE RESPONSE,"Immune system, Process",1,509,1,100,General,General,Undefined,ImmuneGO by Modules
POSITIVE REGULATION OF REGULATORY T CELL DIFFERENTIATION,"Immune system, Process",23,509,4,17.391304347826086,General,General,Undefined,ImmuneGO by Modules
POSITIVE REGULATION OF RESPIRATORY BURST INVOLVED IN INFLAMMATORY RESPONSE,"Immune system, Process",2,509,1,50,General,General,Undefined,ImmuneGO by Modules
POSITIVE REGULATION OF RIG-I SIGNALING PATHWAY,"Immune system, Process",12,509,2,16.666666666666664,General,General,Undefined,ImmuneGO by Modules
POSITIVE REGULATION OF T CELL ACTIVATION,"Activation, T cell",41,33,4,9.75609756097561,Adaptive,Cellular,T cell,ImmuneGO by Modules
POSITIVE REGULATION OF T CELL ACTIVATION VIA T CELL RECEPTOR CONTACT WITH ANTIGEN BOUND TO MHC MOLECULE ON ANTIGEN PRESENTING CELL,"Immune system, Process",4,509,1,25,General,General,Undefined,ImmuneGO by Modules
POSITIVE REGULATION OF T CELL CHEMOTAXIS,Immune response,19,262,4,21.052631578947366,General,General,Undefined,ImmuneGO by Modules
POSITIVE REGULATION OF T CELL COSTIMULATION,Immune response,4,262,2,50,General,General,Undefined,ImmuneGO by Modules
POSITIVE REGULATION OF T CELL CYTOKINE PRODUCTION,Immune response,19,262,3,15.789473684210526,General,General,Undefined,ImmuneGO by Modules
POSITIVE REGULATION OF T CELL DIFFERENTIATION,Immune response,46,262,7,15.217391304347828,General,General,Undefined,ImmuneGO by Modules
POSITIVE REGULATION OF T CELL DIFFERENTIATION IN THYMUS,"Differentiation, T cell, Thymus",12,24,3,25,Adaptive,Cellular,T cell,ImmuneGO by Modules
POSITIVE REGULATION OF T CELL MEDIATED CYTOTOXICITY,Immune response,91,262,3,3.296703296703297,General,General,Undefined,ImmuneGO by Modules
POSITIVE REGULATION OF T CELL MEDIATED IMMUNE RESPONSE TO TUMOR CELL,"Immune system, Process",3,509,1,33.33333333333333,General,General,Undefined,ImmuneGO by Modules
POSITIVE REGULATION OF T CELL MEDIATED IMMUNITY,"Signaling, T cell",2,52,1,50,Adaptive,Cellular,T cell,ImmuneGO by Modules
POSITIVE REGULATION OF T CELL MIGRATION,Immune response,28,262,5,17.857142857142858,General,General,Undefined,ImmuneGO by Modules
POSITIVE REGULATION OF T CELL PROLIFERATION,Immune response,94,262,14,14.893617021276595,General,General,Undefined,ImmuneGO by Modules
POSITIVE REGULATION OF T CELL RECEPTOR SIGNALING PATHWAY,"Immune system, Process",24,509,2,8.333333333333332,General,General,Undefined,ImmuneGO by Modules
POSITIVE REGULATION OF T CELL TOLERANCE INDUCTION,"Immune system, Process",3,509,1,33.33333333333333,General,General,Undefined,ImmuneGO by Modules
POSITIVE REGULATION OF T-HELPER 1 CELL CYTOKINE PRODUCTION,Immune response,8,262,2,25,General,General,Undefined,ImmuneGO by Modules
POSITIVE REGULATION OF T-HELPER 1 CELL DIFFERENTIATION,Immune response,9,262,2,22.22222222222222,General,General,Undefined,ImmuneGO by Modules
POSITIVE REGULATION OF T-HELPER 1 TYPE IMMUNE RESPONSE,"Immune system, Process",13,509,2,15.384615384615385,General,General,Undefined,ImmuneGO by Modules
POSITIVE REGULATION OF T-HELPER 17 CELL DIFFERENTIATION,"Signaling, T cell",6,52,1,16.666666666666664,Adaptive,Cellular,T cell,ImmuneGO by Modules
POSITIVE REGULATION OF T-HELPER 17 TYPE IMMUNE RESPONSE,"Immune system, Process",11,509,3,27.27272727272727,General,General,Undefined,ImmuneGO by Modules
POSITIVE REGULATION OF T-HELPER 2 CELL ACTIVATION,"Immune system, Process",2,509,1,50,General,General,Undefined,ImmuneGO by Modules
POSITIVE REGULATION OF T-HELPER 2 CELL CYTOKINE PRODUCTION,"Immune system, Process",11,509,2,18.181818181818183,General,General,Undefined,ImmuneGO by Modules
POSITIVE REGULATION OF T-HELPER 2 CELL DIFFERENTIATION,Immune response,7,262,1,14.285714285714285,General,General,Undefined,ImmuneGO by Modules
POSITIVE REGULATION OF THYMOCYTE MIGRATION,Immune response,3,262,3,100,General,General,Undefined,ImmuneGO by Modules
POSITIVE REGULATION OF TOLERANCE INDUCTION TO SELF ANTIGEN,"Differentiation, Myeloid Dendritic cell",1,8,1,100,Innate,APC,Dendritic cell,ImmuneGO by Modules
POSITIVE REGULATION OF TOLL-LIKE RECEPTOR 13 SIGNALING PATHWAY,"Immune system, Process",1,509,1,100,General,General,Undefined,ImmuneGO by Modules
POSITIVE REGULATION OF TOLL-LIKE RECEPTOR 2 SIGNALING PATHWAY,Innate immune response,8,250,4,50,Innate,General,Innate,ImmuneGO by Modules
POSITIVE REGULATION OF TOLL-LIKE RECEPTOR 3 SIGNALING PATHWAY,"Immune system, Process",11,509,2,18.181818181818183,General,General,Undefined,ImmuneGO by Modules
POSITIVE REGULATION OF TOLL-LIKE RECEPTOR 4 SIGNALING PATHWAY,"Immune system, Process",17,509,7,41.17647058823529,General,General,Undefined,ImmuneGO by Modules
POSITIVE REGULATION OF TOLL-LIKE RECEPTOR 7 SIGNALING PATHWAY,"Immune system, Process",10,509,2,20,General,General,Undefined,ImmuneGO by Modules
POSITIVE REGULATION OF TOLL-LIKE RECEPTOR 8 SIGNALING PATHWAY,"Immune system, Process",4,509,1,25,General,General,Undefined,ImmuneGO by Modules
POSITIVE REGULATION OF TOLL-LIKE RECEPTOR 9 SIGNALING PATHWAY,"Immune system, Process",9,509,2,22.22222222222222,General,General,Undefined,ImmuneGO by Modules
POSITIVE REGULATION OF TOLL-LIKE RECEPTOR SIGNALING PATHWAY,"PRR, TLR4, Pathway",2,9,1,50,Innate,PRR,All,ImmuneGO by Modules
POSITIVE REGULATION OF TYPE 2 IMMUNE RESPONSE,"Immune system, Process",10,509,1,10,General,General,Undefined,ImmuneGO by Modules
POSITIVE REGULATION OF TYPE I HYPERSENSITIVITY,"Immune system, Process",9,509,2,22.22222222222222,General,General,Undefined,ImmuneGO by Modules
POSITIVE REGULATION OF TYPE I INTERFERON-MEDIATED SIGNALING PATHWAY,"Immune system, Process",27,509,4,14.814814814814813,General,General,Undefined,ImmuneGO by Modules
POSITIVE REGULATION OF TYPE II INTERFERON-MEDIATED SIGNALING PATHWAY,"Immune system, Process",11,509,3,27.27272727272727,General,General,Undefined,ImmuneGO by Modules
POSITIVE REGULATION OF TYPE IIA HYPERSENSITIVITY,"Immune system, Process",8,509,1,12.5,General,General,Undefined,ImmuneGO by Modules
POSITIVE REGULATION OF TYPE III HYPERSENSITIVITY,"Immune system, Process",4,509,2,50,General,General,Undefined,ImmuneGO by Modules
POSITIVE REGULATION OF TYPE IV HYPERSENSITIVITY,"Ig, Humoral immune response",1,3,1,100,Adaptive,Humoral,B cell,ImmuneGO by Modules
POSITIVE T CELL SELECTION,"Signaling, T cell",3,52,2,66.66666666666666,Adaptive,Cellular,T cell,ImmuneGO by Modules
POSITIVE THYMIC T CELL SELECTION,"Selection+, Thymic, T cell",18,5,5,27.77777777777778,Adaptive,Cellular,T cell,ImmuneGO by Modules
PRE-B CELL ALLELIC EXCLUSION,"Differentiation, B cell",5,47,2,40,Adaptive,Humoral,B cell,ImmuneGO by Modules
PRIMITIVE ERYTHROCYTE DIFFERENTIATION,"Chemotaxis, Basophil",6,1,1,16.666666666666664,Innate,Innate,Basophil,ImmuneGO by Modules
PRIMITIVE ERYTHROCYTE DIFFERENTIATION,"Lineage commitment, Th cell",6,1,1,16.666666666666664,Adaptive,Cellular,T helper,ImmuneGO by Modules
PRO-T CELL DIFFERENTIATION,"Differentiation, pro-T cell",3,2,2,66.66666666666666,Adaptive,Humoral,B cell,ImmuneGO by Modules
PROTECTION FROM NATURAL KILLER CELL MEDIATED CYTOTOXICITY,"Immune system, Process",36,509,2,5.555555555555555,General,General,Undefined,ImmuneGO by Modules
REGULATION OF ADAPTIVE IMMUNE RESPONSE,"Immune system, Process",10,509,2,20,General,General,Undefined,ImmuneGO by Modules
REGULATION OF B CELL ACTIVATION,"Immune system, Process",4,509,2,50,General,General,Undefined,ImmuneGO by Modules
REGULATION OF B CELL DIFFERENTIATION,"Signaling, BCR, B cell",14,31,2,14.285714285714285,Adaptive,Humoral,B cell,ImmuneGO by Modules
REGULATION OF B CELL PROLIFERATION,"Activation, B cell",8,25,1,12.5,Adaptive,Humoral,B cell,ImmuneGO by Modules
REGULATION OF B CELL RECEPTOR SIGNALING PATHWAY,"Immune system, Process",7,509,1,14.285714285714285,General,General,Undefined,ImmuneGO by Modules
"REGULATION OF CD4-POSITIVE, ALPHA-BETA T CELL PROLIFERATION","Immune system, Process",2,509,1,50,General,General,Undefined,ImmuneGO by Modules
"REGULATION OF CD8-POSITIVE, ALPHA-BETA T CELL ACTIVATION","Immune system, Process",1,509,1,100,General,General,Undefined,ImmuneGO by Modules
"REGULATION OF CD8-POSITIVE, ALPHA-BETA T CELL PROLIFERATION","Immune system, Process",3,509,1,33.33333333333333,General,General,Undefined,ImmuneGO by Modules
REGULATION OF CELLULAR EXTRAVASATION,"Migration, Leukocyte",1,18,1,100,General,Leukocyte,Leukocyte,ImmuneGO by Modules
REGULATION OF COMPLEMENT ACTIVATION,"Immune system, Process",12,509,4,33.33333333333333,General,General,Undefined,ImmuneGO by Modules
"REGULATION OF COMPLEMENT ACTIVATION, ALTERNATIVE PATHWAY","Immune system, Process",2,509,1,50,General,General,Undefined,ImmuneGO by Modules
"REGULATION OF COMPLEMENT ACTIVATION, CLASSICAL PATHWAY","Immune system, Process",1,509,1,100,General,General,Undefined,ImmuneGO by Modules
REGULATION OF CYTOKINE PRODUCTION INVOLVED IN IMMUNE RESPONSE,Immune response,5,262,1,20,General,General,Undefined,ImmuneGO by Modules
REGULATION OF DEFINITIVE ERYTHROCYTE DIFFERENTIATION,"Lineage commitment, Th cell",5,1,1,20,Adaptive,Cellular,T helper,ImmuneGO by Modules
REGULATION OF DENDRITIC CELL CYTOKINE PRODUCTION,"Immune system, Process",4,509,1,25,General,General,Undefined,ImmuneGO by Modules
REGULATION OF DENDRITIC CELL DIFFERENTIATION,Immune response,1,262,1,100,General,General,Undefined,ImmuneGO by Modules
REGULATION OF ERYTHROCYTE DIFFERENTIATION,"Differentiation, T cell, Thymus",10,24,2,20,Adaptive,Cellular,T cell,ImmuneGO by Modules
REGULATION OF FC RECEPTOR MEDIATED STIMULATORY SIGNALING PATHWAY,"Immune system, Process",7,509,1,14.285714285714285,General,General,Undefined,ImmuneGO by Modules
REGULATION OF GAMMA-DELTA T CELL DIFFERENTIATION,Immune response,4,262,1,25,General,General,Undefined,ImmuneGO by Modules
REGULATION OF GERMINAL CENTER FORMATION,"Homeostasis, B cell",4,12,2,50,Adaptive,Humoral,B cell,ImmuneGO by Modules
REGULATION OF HEMOPOIESIS,"Immune system, Process",12,509,1,8.333333333333332,General,General,Undefined,ImmuneGO by Modules
REGULATION OF HUMORAL IMMUNE RESPONSE,"Homeostasis, T cell",3,19,1,33.33333333333333,Adaptive,Cellular,T cell,ImmuneGO by Modules
REGULATION OF HUMORAL IMMUNE RESPONSE MEDIATED BY CIRCULATING IMMUNOGLOBULIN,"Signaling, T cell",1,52,1,100,Adaptive,Cellular,T cell,ImmuneGO by Modules
REGULATION OF IMMATURE T CELL PROLIFERATION IN THYMUS,Immune response,3,262,1,33.33333333333333,General,General,Undefined,ImmuneGO by Modules
REGULATION OF IMMUNE RESPONSE,"Immune system, Process",49,509,6,12.244897959183673,General,General,Undefined,ImmuneGO by Modules
REGULATION OF IMMUNE SYSTEM PROCESS,"Immune system, Process",44,509,2,4.545454545454546,General,General,Undefined,ImmuneGO by Modules
REGULATION OF IMMUNOGLOBULIN PRODUCTION,"Immune system, Process",12,509,2,16.666666666666664,General,General,Undefined,ImmuneGO by Modules
REGULATION OF INNATE IMMUNE RESPONSE,"Immune system, Process",23,509,4,17.391304347826086,General,General,Undefined,ImmuneGO by Modules
REGULATION OF ISOTYPE SWITCHING TO IGG ISOTYPES,"Immune system, Process",4,509,1,25,General,General,Undefined,ImmuneGO by Modules
REGULATION OF LEUKOCYTE MIGRATION,"Diapedesis, Th cell",6,2,2,33.33333333333333,Adaptive,Cellular,T cell,ImmuneGO by Modules
REGULATION OF LEUKOCYTE TETHERING OR ROLLING,"Migration, T cell",2,9,1,50,Adaptive,Cellular,T cell,ImmuneGO by Modules
REGULATION OF LYMPHOCYTE ACTIVATION,"Immune system, Process",1,509,1,100,General,General,Undefined,ImmuneGO by Modules
REGULATION OF LYMPHOCYTE MIGRATION,"Proliferation, T cell",5,26,1,20,Adaptive,Cellular,T cell,ImmuneGO by Modules
REGULATION OF MACROPHAGE ACTIVATION,Response to Interferon II,14,16,1,7.142857142857142,Innate,Innate,Interferon 2,ImmuneGO by Modules
REGULATION OF MACROPHAGE MIGRATION,"Immune system, Process",4,509,1,25,General,General,Undefined,ImmuneGO by Modules
REGULATION OF MAST CELL APOPTOTIC PROCESS,"Differentiation, B cell",1,47,1,100,Adaptive,Humoral,B cell,ImmuneGO by Modules
REGULATION OF MAST CELL DEGRANULATION,"Degranulation, NK cell",9,6,1,11.11111111111111,Innate,Cells,NK cell,ImmuneGO by Modules
REGULATION OF MAST CELL DEGRANULATION,"Formation, Germinal center",9,6,1,11.11111111111111,Adaptive,Germinal center,Germinal center,ImmuneGO by Modules
REGULATION OF MEGAKARYOCYTE DIFFERENTIATION,"Signaling, BCR, B cell",7,31,1,14.285714285714285,Adaptive,Humoral,B cell,ImmuneGO by Modules
REGULATION OF MEMORY T CELL DIFFERENTIATION,"Immune system, Process",1,509,1,100,General,General,Undefined,ImmuneGO by Modules
REGULATION OF MONONUCLEAR CELL MIGRATION,Immune response,1,262,1,100,General,General,Undefined,ImmuneGO by Modules
REGULATION OF MYD88-DEPENDENT TOLL-LIKE RECEPTOR SIGNALING PATHWAY,"Immune system, Process",2,509,1,50,General,General,Undefined,ImmuneGO by Modules
REGULATION OF MYELOID CELL DIFFERENTIATION,Immune response,6,262,1,16.666666666666664,General,General,Undefined,ImmuneGO by Modules
REGULATION OF NATURAL KILLER CELL ACTIVATION,"Immune system, Process",8,509,3,37.5,General,General,Undefined,ImmuneGO by Modules
REGULATION OF NATURAL KILLER CELL DIFFERENTIATION,"Immune system, Process",3,509,1,33.33333333333333,General,General,Undefined,ImmuneGO by Modules
REGULATION OF NATURAL KILLER CELL MEDIATED CYTOTOXICITY,Immune response,7,262,1,14.285714285714285,General,General,Undefined,ImmuneGO by Modules
REGULATION OF NATURAL KILLER CELL PROLIFERATION,"Differentiation, T cell",2,29,1,50,Adaptive,Cellular,T cell,ImmuneGO by Modules
REGULATION OF NEUTROPHIL CHEMOTAXIS,Humoral immune response,4,23,1,25,General,Humoral,Undefined,ImmuneGO by Modules
REGULATION OF NEUTROPHIL DEGRANULATION,"Immune system, Process",2,509,1,50,General,General,Undefined,ImmuneGO by Modules
REGULATION OF NEUTROPHIL EXTRAVASATION,"Migration, T cell",1,9,1,100,Adaptive,Cellular,T cell,ImmuneGO by Modules
REGULATION OF NEUTROPHIL MEDIATED CYTOTOXICITY,"Activation, Immune response, Neutrophil",2,5,1,50,Innate,Cells,Neutrophil,ImmuneGO by Modules
REGULATION OF NEUTROPHIL MEDIATED KILLING OF GRAM-NEGATIVE BACTERIUM,Immune response,1,262,1,100,General,General,Undefined,ImmuneGO by Modules
REGULATION OF NLRP3 INFLAMMASOME COMPLEX ASSEMBLY,"Immune system, Process",1,509,1,100,General,General,Undefined,ImmuneGO by Modules
"REGULATION OF NUCLEOTIDE-BINDING DOMAIN, LEUCINE RICH REPEAT CONTAINING RECEPTOR SIGNALING PATHWAY","Immune system, Process",2,509,1,50,General,General,Undefined,ImmuneGO by Modules
REGULATION OF NUCLEOTIDE-BINDING OLIGOMERIZATION DOMAIN CONTAINING 1 SIGNALING PATHWAY,"Immune system, Process",1,509,1,100,General,General,Undefined,ImmuneGO by Modules
REGULATION OF OSTEOCLAST DEVELOPMENT,Humoral immune response,5,23,1,20,General,Humoral,Undefined,ImmuneGO by Modules
REGULATION OF OSTEOCLAST DIFFERENTIATION,"Immune system, Process",20,509,1,5,General,General,Undefined,ImmuneGO by Modules
REGULATION OF POSITIVE THYMIC T CELL SELECTION,"Differentiation, Lymphocyte",2,6,1,50,Adaptive,General,Lymphocyte,ImmuneGO by Modules
REGULATION OF REGULATORY T CELL DIFFERENTIATION,Immune response,11,262,1,9.090909090909092,General,General,Undefined,ImmuneGO by Modules
REGULATION OF RESPIRATORY BURST INVOLVED IN INFLAMMATORY RESPONSE,Innate immune response,2,250,1,50,Innate,General,Innate,ImmuneGO by Modules
REGULATION OF RESPONSE TO TYPE II INTERFERON,"Immune system, Process",1,509,1,100,General,General,Undefined,ImmuneGO by Modules
REGULATION OF T CELL ACTIVATION,"Immune system, Process",15,509,3,20,General,General,Undefined,ImmuneGO by Modules
REGULATION OF T CELL ANTIGEN PROCESSING AND PRESENTATION,Immune response,1,262,1,100,General,General,Undefined,ImmuneGO by Modules
REGULATION OF T CELL CYTOKINE PRODUCTION,Immune response,4,262,2,50,General,General,Undefined,ImmuneGO by Modules
REGULATION OF T CELL DIFFERENTIATION,Immune response,16,262,4,25,General,General,Undefined,ImmuneGO by Modules
REGULATION OF T CELL DIFFERENTIATION IN THYMUS,"Homeostasis, B cell",7,12,2,28.57142857142857,Adaptive,Humoral,B cell,ImmuneGO by Modules
REGULATION OF T CELL HOMEOSTATIC PROLIFERATION,"Immune system, Process",3,509,1,33.33333333333333,General,General,Undefined,ImmuneGO by Modules
REGULATION OF T CELL MEDIATED IMMUNE RESPONSE TO TUMOR CELL,"Immune system, Process",1,509,1,100,General,General,Undefined,ImmuneGO by Modules
REGULATION OF T CELL MEDIATED IMMUNITY,"Activation, T cell",1,33,1,100,Adaptive,Cellular,T cell,ImmuneGO by Modules
REGULATION OF T CELL MIGRATION,Immune response,8,262,2,25,General,General,Undefined,ImmuneGO by Modules
REGULATION OF T CELL PROLIFERATION,"Immune system, Process",18,509,4,22.22222222222222,General,General,Undefined,ImmuneGO by Modules
REGULATION OF T CELL RECEPTOR SIGNALING PATHWAY,"Signaling, T cell",11,52,2,18.181818181818183,Adaptive,Cellular,T cell,ImmuneGO by Modules
REGULATION OF T-HELPER 1 CELL DIFFERENTIATION,"Immune system, Process",2,509,1,50,General,General,Undefined,ImmuneGO by Modules
REGULATION OF T-HELPER 17 TYPE IMMUNE RESPONSE,"Activation, B cell",2,25,1,50,Adaptive,Humoral,B cell,ImmuneGO by Modules
REGULATION OF T-HELPER CELL DIFFERENTIATION,"Immune system, Process",3,509,1,33.33333333333333,General,General,Undefined,ImmuneGO by Modules
REGULATION OF TOLERANCE INDUCTION,"Immune system, Process",3,509,1,33.33333333333333,General,General,Undefined,ImmuneGO by Modules
REGULATION OF TOLERANCE INDUCTION TO SELF ANTIGEN,Immune response,1,262,1,100,General,General,Undefined,ImmuneGO by Modules
REGULATION OF TOLL-LIKE RECEPTOR 3 SIGNALING PATHWAY,"Immune system, Process",2,509,1,50,General,General,Undefined,ImmuneGO by Modules
REGULATION OF TOLL-LIKE RECEPTOR 4 SIGNALING PATHWAY,Immune response,4,262,1,25,General,General,Undefined,ImmuneGO by Modules
REGULATION OF TYPE IV HYPERSENSITIVITY,"Migration, T cell",1,9,1,100,Adaptive,Cellular,T cell,ImmuneGO by Modules
REGULATORY T CELL DIFFERENTIATION,Immune response,7,262,1,14.285714285714285,General,General,Undefined,ImmuneGO by Modules
RESPIRATORY BURST INVOLVED IN DEFENSE RESPONSE,Innate immune response,2,250,1,50,Innate,General,Innate,ImmuneGO by Modules
RESPIRATORY BURST INVOLVED IN INFLAMMATORY RESPONSE,"Proliferation, T cell",2,26,2,100,Adaptive,Cellular,T cell,ImmuneGO by Modules
RESPONSE TO TYPE I INTERFERON,Response to Interferon I,11,5,4,36.36363636363637,Innate,Innate,Interferon 1,ImmuneGO by Modules
RESPONSE TO TYPE II INTERFERON,Response to Interferon II,36,16,12,33.33333333333333,Innate,Innate,Interferon 2,ImmuneGO by Modules
RIG-I SIGNALING PATHWAY,Antiviral innate immune response,10,17,4,40,Innate,Antiviral,Undefined,ImmuneGO by Modules
SEROTONIN SECRETION BY MAST CELL,"Secretion, Histamine, Mast cell",2,4,1,50,Innate,Cells,Mast cell,ImmuneGO by Modules
SOMATIC DIVERSIFICATION OF IMMUNE RECEPTORS VIA SOMATIC MUTATION,"Immune system, Process",1,509,1,100,General,General,Undefined,ImmuneGO by Modules
SOMATIC DIVERSIFICATION OF IMMUNOGLOBULINS INVOLVED IN IMMUNE RESPONSE,"Somatic mutation, Ig",4,3,3,75,Adaptive,Humoral,B cell,ImmuneGO by Modules
SOMATIC HYPERMUTATION OF IMMUNOGLOBULIN GENES,"Somatic mutation, Ig gene segments",20,6,5,25,Adaptive,Humoral,B cell,ImmuneGO by Modules
SOMATIC RECOMBINATION OF IMMUNOGLOBULIN GENE SEGMENTS,"Somatic mutation, Ig gene segments",9,6,6,66.66666666666666,Adaptive,Humoral,B cell,ImmuneGO by Modules
SOMATIC RECOMBINATION OF IMMUNOGLOBULIN GENES INVOLVED IN IMMUNE RESPONSE,Isotype switching,3,9,2,66.66666666666666,Adaptive,Humoral,B cell,ImmuneGO by Modules
SPLEEN DEVELOPMENT,"Development, Spleen",53,17,14,26.41509433962264,Adaptive,Humoral,Spleen,ImmuneGO by Modules
STIMULATORY C-TYPE LECTIN RECEPTOR SIGNALING PATHWAY,"C-type lectin receptor, PRR",15,9,6,40,Innate,PRR,All,ImmuneGO by Modules
T CELL ACTIVATION,"Activation, T cell",86,33,22,25.581395348837212,Adaptive,Cellular,T cell,ImmuneGO by Modules
T CELL ACTIVATION INVOLVED IN IMMUNE RESPONSE,"Activation, Immune response, T cell",32,9,5,15.625,Adaptive,Cellular,T cell,ImmuneGO by Modules
T CELL ACTIVATION VIA T CELL RECEPTOR CONTACT WITH ANTIGEN BOUND TO MHC MOLECULE ON ANTIGEN PRESENTING CELL,NA,4,2,2,50,Adaptive,Cellular,T cell,ImmuneGO by Modules
T CELL ANTIGEN PROCESSING AND PRESENTATION,"Immune system, Process",6,509,1,16.666666666666664,General,General,Undefined,ImmuneGO by Modules
T CELL CHEMOTAXIS,Immune response,12,262,3,25,General,General,Undefined,ImmuneGO by Modules
T CELL COSTIMULATION,"Costimulation, T cell",37,22,10,27.027027027027028,Adaptive,Cellular,T cell,ImmuneGO by Modules
T CELL CYTOKINE PRODUCTION,"Differentiation, T cell",4,29,1,25,Adaptive,Cellular,T cell,ImmuneGO by Modules
T CELL DIFFERENTIATION,"Differentiation, T cell",63,29,25,39.682539682539684,Adaptive,Cellular,T cell,ImmuneGO by Modules
T CELL DIFFERENTIATION IN THYMUS,"Differentiation, T cell, Thymus",52,24,23,44.230769230769226,Adaptive,Cellular,T cell,ImmuneGO by Modules
T CELL DIFFERENTIATION INVOLVED IN IMMUNE RESPONSE,"Immune system, Process",5,509,1,20,General,General,Undefined,ImmuneGO by Modules
T CELL EXTRAVASATION,"Extravasation, T cell",3,2,1,33.33333333333333,Adaptive,Cellular,T cell,ImmuneGO by Modules
T CELL HOMEOSTASIS,"Homeostasis, T cell",44,19,19,43.18181818181818,Adaptive,Cellular,T cell,ImmuneGO by Modules
T CELL HOMEOSTATIC PROLIFERATION,"Homeostasis, B cell",2,12,1,50,Adaptive,Humoral,B cell,ImmuneGO by Modules
T CELL LINEAGE COMMITMENT,"Lineage commitment, T cell",7,4,4,57.14285714285714,Adaptive,Cellular,T cell,ImmuneGO by Modules
T CELL MEANDERING MIGRATION,"Immune system, Process",1,509,1,100,General,General,Undefined,ImmuneGO by Modules
T CELL MEDIATED CYTOTOXICITY,T cell-mediated cytotoxicity,32,10,10,31.25,Adaptive,Cellular,T cell,ImmuneGO by Modules
T CELL MEDIATED IMMUNITY,T cell-mediated immunity,17,9,6,35.294117647058826,Adaptive,Cellular,T cell,ImmuneGO by Modules
T CELL MIGRATION,"Migration, T cell",11,9,7,63.63636363636363,Adaptive,Cellular,T cell,ImmuneGO by Modules
T CELL PROLIFERATION,"Proliferation, T cell",72,26,23,31.944444444444443,Adaptive,Cellular,T cell,ImmuneGO by Modules
T CELL PROLIFERATION INVOLVED IN IMMUNE RESPONSE,"Proliferation, Immune response, T cell",7,3,2,28.57142857142857,Adaptive,Cellular,T cell,ImmuneGO by Modules
T CELL RECEPTOR SIGNALING PATHWAY,"Signaling, T cell",134,52,36,26.865671641791046,Adaptive,Cellular,T cell,ImmuneGO by Modules
T CELL RECEPTOR V(D)J RECOMBINATION,"Differentiation, T cell, Thymus",5,24,2,40,Adaptive,Cellular,T cell,ImmuneGO by Modules
T FOLLICULAR HELPER CELL DIFFERENTIATION,"Differentiation, Th cell, Follicular",7,2,2,28.57142857142857,Adaptive,Cellular,T helper,ImmuneGO by Modules
T-HELPER 1 CELL ACTIVATION,Immune response,4,262,2,50,General,General,Undefined,ImmuneGO by Modules
T-HELPER 1 CELL CYTOKINE PRODUCTION,Immune response,5,262,2,40,General,General,Undefined,ImmuneGO by Modules
T-HELPER 1 CELL DIAPEDESIS,Immune response,1,262,1,100,General,General,Undefined,ImmuneGO by Modules
T-HELPER 1 CELL DIFFERENTIATION,Innate immune response,14,250,2,14.285714285714285,Innate,General,Innate,ImmuneGO by Modules
T-HELPER 1 CELL LINEAGE COMMITMENT,"Lineage commitment, Th1 cell",5,3,3,60,Adaptive,Cellular,T helper,ImmuneGO by Modules
T-HELPER 1 TYPE IMMUNE RESPONSE,"Immune response, Th1",9,5,3,33.33333333333333,Adaptive,Cellular,T helper,ImmuneGO by Modules
T-HELPER 17 CELL CHEMOTAXIS,Immune response,1,262,1,100,General,General,Undefined,ImmuneGO by Modules
T-HELPER 17 CELL DIFFERENTIATION,"Differentiation, Th17 cell",7,2,2,28.57142857142857,Adaptive,Cellular,T helper,ImmuneGO by Modules
T-HELPER 17 CELL LINEAGE COMMITMENT,"Lineage commitment, Th17 cell",11,4,1,9.090909090909092,Adaptive,Cellular,T helper,ImmuneGO by Modules
T-HELPER 17 TYPE IMMUNE RESPONSE,"Immune response, Th17",5,3,3,60,Adaptive,Cellular,T helper,ImmuneGO by Modules
T-HELPER 2 CELL ACTIVATION,Immune response,1,262,1,100,General,General,Undefined,ImmuneGO by Modules
T-HELPER 2 CELL CYTOKINE PRODUCTION,"Immune system, Process",6,509,1,16.666666666666664,General,General,Undefined,ImmuneGO by Modules
T-HELPER 2 CELL DIFFERENTIATION,"Differentiation, Th2 cell",13,7,6,46.15384615384615,Adaptive,Cellular,T helper,ImmuneGO by Modules
T-HELPER CELL DIFFERENTIATION,"Differentiation, Th cell",5,3,3,60,Adaptive,Cellular,T helper,ImmuneGO by Modules
THYMIC T CELL SELECTION,"Differentiation, T cell",6,29,3,50,Adaptive,Cellular,T cell,ImmuneGO by Modules
THYMOCYTE MIGRATION,"Migration, T cell",4,9,2,50,Adaptive,Cellular,T cell,ImmuneGO by Modules
THYMUS DEVELOPMENT,"Development, Thymocyte",66,25,24,36.36363636363637,Adaptive,Cellular,Thymocyte,ImmuneGO by Modules
TIRAP-DEPENDENT TOLL-LIKE RECEPTOR 4 SIGNALING PATHWAY,"Immune system, Process",1,509,1,100,General,General,Undefined,ImmuneGO by Modules
TOLERANCE INDUCTION TO LIPOPOLYSACCHARIDE,"Tolerance, Induction, LPS",3,2,2,66.66666666666666,Adaptive,Tolerance,Undefined,ImmuneGO by Modules
TOLL-LIKE RECEPTOR 2 SIGNALING PATHWAY,"PRR, TLR2, Pathway",9,2,2,22.22222222222222,Innate,PRR,All,ImmuneGO by Modules
TOLL-LIKE RECEPTOR 2 SIGNALING PATHWAY,"PRR, TLR9, Pathway",9,2,2,22.22222222222222,Innate,PRR,All,ImmuneGO by Modules
TOLL-LIKE RECEPTOR 3 SIGNALING PATHWAY,"Immune system, Process",23,509,4,17.391304347826086,General,General,Undefined,ImmuneGO by Modules
TOLL-LIKE RECEPTOR 4 SIGNALING PATHWAY,"PRR, TLR4, Pathway",49,9,8,16.3265306122449,Innate,PRR,All,ImmuneGO by Modules
TOLL-LIKE RECEPTOR 7 SIGNALING PATHWAY,"PRR, TLR4, Pathway",8,9,2,25,Innate,PRR,All,ImmuneGO by Modules
TOLL-LIKE RECEPTOR 9 SIGNALING PATHWAY,"PRR, TLR2, Pathway",11,2,2,18.181818181818183,Innate,PRR,All,ImmuneGO by Modules
TOLL-LIKE RECEPTOR 9 SIGNALING PATHWAY,"PRR, TLR9, Pathway",11,2,2,18.181818181818183,Innate,PRR,All,ImmuneGO by Modules
TOLL-LIKE RECEPTOR SIGNALING PATHWAY,"PRR, TLR, Pathway",41,9,8,19.51219512195122,Innate,PRR,All,ImmuneGO by Modules
TOLL-LIKE RECEPTOR TLR1:TLR2 SIGNALING PATHWAY,"PRR, TLR4, Pathway",1,9,1,100,Innate,PRR,All,ImmuneGO by Modules
TRAM-DEPENDENT TOLL-LIKE RECEPTOR 4 SIGNALING PATHWAY,"PRR, TLR4 TRAM dep, Pathway",3,3,3,100,Innate,PRR,All,ImmuneGO by Modules
TRANSITIONAL ONE STAGE B CELL DIFFERENTIATION,"Signaling, T cell",2,52,1,50,Adaptive,Cellular,T cell,ImmuneGO by Modules
TRIF-DEPENDENT TOLL-LIKE RECEPTOR SIGNALING PATHWAY,"Immune system, Process",10,509,3,30,General,General,Undefined,ImmuneGO by Modules
TYPE 2 IMMUNE RESPONSE,"Immune response, Th2",9,4,3,33.33333333333333,Adaptive,Cellular,T cell,ImmuneGO by Modules
TYPE I HYPERSENSITIVITY,"Degranulation, Mast cell",2,14,1,50,Innate,Cells,Mast cell,ImmuneGO by Modules
TYPE I INTERFERON-MEDIATED SIGNALING PATHWAY,"Signaling, Interferon I, Pathway",41,19,12,29.268292682926827,Innate,Interferon,Undefined,ImmuneGO by Modules
TYPE II INTERFERON-MEDIATED SIGNALING PATHWAY,"Signaling, Interferon II, Pathway",11,8,5,45.45454545454545,Innate,Interferon,Undefined,ImmuneGO by Modules
TYPE III INTERFERON-MEDIATED SIGNALING PATHWAY,"Activation, Microglial cell",3,13,2,66.66666666666666,Innate,Cellular,Microglial cell,ImmuneGO by Modules
V(D)J RECOMBINATION,V(D)J Recombination,17,6,5,29.411764705882355,Adaptive,General,Lymphocyte,ImmuneGO by Modules
