STANDARD_NAME	HOUNKPE_HOUSEKEEPING_GENES
SYSTEMATIC_NAME	M42508
COLLECTION	C2:CGP
MSIGDB_URL	https://www.gsea-msigdb.org/gsea/msigdb/human/geneset/HOUNKPE_HOUSEKEEPING_GENES
NAMESPACE	HUMAN_GENE_SYMBOL
DESCRIPTION_BRIEF	List of 1130 human and mouse housekeeping genes. This list shows the overlap of human genes stably expressed across 52 tissues and cells types and mouse genes with at least one of their transcripts expressed across 14 tissues and cells types.
DESCRIPTION_FULL	Housekeeping (HK) genes are constitutively expressed genes that are required for the maintenance of basic cellular functions. Despite their importance in the calibration of gene expression, as well as the understanding of many genomic and evolutionary features, important discrepancies have been observed in studies that previously identified these genes. Here, we present Housekeeping and Reference Transcript Atlas (HRT Atlas v1.0, www.housekeeping.unicamp.br) a web-based database which addresses some of the previously observed limitations in the identification of these genes and offers a more accurate database of human HK genes and transcripts. The database was generated by mining massive human and mouse RNA-seq data sets, including 11 281 and 507 high-quality RNA-seq samples from 52 human non-disease tissues/cells and 14 healthy tissues/cells of C57BL/6 wild type mouse, respectively. Overall, 2176 housekeeping genes have been identified in this study.
PMID	32663312
GEOID	
AUTHORS	Hounkpe BW,Chenou F,de Lima F,De Paula EV
CONTRIBUTOR	Bidossessi Wilfried Hounkpe
CONTRIBUTOR_ORG	Unicamp
EXACT_SOURCE	https://housekeeping.unicamp.br/Human_Mouse_Common.csv
FILTERED_BY_SIMILARITY	
EXTERNAL_NAMES_FOR_SIMILAR_TERMS	
EXTERNAL_DETAILS_URL	https://housekeeping.unicamp.br/?about
SOURCE_MEMBERS	AAMP,AAR2,AARS,AARSD1,AASDHPPT,ABCE1,ABCF2,ACAD9,ACBD3,ACBD6,ACTR1A,ACTR1B,ACTR2,ADH5,ADIPOR2,ADRM1,AGAP3,AGGF1,AHSA1,AIDA,AIP,AK2,AK3,AKIRIN1,AKIRIN2,AKT1,ALDH9A1,ALKBH5,AMFR,ANAPC2,ANKFY1,ANKLE2,ANKRD10,ANKRD40,ANKRD52,ANKS1A,ANP32A,ANP32B,AP1G1,AP2M1,AP3M1,AP3S2,APEH,APH1A,API5,APPL1,ARAF,ARCN1,ARF1,ARF4,ARFGAP2,ARFGAP3,ARFGEF2,ARHGAP1,ARIH2,ARL1,ARL14EP,ARL6IP1,ARL8B,ARMC1,ARMCX3,ARNT,ARPC2,ARPP19,ASNA1,ASNSD1,ASXL1,ATF6,ATF6B,ATG101,ATG3,ATP5PF,ATP6AP2,ATP6V0E1,ATPAF1,B4GALT7,BAD,BAG1,BAG6,BANF1,BAP1,BAZ1B,BCAP31,BCCIP,BCKDK,BET1L,BFAR,BLOC1S2,BMI1,BNIP3L,BOD1,BORCS7,BRD3,BRD4,BRK1,BRMS1,BSDC1,BTBD1,BTBD2,BTF3,BTF3L4,BUB3,BUD31,BZW1,C11orf98,C14orf119,C16orf70,C16orf72,C1orf174,C1orf43,C6orf120,C6orf89,C9orf78,CAB39,CACTIN,CALM1,CALR,CAND1,CASC3,CBX1,CBY1,CCAR2,CCDC124,CCDC22,CCDC47,CCDC50,CCDC97,CCNI,CCNK,CCT2,CCT4,CCZ1,CD2BP2,CDC123,CDC16,CDC23,CDC26,CDC34,CDC37,CDC37L1,CDC42,CDC42SE1,CDC5L,CDK4,CDKN1B,CEBPZ,CEBPZOS,CFDP1,CFL1,CGGBP1,CHCHD1,CHMP2A,CHMP2B,CHMP3,CHMP4B,CHMP6,CHP1,CHTOP,CIPC,CLNS1A,CLPP,CLPTM1,CLPTM1L,CMAS,CMPK1,CMTR1,CNBP,CNOT11,CNPPD1,COA3,COA5,COA6,COASY,COG3,COG7,COMMD7,COMT,COPA,COPB2,COPE,COPG1,COPS4,COPS5,COPS6,COPZ1,COQ5,COX15,COX17,CREBBP,CRK,CRKL,CRTC3,CSNK1A1,CSNK1D,CSNK1G2,CSNK2A1,CSNK2A2,CSNK2B,CTBP1,CTDNEP1,CTNNB1,CTNNBL1,CUEDC2,CUL1,CUL3,CUL4B,CUTA,CYB5B,DAD1,DAP3,DARS,DCAF12,DCAF15,DCAF5,DCTN2,DCTN3,DCTN4,DCTPP1,DDB1,DDX1,DDX17,DDX18,DDX19A,DDX23,DDX27,DDX47,DDX51,DEAF1,DENND6A,DENR,DERL1,DHPS,DHX15,DHX29,DHX38,DHX40,DIMT1,DNAJA1,DNAJA2,DNAJA3,DNAJB11,DNAJB6,DNAJC1,DNAJC11,DNAJC13,DNAJC3,DNAJC4,DNAJC5,DNAJC7,DNAJC8,DNAJC9,DNLZ,DNTTIP1,DPY30,DRG1,DUSP11,DYNC1LI1,DYNLRB1,E2F4,E4F1,EAPP,EBAG9,EBNA1BP2,EDC3,EEF1D,EEFSEC,EGLN2,EIF1AX,EIF1B,EIF2AK1,EIF2B1,EIF2D,EIF2S1,EIF2S2,EIF3A,EIF3B,EIF3D,EIF3E,EIF3G,EIF3I,EIF3K,EIF3M,EIF4A1,EIF4A3,EIF4B,EIF4G2,EIF4H,EIF5A,EIF5B,ELAVL1,ELK1,ELL,ELOF1,EMC2,EMC3,EMC4,EMC6,EMC7,EMC8,EMD,ENSA,EPN1,ERAL1,ERGIC1,ERGIC3,ERH,ERI3,ERLEC1,ERP29,ERP44,ETF1,EXOC2,EXOSC4,FAF2,FAM122A,FAM160B1,FAM168A,FAM168B,FAM192A,FAM20B,FAM32A,FAM50A,FAM98A,FBL,FBXL3,FBXO28,FBXO42,FBXW4,FBXW5,FCF1,FEM1B,FIBP,FIS1,FIZ1,FKBP8,FLCN,FRG1,FTSJ3,FUBP3,FXR2,FZR1,G3BP1,G3BP2,G6PC3,GABARAPL2,GATAD1,GATAD2B,GBF1,GDI2,GET4,GGA2,GID8,GLE1,GNB1,GNL2,GNPAT,GNPTG,GOLGA3,GOLGA4,GOLPH3,GORASP2,GOSR2,GPBP1,GPI,GPKOW,GPN2,GPN3,GPX4,GSK3A,GSPT1,GSTO1,GTF2B,GTF2E2,GTF2F1,GTF2F2,GTF3A,GTF3C3,GTF3C6,GTPBP1,GUK1,H2AFV,H3F3B,HAT1,HAX1,HCFC1,HDLBP,HERPUD2,HGS,HIGD1A,HINT1,HIPK1,HMGXB3,HNRNPA1,HNRNPA2B1,HNRNPAB,HNRNPD,HNRNPDL,HNRNPM,HNRNPU,HNRNPUL1,HNRNPUL2,HP1BP3,HSBP1,HSD17B12,HSF1,HSP90AB1,HSP90B1,HSPA4,HSPE1,HTATSF1,HTT,ICMT,IER3IP1,IGBP1,IK,ILF2,ILF3,ILKAP,INO80,INTS10,INTS12,IPO5,IPO8,IPO9,IQSEC1,ISCA2,ISCU,ITCH,IWS1,JAGN1,JAK1,JOSD1,JTB,KARS,KAT8,KBTBD2,KCMF1,KCTD20,KCTD5,KDELR1,KDELR2,KDM1A,KDM2A,KDM4B,KEAP1,KHDRBS1,KHSRP,KIAA0100,KIAA0319L,KIF1BP,KLHDC10,KPNA1,KPNA3,KPNA4,KPNA6,KRAS,KXD1,LAMP2,LAMTOR1,LAMTOR5,LARP1,LARP4B,LARS,LCMT1,LDB1,LEMD2,LENG1,LENG8,LMAN1,LMAN2,LMF2,LONP1,LONP2,LRPAP1,LRPPRC,LRRC41,LRRC59,LSM1,LSM12,LSM14A,LSM14B,LSM4,LTV1,LUC7L3,MAEA,MAGOH,MAN1A2,MAP2K1,MAP2K2,MAPK1,MAPK1IP1L,MAPK8IP3,MAPRE1,MARCH5,MAU2,MAX,MAZ,MBD1,MBD2,MCCC2,MCMBP,MCRS1,MCTS1,MEA1,MECP2,MED10,MED13,MED19,MED21,MED25,MED28,MED4,MED9,MEPCE,METTL9,MFN2,MFSD14A,MGRN1,MIEF1,MKRN2,MLEC,MLF2,MMADHC,MORC2,MORF4L1,MORF4L2,MPHOSPH10,MRPL14,MRPL17,MRPL18,MRPL22,MRPL24,MRPL28,MRPL36,MRPL37,MRPL38,MRPL39,MRPL41,MRPL43,MRPL44,MRPL49,MRPL51,MRPL57,MRPL9,MRPS10,MRPS14,MRPS16,MRPS17,MRPS2,MRPS25,MRPS28,MRPS30,MRPS5,MRPS9,MRTO4,MSL1,MSL2,MTCH1,MTDH,MTFR1L,MTOR,MTPN,MYCBP2,MYDGF,NACA,NAP1L1,NAP1L4,NAPA,NAPG,NARS,NAT10,NCBP1,NCBP2,NCL,NCOA5,NDST1,NDUFAF2,NDUFB8,NEDD8,NELFB,NFATC2IP,NFX1,NFYB,NGDN,NGRN,NIFK,NMD3,NMT1,NOB1,NOL7,NOP14,NOP9,NOSIP,NPEPPS,NPLOC4,NRBP1,NSA2,NSMCE1,NSMCE4A,NT5C2,NUCKS1,NUDC,NUDT16L1,NUDT21,NUDT9,NUFIP2,NUMA1,NUP133,NUP153,NUS1,NXF1,OGT,OS9,OSBP,OST4,OSTC,OTUB1,OTUD4,OXSR1,P4HB,PA2G4,PABPN1,PACS1,PACSIN2,PAF1,PAFAH1B1,PAFAH1B2,PAIP1,PARK7,PARN,PARP1,PATL1,PBDC1,PBX2,PCBP1,PCBP2,PCGF3,PCIF1,PCMT1,PCMTD2,PCSK7,PCYOX1,PCYT1A,PDAP1,PDCD6,PDCD7,PDIA3,PDIA6,PDPK1,PDS5A,PDZD11,PELP1,PFDN1,PFDN2,PGAM5,PGRMC2,PHF12,PHF5A,PHRF1,PIGH,PIN1,PIP5K1C,PITHD1,PLAA,PMPCA,PMPCB,PNO1,PNRC2,POFUT1,POLD2,POLE3,POLR1D,POLR2C,POLR2J,POLR2K,POLR3C,POP7,PPIB,PPID,PPP1CC,PPP1R11,PPP1R15B,PPP1R37,PPP1R8,PPP2CA,PPP2CB,PPP2R1A,PPP2R5A,PPP2R5C,PPP2R5E,PPP5C,PPP6C,PPP6R1,PPP6R2,PPT1,PPTC7,PRCC,PRDM4,PRDX5,PREB,PREP,PRKAA1,PRKAR1A,PRKAR2A,PRKCSH,PRKRA,PRPF18,PRPF19,PRPF38A,PRPS1,PRPSAP1,PSMA2,PSMA5,PSMA6,PSMA7,PSMB1,PSMB2,PSMB4,PSMB6,PSMB7,PSMC1,PSMC3,PSMC5,PSMD1,PSMD10,PSMD11,PSMD12,PSMD14,PSMD3,PSMD4,PSMD5,PSMD6,PSMD7,PSMD8,PSME3,PSMG2,PSMG3,PTEN,PTPN11,PTRH2,PUF60,PUM2,PURB,PWP1,PWP2,QRICH1,R3HCC1,RAB11A,RAB11B,RAB14,RAB1B,RAB2A,RAB35,RAB3GAP1,RAB5A,RAB6A,RAB7A,RAB9A,RABGGTB,RABL6,RAC1,RAD21,RAD23A,RAD23B,RALA,RALBP1,RALY,RANBP1,RANBP10,RANBP2,RANBP9,RANGAP1,RARS2,RBCK1,RBM14,RBM17,RBM25,RBM4,RBM42,RBM8A,RBMX2,RBX1,RC3H2,RER1,RERE,RGP1,RHBDD2,RHEB,RHOT2,RING1,RMND5A,RNF113A,RNF139,RNF167,RNF168,RNF181,RNF20,RNF216,RNPS1,RPA1,RPA2,RPL15,RPL22,RPL35A,RPL4,RPL7L1,RPN1,RPN2,RPS19BP1,RRAGA,RRN3,RRP36,RRP7A,RRP9,RSL24D1,RSRC2,RTCB,RTF1,RUVBL1,SAP18,SAR1A,SARNP,SARS,SART1,SART3,SAV1,SBDS,SCAF1,SCYL1,SCYL2,SDF4,SDHAF2,SEC13,SEC24B,SEC31A,SEC61B,SEC62,SENP2,SENP5,SEPHS1,SERBP1,SERP1,SETD5,SF1,SF3A2,SF3A3,SF3B1,SF3B2,SF3B4,SF3B5,SF3B6,SFPQ,SGTA,SH2B1,SH3GL1,SHARPIN,SKP1,SLC25A11,SLC25A28,SLC25A3,SLC25A5,SLC30A5,SLC30A9,SLC35A1,SLC35A4,SLC35E1,SLC39A6,SLC4A1AP,SLIRP,SLTM,SLU7,SMAD2,SMAP1,SMARCA5,SMARCB1,SMARCC1,SMC1A,SMDT1,SMIM11A,SMIM12,SMPD1,SMU1,SMYD5,SNAP29,SNAPIN,SND1,SNF8,SNRNP35,SNRNP70,SNRPA,SNRPB,SNRPD3,SNX1,SNX12,SNX19,SNX27,SNX3,SOD1,SON,SP1,SP2,SPAG7,SPAG9,SPG11,SPG7,SPPL3,SPRYD3,SPTSSA,SREBF2,SRM,SRP14,SRP9,SRPRB,SRRM1,SRSF1,SRSF10,SRSF11,SRSF2,SRSF3,SRSF4,SRSF6,SRSF9,SSBP1,SSNA1,SSR2,SSR3,SSRP1,SSU72,ST13,STAT3,STAU1,STIM1,STIP1,STK11,STK24,STK38,STRAP,STRN4,STT3B,STUB1,STX4,STX5,STX8,SUB1,SUGT1,SUMO1,SUPT6H,SURF4,SYF2,SYNCRIP,TAB1,TADA2B,TADA3,TAF10,TAOK2,TARDBP,TAX1BP1,TBC1D20,TBCA,TBCB,TBCD,TBK1,TBL1XR1,TCF25,TCP1,TERF2IP,TEX261,THAP11,THOC7,THRAP3,TIMM17A,TIMM17B,TIMM22,TM9SF3,TMBIM6,TMCO1,TMED1,TMED10,TMED4,TMED9,TMEM101,TMEM127,TMEM147,TMEM165,TMEM183A,TMEM203,TMEM219,TMEM230,TMEM245,TMEM248,TMEM251,TMEM256,TMEM258,TMEM259,TMEM30A,TMEM42,TMEM50A,TMEM60,TMX3,TMX4,TNKS,TNKS2,TOLLIP,TOMM20,TOMM22,TOMM70,TOR1A,TOR1B,TPI1,TPP2,TRAM1,TRAPPC3,TRIM28,TRIP12,TRIP4,TRMT112,TRPC4AP,TSN,TSPYL1,TSR1,TSR3,TSTA3,TTC1,TTC37,TUBG1,TUSC2,TUT1,TXN2,TXNDC12,TXNDC9,TXNL1,U2AF1,U2AF2,UBA1,UBA2,UBAC1,UBAP2L,UBE2D2,UBE2F,UBE2G1,UBE2I,UBE2J1,UBE2K,UBE2Q1,UBE2R2,UBE2Z,UBE3C,UBFD1,UBL4A,UBL5,UBL7,UBP1,UBQLN1,UBQLN4,UBR4,UBXN1,UFC1,UFL1,UFM1,UGP2,UROD,USB1,USP14,USP22,USP39,USP4,USP48,UTP18,UTP3,VCP,VDAC1,VEZF1,VPS16,VPS25,VPS26A,VPS26B,VPS29,VPS36,VPS37C,VPS51,VPS52,VTI1B,WAC,WASL,WBP4,WDR45B,WDR46,WDR55,WDR82,WDR83OS,WHAMM,WIPI2,WRNIP1,XPOT,YARS,YIF1A,YIPF3,YKT6,YME1L1,YTHDC1,YTHDF1,YWHAB,YWHAE,YWHAQ,YY1,ZBTB17,ZC3H11A,ZC3H15,ZC3H18,ZC3H3,ZDHHC6,ZDHHC7,ZFP91,ZFPL1,ZFYVE21,ZMAT2,ZMIZ1,ZMPSTE24,ZMYND19,ZNF146,ZNF330,ZNF593,ZNF706,ZNF777,ZNF865,ZRANB1,ZRANB2,ZRSR2,ZYG11B
GENE_SYMBOLS	AAMP,AAR2,AARS1,AARSD1,AASDHPPT,ABCE1,ABCF2,ACAD9,ACBD3,ACBD6,ACTR1A,ACTR1B,ACTR2,ADH5,ADIPOR2,ADRM1,AGAP3,AGGF1,AHSA1,AIDA,AIP,AK2,AK3,AKIRIN1,AKIRIN2,AKT1,ALDH9A1,ALKBH5,AMFR,ANAPC2,ANKFY1,ANKLE2,ANKRD10,ANKRD40,ANKRD52,ANKS1A,ANP32A,ANP32B,AP1G1,AP2M1,AP3M1,AP3S2,APEH,APH1A,API5,APPL1,ARAF,ARCN1,ARF1,ARF4,ARFGAP2,ARFGAP3,ARFGEF2,ARHGAP1,ARIH2,ARL1,ARL14EP,ARL6IP1,ARL8B,ARMC1,ARMCX3,ARNT,ARPC2,ARPP19,GET3,ASNSD1,ASXL1,ATF6,ATF6B,ATG101,ATG3,ATP5PF,ATP6AP2,ATP6V0E1,ATPAF1,B4GALT7,BAD,BAG1,BAG6,BANF1,BAP1,BAZ1B,BCAP31,BCCIP,BCKDK,BET1L,BFAR,BLOC1S2,BMI1,BNIP3L,BOD1,BORCS7,BRD3,BRD4,BRK1,BRMS1,BSDC1,BTBD1,BTBD2,BTF3,BTF3L4,BUB3,BUD31,BZW1,C11orf98,C14orf119,PHAF1,HAPSTR1,C1orf174,C1orf43,C6orf120,C6orf89,C9orf78,CAB39,CACTIN,CALM1,CALR,CAND1,CASC3,CBX1,CBY1,CCAR2,CCDC124,CCDC22,CCDC47,CCDC50,CCDC97,CCNI,CCNK,CCT2,CCT4,CCZ1,CD2BP2,CDC123,CDC16,CDC23,CDC26,CDC34,CDC37,CDC37L1,CDC42,CDC42SE1,CDC5L,CDK4,CDKN1B,CEBPZ,CEBPZOS,CFDP1,CFL1,CGGBP1,CHCHD1,CHMP2A,CHMP2B,CHMP3,CHMP4B,CHMP6,CHP1,CHTOP,CIPC,CLNS1A,CLPP,CLPTM1,CLPTM1L,CMAS,CMPK1,CMTR1,CNBP,CNOT11,CNPPD1,COA3,COA5,COA6,COASY,COG3,COG7,COMMD7,COMT,COPA,COPB2,COPE,COPG1,COPS4,COPS5,COPS6,COPZ1,COQ5,COX15,COX17,CREBBP,CRK,CRKL,CRTC3,CSNK1A1,CSNK1D,CSNK1G2,CSNK2A1,CSNK2A2,CSNK2B,CTBP1,CTDNEP1,CTNNB1,CTNNBL1,CUEDC2,CUL1,CUL3,CUL4B,CUTA,CYB5B,DAD1,DAP3,DARS1,DCAF12,DCAF15,DCAF5,DCTN2,DCTN3,DCTN4,DCTPP1,DDB1,DDX1,DDX17,DDX18,DDX19A,DDX23,DDX27,DDX47,DDX51,DEAF1,DENND6A,DENR,DERL1,DHPS,DHX15,DHX29,DHX38,DHX40,DIMT1,DNAJA1,DNAJA2,DNAJA3,DNAJB11,DNAJB6,DNAJC1,DNAJC11,DNAJC13,DNAJC3,DNAJC4,DNAJC5,DNAJC7,DNAJC8,DNAJC9,DNLZ,DNTTIP1,DPY30,DRG1,DUSP11,DYNC1LI1,DYNLRB1,E2F4,E4F1,EAPP,EBAG9,EBNA1BP2,EDC3,EEF1D,EEFSEC,EGLN2,EIF1AX,EIF1B,EIF2AK1,EIF2B1,EIF2D,EIF2S1,EIF2S2,EIF3A,EIF3B,EIF3D,EIF3E,EIF3G,EIF3I,EIF3K,EIF3M,EIF4A1,EIF4A3,EIF4B,EIF4G2,EIF4H,EIF5A,EIF5B,ELAVL1,ELK1,ELL,ELOF1,EMC2,EMC3,EMC4,EMC6,EMC7,EMC8,EMD,ENSA,EPN1,ERAL1,ERGIC1,ERGIC3,ERH,ERI3,ERLEC1,ERP29,ERP44,ETF1,EXOC2,EXOSC4,FAF2,PABIR1,FHIP2A,FAM168A,FAM168B,PSME3IP1,FAM20B,FAM32A,FAM50A,FAM98A,FBL,FBXL3,FBXO28,FBXO42,FBXW4,FBXW5,FCF1,FEM1B,FIBP,FIS1,FIZ1,FKBP8,FLCN,FRG1,FTSJ3,FUBP3,FXR2,FZR1,G3BP1,G3BP2,G6PC3,GABARAPL2,GATAD1,GATAD2B,GBF1,GDI2,GET4,GGA2,GID8,GLE1,GNB1,GNL2,GNPAT,GNPTG,GOLGA3,GOLGA4,GOLPH3,GORASP2,GOSR2,GPBP1,GPI,GPKOW,GPN2,GPN3,GPX4,GSK3A,GSPT1,GSTO1,GTF2B,GTF2E2,GTF2F1,GTF2F2,GTF3A,GTF3C3,GTF3C6,GTPBP1,GUK1,H2AZ2,H3-3B,HAT1,HAX1,HCFC1,HDLBP,HERPUD2,HGS,HIGD1A,HINT1,HIPK1,HMGXB3,HNRNPA1,HNRNPA2B1,HNRNPAB,HNRNPD,HNRNPDL,HNRNPM,HNRNPU,HNRNPUL1,HNRNPUL2,HP1BP3,HSBP1,HSD17B12,HSF1,HSP90AB1,HSP90B1,HSPA4,HSPE1,HTATSF1,HTT,ICMT,IER3IP1,IGBP1,IK,ILF2,ILF3,ILKAP,INO80,INTS10,INTS12,IPO5,IPO8,IPO9,IQSEC1,ISCA2,ISCU,ITCH,IWS1,JAGN1,JAK1,JOSD1,JTB,KARS1,KAT8,KBTBD2,KCMF1,KCTD20,KCTD5,KDELR1,KDELR2,KDM1A,KDM2A,KDM4B,KEAP1,KHDRBS1,KHSRP,BLTP2,KIAA0319L,KIFBP,KLHDC10,KPNA1,KPNA3,KPNA4,KPNA6,KRAS,KXD1,LAMP2,LAMTOR1,LAMTOR5,LARP1,LARP4B,LARS1,LCMT1,LDB1,LEMD2,LENG1,LENG8,LMAN1,LMAN2,LMF2,LONP1,LONP2,LRPAP1,LRPPRC,LRRC41,LRRC59,LSM1,LSM12,LSM14A,LSM14B,LSM4,LTV1,LUC7L3,MAEA,MAGOH,MAN1A2,MAP2K1,MAP2K2,MAPK1,MAPK1IP1L,MAPK8IP3,MAPRE1,MARCHF5,MAU2,MAX,MAZ,MBD1,MBD2,MCCC2,MCMBP,MCRS1,MCTS1,MEA1,MECP2,MED10,MED13,MED19,MED21,MED25,MED28,MED4,MED9,MEPCE,METTL9,MFN2,MFSD14A,MGRN1,MIEF1,MKRN2,MLEC,MLF2,MMADHC,MORC2,MORF4L1,MORF4L2,MPHOSPH10,MRPL14,MRPL17,MRPL18,MRPL22,MRPL24,MRPL28,MRPL36,MRPL37,MRPL38,MRPL39,MRPL41,MRPL43,MRPL44,MRPL49,MRPL51,MRPL57,MRPL9,MRPS10,MRPS14,MRPS16,MRPS17,MRPS2,MRPS25,MRPS28,MRPS30,MRPS5,MRPS9,MRTO4,MSL1,MSL2,MTCH1,MTDH,MTFR1L,MTOR,MTPN,MYCBP2,MYDGF,NACA,NAP1L1,NAP1L4,NAPA,NAPG,NARS1,NAT10,NCBP1,NCBP2,NCL,NCOA5,NDST1,NDUFAF2,NDUFB8,NEDD8,NELFB,NFATC2IP,NFX1,NFYB,NGDN,NGRN,NIFK,NMD3,NMT1,NOB1,NOL7,NOP14,NOP9,NOSIP,NPEPPS,NPLOC4,NRBP1,NSA2,NSMCE1,NSMCE4A,NT5C2,NUCKS1,NUDC,NUDT16L1,NUDT21,NUDT9,NUFIP2,NUMA1,NUP133,NUP153,NUS1,NXF1,OGT,OS9,OSBP,OST4,OSTC,OTUB1,OTUD4,OXSR1,P4HB,PA2G4,PABPN1,PACS1,PACSIN2,PAF1,PAFAH1B1,PAFAH1B2,PAIP1,PARK7,PARN,PARP1,PATL1,PBDC1,PBX2,PCBP1,PCBP2,PCGF3,PCIF1,PCMT1,PCMTD2,PCSK7,PCYOX1,PCYT1A,PDAP1,PDCD6,PDCD7,PDIA3,PDIA6,PDPK1,PDS5A,PDZD11,PELP1,PFDN1,PFDN2,PGAM5,PGRMC2,PHF12,PHF5A,PHRF1,PIGH,PIN1,PIP5K1C,PITHD1,PLAA,PMPCA,PMPCB,PNO1,PNRC2,POFUT1,POLD2,POLE3,POLR1D,POLR2C,POLR2J,POLR2K,POLR3C,POP7,PPIB,PPID,PPP1CC,PPP1R11,PPP1R15B,PPP1R37,PPP1R8,PPP2CA,PPP2CB,PPP2R1A,PPP2R5A,PPP2R5C,PPP2R5E,PPP5C,PPP6C,PPP6R1,PPP6R2,PPT1,PPTC7,PRCC,PRDM4,PRDX5,PREB,PREP,PRKAA1,PRKAR1A,PRKAR2A,PRKCSH,PRKRA,PRPF18,PRPF19,PRPF38A,PRPS1,PRPSAP1,PSMA2,PSMA5,PSMA6,PSMA7,PSMB1,PSMB2,PSMB4,PSMB6,PSMB7,PSMC1,PSMC3,PSMC5,PSMD1,PSMD10,PSMD11,PSMD12,PSMD14,PSMD3,PSMD4,PSMD5,PSMD6,PSMD7,PSMD8,PSME3,PSMG2,PSMG3,PTEN,PTPN11,PTRH2,PUF60,PUM2,PURB,PWP1,PWP2,QRICH1,R3HCC1,RAB11A,RAB11B,RAB14,RAB1B,RAB2A,RAB35,RAB3GAP1,RAB5A,RAB6A,RAB7A,RAB9A,RABGGTB,RABL6,RAC1,RAD21,RAD23A,RAD23B,RALA,RALBP1,RALY,RANBP1,RANBP10,RANBP2,RANBP9,RANGAP1,RARS2,RBCK1,RBM14,RBM17,RBM25,RBM4,RBM42,RBM8A,RBMX2,RBX1,RC3H2,RER1,RERE,RGP1,RHBDD2,RHEB,RHOT2,RING1,RMND5A,RNF113A,RNF139,RNF167,RNF168,RNF181,RNF20,RNF216,RNPS1,RPA1,RPA2,RPL15,RPL22,RPL35A,RPL4,RPL7L1,RPN1,RPN2,RPS19BP1,RRAGA,RRN3,RRP36,RRP7A,RRP9,RSL24D1,RSRC2,RTCB,RTF1,RUVBL1,SAP18,SAR1A,SARNP,SARS1,SART1,SART3,SAV1,SBDS,SCAF1,SCYL1,SCYL2,SDF4,SDHAF2,SEC13,SEC24B,SEC31A,SEC61B,SEC62,SENP2,SENP5,SEPHS1,SERBP1,SERP1,SETD5,SF1,SF3A2,SF3A3,SF3B1,SF3B2,SF3B4,SF3B5,SF3B6,SFPQ,SGTA,SH2B1,SH3GL1,SHARPIN,SKP1,SLC25A11,SLC25A28,SLC25A3,SLC25A5,SLC30A5,SLC30A9,SLC35A1,SLC35A4,SLC35E1,SLC39A6,SLC4A1AP,SLIRP,SLTM,SLU7,SMAD2,SMAP1,SMARCA5,SMARCB1,SMARCC1,SMC1A,SMDT1,SMIM11,SMIM12,SMPD1,SMU1,SMYD5,SNAP29,SNAPIN,SND1,SNF8,SNRNP35,SNRNP70,SNRPA,SNRPB,SNRPD3,SNX1,SNX12,SNX19,SNX27,SNX3,SOD1,SON,SP1,SP2,SPAG7,SPAG9,SPG11,SPG7,SPPL3,SPRYD3,SPTSSA,SREBF2,SRM,SRP14,SRP9,SRPRB,SRRM1,SRSF1,SRSF10,SRSF11,SRSF2,SRSF3,SRSF4,SRSF6,SRSF9,SSBP1,SSNA1,SSR2,SSR3,SSRP1,SSU72,ST13,STAT3,STAU1,STIM1,STIP1,STK11,STK24,STK38,STRAP,STRN4,STT3B,STUB1,STX4,STX5,STX8,SUB1,SUGT1,SUMO1,SUPT6H,SURF4,SYF2,SYNCRIP,TAB1,TADA2B,TADA3,TAF10,TAOK2,TARDBP,TAX1BP1,TBC1D20,TBCA,TBCB,TBCD,TBK1,TBL1XR1,TCF25,TCP1,TERF2IP,TEX261,THAP11,THOC7,THRAP3,TIMM17A,TIMM17B,TIMM22,TM9SF3,TMBIM6,TMCO1,TMED1,TMED10,TMED4,TMED9,TMEM101,TMEM127,TMEM147,TMEM165,TMEM183A,TMEM203,TMEM219,TMEM230,TMEM245,TMEM248,LYSET,TMEM256,TMEM258,TMEM259,TMEM30A,TMEM42,TMEM50A,TMEM60,TMX3,TMX4,TNKS,TNKS2,TOLLIP,TOMM20,TOMM22,TOMM70,TOR1A,TOR1B,TPI1,TPP2,TRAM1,TRAPPC3,TRIM28,TRIP12,TRIP4,TRMT112,TRPC4AP,TSN,TSPYL1,TSR1,TSR3,GFUS,TTC1,SKIC3,TUBG1,TUSC2,TUT1,TXN2,TXNDC12,TXNDC9,TXNL1,U2AF1,U2AF2,UBA1,UBA2,UBAC1,UBAP2L,UBE2D2,UBE2F,UBE2G1,UBE2I,UBE2J1,UBE2K,UBE2Q1,UBE2R2,UBE2Z,UBE3C,UBFD1,UBL4A,UBL5,UBL7,UBP1,UBQLN1,UBQLN4,UBR4,UBXN1,UFC1,UFL1,UFM1,UGP2,UROD,USB1,USP14,USP22,USP39,USP4,USP48,UTP18,UTP3,VCP,VDAC1,VEZF1,VPS16,VPS25,VPS26A,VPS26B,VPS29,VPS36,VPS37C,VPS51,VPS52,VTI1B,WAC,WASL,WBP4,WDR45B,WDR46,WDR55,WDR82,WDR83OS,WHAMM,WIPI2,WRNIP1,XPOT,YARS1,YIF1A,YIPF3,YKT6,YME1L1,YTHDC1,YTHDF1,YWHAB,YWHAE,YWHAQ,YY1,ZBTB17,ZC3H11A,ZC3H15,ZC3H18,ZC3H3,ZDHHC6,ZDHHC7,ZFP91,ZFPL1,ZFYVE21,ZMAT2,ZMIZ1,ZMPSTE24,ZMYND19,ZNF146,ZNF330,ZNF593,ZNF706,ZNF777,ZNF865,ZRANB1,ZRANB2,ZRSR2,ZYG11B
FOUNDER_NAMES	
